-- Start building task run all -- (780743609)
-- Start building task all -- (0)
-- Start building task kernel -- (1)
-- Enter folder esp/EFI/BOOT --
<0> Generating esp/EFI/BOOT/BOOTX64.EFI
<0> Running command: ""D:\\mingw64\\bin\\gcc.exe" -ffreestanding -fno-stack-protector -fno-short-enums -Wall -Wextra -O2 -Wl,--subsystem,10 -Wl,-e,efi_main -nostdlib -nostartfiles -I bootloader -o esp/EFI/BOOT/BOOTX64.EFI bootloader/bootx64.c"
-- Enter folder kernel/arch/x86_64 --
<1> Building kernel/arch/x86_64/interrupt.S
-- Enter folder kernel/lib/libc --
<2> Building kernel/lib/libc/vsprintf.c
<3> Building kernel/lib/libc/unistd.c
<1> Building kernel/lib/libc/time.c
bootloader/bootx64.c:158:15: warning: 'load_pe64' defined but not used [-Wunused-function]
  158 | static UINT64 load_pe64(void *buf, struct EFI_SYSTEM_TABLE *ST) {
      |               ^~~~~~~~~
bootloader/bootx64.c:30:13: warning: 'serial_puthex64' defined but not used [-Wunused-function]
   30 | static void serial_puthex64(UINT64 val) {
      |             ^~~~~~~~~~~~~~~
kernel/lib/libc/vsprintf.c: In function 'vsprintf':
kernel/lib/libc/vsprintf.c:27:35: warning: conversion from 'int' to 'char' may change value [-Wconversion]
   27 |                     buffer[i++] = '0' + (n % 10);
      |                                   ^~~
kernel/lib/libc/vsprintf.c:40:29: warning: operation on 'i' may be undefined [-Wsequence-point]
   40 |                     buffer[i++] = (digit < 10) ? ('0' + digit) : ((format[i] == 'X') ? ('A' + digit - 10) : ('a' + digit - 10));
      |                            ~^~
kernel/lib/libc/unistd.c: In function 'execve':
kernel/lib/libc/unistd.c:415:38: warning: cast from pointer to integer of different size [-Wpointer-to-int-cast]
  415 |     return (int)syscall3(SYS_execve, (long)filename, (long)argv, (long)envp);
      |                                      ^
kernel/lib/libc/unistd.c:415:54: warning: cast from pointer to integer of different size [-Wpointer-to-int-cast]
  415 |     return (int)syscall3(SYS_execve, (long)filename, (long)argv, (long)envp);
      |                                                      ^
kernel/lib/libc/unistd.c:415:66: warning: cast from pointer to integer of different size [-Wpointer-to-int-cast]
  415 |     return (int)syscall3(SYS_execve, (long)filename, (long)argv, (long)envp);
      |                                                                  ^
kernel/lib/libc/unistd.c: In function 'wait':
kernel/lib/libc/unistd.c:430:41: warning: cast from pointer to integer of different size [-Wpointer-to-int-cast]
  430 |     return (int)syscall4(SYS_wait4, -1, (long)status, 0, 0);
      |                                         ^
kernel/lib/libc/unistd.c: In function 'waitpid':
kernel/lib/libc/unistd.c:435:42: warning: cast from pointer to integer of different size [-Wpointer-to-int-cast]
  435 |     return (int)syscall4(SYS_wait4, pid, (long)status, options, 0);
      |                                          ^
kernel/lib/libc/unistd.c: In function 'pipe':
kernel/lib/libc/unistd.c:440:36: warning: cast from pointer to integer of different size [-Wpointer-to-int-cast]
  440 |     return (int)syscall1(SYS_pipe, (long)pipefd);
      |                                    ^
kernel/lib/libc/unistd.c: In function 'chdir':
kernel/lib/libc/unistd.c:455:37: warning: cast from pointer to integer of different size [-Wpointer-to-int-cast]
  455 |     return (int)syscall1(SYS_chdir, (long)path);
      |                                     ^
kernel/lib/libc/unistd.c: In function 'getcwd':
kernel/lib/libc/unistd.c:460:37: warning: cast from pointer to integer of different size [-Wpointer-to-int-cast]
  460 |     long ret = syscall2(SYS_getcwd, (long)buf, size);
      |                                     ^
kernel/lib/libc/unistd.c:460:48: warning: conversion from 'size_t' {aka 'long long unsigned int'} to 'long int' may change value [-Wconversion]
  460 |     long ret = syscall2(SYS_getcwd, (long)buf, size);
      |                                                ^~~~
kernel/lib/libc/unistd.c: In function 'read':
kernel/lib/libc/unistd.c:472:40: warning: cast from pointer to integer of different size [-Wpointer-to-int-cast]
  472 |     return (int)syscall3(SYS_read, fd, (long)buf, count);
      |                                        ^
kernel/lib/libc/unistd.c:472:51: warning: conversion from 'size_t' {aka 'long long unsigned int'} to 'long int' may change value [-Wconversion]
  472 |     return (int)syscall3(SYS_read, fd, (long)buf, count);
      |                                                   ^~~~~
kernel/lib/libc/unistd.c: In function 'write':
kernel/lib/libc/unistd.c:477:41: warning: cast from pointer to integer of different size [-Wpointer-to-int-cast]
  477 |     return (int)syscall3(SYS_write, fd, (long)buf, count);
      |                                         ^
kernel/lib/libc/unistd.c:477:52: warning: conversion from 'size_t' {aka 'long long unsigned int'} to 'long int' may change value [-Wconversion]
  477 |     return (int)syscall3(SYS_write, fd, (long)buf, count);
      |                                                    ^~~~~
kernel/lib/libc/unistd.c: In function 'open':
kernel/lib/libc/unistd.c:488:36: warning: cast from pointer to integer of different size [-Wpointer-to-int-cast]
  488 |     return (int)syscall3(SYS_open, (long)pathname, flags, mode);
      |                                    ^
kernel/lib/libc/unistd.c:488:59: warning: conversion from 'mode_t' {aka 'long long unsigned int'} to 'long int' may change value [-Wconversion]
  488 |     return (int)syscall3(SYS_open, (long)pathname, flags, mode);
      |                                                           ^~~~
kernel/lib/libc/unistd.c: In function 'creat':
kernel/lib/libc/unistd.c:493:37: warning: cast from pointer to integer of different size [-Wpointer-to-int-cast]
  493 |     return (int)syscall2(SYS_creat, (long)pathname, mode);
      |                                     ^
kernel/lib/libc/unistd.c:493:53: warning: conversion from 'mode_t' {aka 'long long unsigned int'} to 'long int' may change value [-Wconversion]
  493 |     return (int)syscall2(SYS_creat, (long)pathname, mode);
      |                                                     ^~~~
kernel/lib/libc/unistd.c: In function 'lseek':
kernel/lib/libc/unistd.c:498:36: warning: conversion from 'off_t' {aka 'long long int'} to 'long int' may change value [-Wconversion]
  498 |     return syscall3(SYS_lseek, fd, offset, whence);
      |                                    ^~~~~~
kernel/lib/libc/unistd.c: In function 'sleep':
kernel/lib/libc/unistd.c:507:36: warning: cast from pointer to integer of different size [-Wpointer-to-int-cast]
  507 |     while (syscall2(SYS_nanosleep, (long)&req, (long)&rem) < 0) {
      |                                    ^
kernel/lib/libc/unistd.c:507:48: warning: cast from pointer to integer of different size [-Wpointer-to-int-cast]
  507 |     while (syscall2(SYS_nanosleep, (long)&req, (long)&rem) < 0) {
      |                                                ^
kernel/lib/libc/unistd.c: In function 'unlink':
kernel/lib/libc/unistd.c:517:38: warning: cast from pointer to integer of different size [-Wpointer-to-int-cast]
  517 |     return (int)syscall1(SYS_unlink, (long)pathname);
      |                                      ^
kernel/lib/libc/unistd.c: In function 'rename':
kernel/lib/libc/unistd.c:522:38: warning: cast from pointer to integer of different size [-Wpointer-to-int-cast]
  522 |     return (int)syscall2(SYS_rename, (long)oldpath, (long)newpath);
      |                                      ^
kernel/lib/libc/unistd.c:522:53: warning: cast from pointer to integer of different size [-Wpointer-to-int-cast]
  522 |     return (int)syscall2(SYS_rename, (long)oldpath, (long)newpath);
      |                                                     ^
kernel/lib/libc/unistd.c: In function 'mkdir':
kernel/lib/libc/unistd.c:527:37: warning: cast from pointer to integer of different size [-Wpointer-to-int-cast]
  527 |     return (int)syscall2(SYS_mkdir, (long)pathname, mode);
      |                                     ^
kernel/lib/libc/unistd.c:527:53: warning: conversion from 'mode_t' {aka 'long long unsigned int'} to 'long int' may change value [-Wconversion]
  527 |     return (int)syscall2(SYS_mkdir, (long)pathname, mode);
      |                                                     ^~~~
kernel/lib/libc/unistd.c: In function 'rmdir':
kernel/lib/libc/unistd.c:532:37: warning: cast from pointer to integer of different size [-Wpointer-to-int-cast]
  532 |     return (int)syscall1(SYS_rmdir, (long)pathname);
      |                                     ^
kernel/lib/libc/unistd.c: In function 'chmod':
kernel/lib/libc/unistd.c:537:37: warning: cast from pointer to integer of different size [-Wpointer-to-int-cast]
  537 |     return (int)syscall2(SYS_chmod, (long)pathname, mode);
      |                                     ^
kernel/lib/libc/unistd.c:537:53: warning: conversion from 'mode_t' {aka 'long long unsigned int'} to 'long int' may change value [-Wconversion]
  537 |     return (int)syscall2(SYS_chmod, (long)pathname, mode);
      |                                                     ^~~~
kernel/lib/libc/unistd.c: In function 'chown':
kernel/lib/libc/unistd.c:542:37: warning: cast from pointer to integer of different size [-Wpointer-to-int-cast]
  542 |     return (int)syscall3(SYS_chown, (long)pathname, owner, group);
      |                                     ^
kernel/lib/libc/time.c: In function 'bcd_to_bin':
kernel/lib/libc/time.c:34:30: warning: conversion from 'int' to 'uint8_t' {aka 'unsigned char'} may change value [-Wconversion]
   34 |     return ((bcd >> 4) * 10) + (bcd & 0x0F);
      |            ~~~~~~~~~~~~~~~~~~^~~~~~~~~~~~~~
kernel/lib/libc/time.c: In function 'rtc_to_tm':
kernel/lib/libc/time.c:107:16: warning: conversion from 'int' to 'uint8_t' {aka 'unsigned char'} may change value [-Wconversion]
  107 |         hour = ((hour & 0x7F) % 12) + 12;
      |                ^
kernel/lib/libc/time.c: In function 'asctime':
kernel/lib/libc/time.c:229:13: warning: conversion from 'int' to 'char' may change value [-Wconversion]
  229 |     p[8]  = '0' + (tm->tm_mday / 10);
      |             ^~~
kernel/lib/libc/time.c:230:13: warning: conversion from 'int' to 'char' may change value [-Wconversion]
  230 |     p[9]  = '0' + (tm->tm_mday % 10);
      |             ^~~
kernel/lib/libc/time.c:232:13: warning: conversion from 'int' to 'char' may change value [-Wconversion]
  232 |     p[11] = '0' + (tm->tm_hour / 10);
      |             ^~~
kernel/lib/libc/time.c:233:13: warning: conversion from 'int' to 'char' may change value [-Wconversion]
  233 |     p[12] = '0' + (tm->tm_hour % 10);
      |             ^~~
kernel/lib/libc/time.c:235:13: warning: conversion from 'int' to 'char' may change value [-Wconversion]
  235 |     p[14] = '0' + (tm->tm_min / 10);
      |             ^~~
kernel/lib/libc/time.c:236:13: warning: conversion from 'int' to 'char' may change value [-Wconversion]
  236 |     p[15] = '0' + (tm->tm_min % 10);
      |             ^~~
kernel/lib/libc/time.c:238:13: warning: conversion from 'int' to 'char' may change value [-Wconversion]
  238 |     p[17] = '0' + (tm->tm_sec / 10);
      |             ^~~
kernel/lib/libc/time.c:239:13: warning: conversion from 'int' to 'char' may change value [-Wconversion]
  239 |     p[18] = '0' + (tm->tm_sec % 10);
      |             ^~~
kernel/lib/libc/time.c:242:13: warning: conversion from 'int' to 'char' may change value [-Wconversion]
  242 |     p[20] = '0' + (yr / 1000);
      |             ^~~
kernel/lib/libc/time.c:243:13: warning: conversion from 'int' to 'char' may change value [-Wconversion]
  243 |     p[21] = '0' + ((yr / 100) % 10);
      |             ^~~
kernel/lib/libc/time.c:244:13: warning: conversion from 'int' to 'char' may change value [-Wconversion]
  244 |     p[22] = '0' + ((yr / 10) % 10);
      |             ^~~
kernel/lib/libc/time.c:245:13: warning: conversion from 'int' to 'char' may change value [-Wconversion]
  245 |     p[23] = '0' + (yr % 10);
      |             ^~~
kernel/lib/libc/time.c: In function 'strftime':
kernel/lib/libc/time.c:296:26: warning: conversion from 'int' to 'char' may change value [-Wconversion]
  296 |                 tmp[0] = '0' + (tm->tm_mday / 10);
      |                          ^~~
kernel/lib/libc/time.c:297:26: warning: conversion from 'int' to 'char' may change value [-Wconversion]
  297 |                 tmp[1] = '0' + (tm->tm_mday % 10);
      |                          ^~~
kernel/lib/libc/time.c:301:26: warning: conversion from 'int' to 'char' may change value [-Wconversion]
  301 |                 tmp[0] = '0' + (tm->tm_hour / 10);
      |                          ^~~
kernel/lib/libc/time.c:302:26: warning: conversion from 'int' to 'char' may change value [-Wconversion]
  302 |                 tmp[1] = '0' + (tm->tm_hour % 10);
      |                          ^~~
kernel/lib/libc/time.c:306:26: warning: conversion from 'int' to 'char' may change value [-Wconversion]
  306 |                 tmp[0] = '0' + (tm->tm_min / 10);
      |                          ^~~
kernel/lib/libc/time.c:307:26: warning: conversion from 'int' to 'char' may change value [-Wconversion]
  307 |                 tmp[1] = '0' + (tm->tm_min % 10);
      |                          ^~~
kernel/lib/libc/time.c:311:26: warning: conversion from 'int' to 'char' may change value [-Wconversion]
  311 |                 tmp[0] = '0' + ((tm->tm_mon + 1) / 10);
      |                          ^~~
kernel/lib/libc/time.c:312:26: warning: conversion from 'int' to 'char' may change value [-Wconversion]
  312 |                 tmp[1] = '0' + ((tm->tm_mon + 1) % 10);
      |                          ^~~
kernel/lib/libc/time.c:316:26: warning: conversion from 'int' to 'char' may change value [-Wconversion]
  316 |                 tmp[0] = '0' + (tm->tm_sec / 10);
      |                          ^~~
kernel/lib/libc/time.c:317:26: warning: conversion from 'int' to 'char' may change value [-Wconversion]
  317 |                 tmp[1] = '0' + (tm->tm_sec % 10);
      |                          ^~~
kernel/lib/libc/time.c:323:30: warning: conversion from 'int' to 'char' may change value [-Wconversion]
  323 |                     tmp[0] = '0' + (yr / 1000);
      |                              ^~~
kernel/lib/libc/time.c:324:30: warning: conversion from 'int' to 'char' may change value [-Wconversion]
  324 |                     tmp[1] = '0' + ((yr / 100) % 10);
      |                              ^~~
kernel/lib/libc/time.c:325:30: warning: conversion from 'int' to 'char' may change value [-Wconversion]
  325 |                     tmp[2] = '0' + ((yr / 10) % 10);
      |                              ^~~
kernel/lib/libc/time.c:326:30: warning: conversion from 'int' to 'char' may change value [-Wconversion]
  326 |                     tmp[3] = '0' + (yr % 10);
      |                              ^~~
<2> Building kernel/lib/libc/string.c
<0> Building kernel/lib/libc/stdlib.c
<3> Building kernel/lib/libc/stdio.c
In file included from kernel/lib/libc/stdlib.c:3:
include/kapi_syscall.h: In function 'sys_read':
include/kapi_syscall.h:494:38: warning: cast from pointer to integer of different size [-Wpointer-to-int-cast]
  494 | { return kapi_syscall3(SYS_read, fd, (long)buf, count); }
      |                                      ^
include/kapi_syscall.h:494:49: warning: conversion from 'size_t' {aka 'long long unsigned int'} to 'long int' may change value [-Wconversion]
  494 | { return kapi_syscall3(SYS_read, fd, (long)buf, count); }
      |                                                 ^~~~~
include/kapi_syscall.h: In function 'sys_write':
include/kapi_syscall.h:497:39: warning: cast from pointer to integer of different size [-Wpointer-to-int-cast]
  497 | { return kapi_syscall3(SYS_write, fd, (long)buf, count); }
      |                                       ^
include/kapi_syscall.h:497:50: warning: conversion from 'size_t' {aka 'long long unsigned int'} to 'long int' may change value [-Wconversion]
  497 | { return kapi_syscall3(SYS_write, fd, (long)buf, count); }
      |                                                  ^~~~~
include/kapi_syscall.h: In function 'sys_open':
include/kapi_syscall.h:500:34: warning: cast from pointer to integer of different size [-Wpointer-to-int-cast]
  500 | { return kapi_syscall3(SYS_open, (long)pathname, flags, mode); }
      |                                  ^
include/kapi_syscall.h: In function 'sys_mmap':
include/kapi_syscall.h:509:34: warning: cast from pointer to integer of different size [-Wpointer-to-int-cast]
  509 | { return kapi_syscall6(SYS_mmap, (long)addr, length, prot, flags, fd, offset); }
      |                                  ^
include/kapi_syscall.h:509:46: warning: conversion from 'size_t' {aka 'long long unsigned int'} to 'long int' may change value [-Wconversion]
  509 | { return kapi_syscall6(SYS_mmap, (long)addr, length, prot, flags, fd, offset); }
      |                                              ^~~~~~
include/kapi_syscall.h: In function 'sys_munmap':
include/kapi_syscall.h:512:36: warning: cast from pointer to integer of different size [-Wpointer-to-int-cast]
  512 | { return kapi_syscall2(SYS_munmap, (long)addr, length); }
      |                                    ^
include/kapi_syscall.h:512:48: warning: conversion from 'size_t' {aka 'long long unsigned int'} to 'long int' may change value [-Wconversion]
  512 | { return kapi_syscall2(SYS_munmap, (long)addr, length); }
      |                                                ^~~~~~
include/kapi_syscall.h: In function 'sys_mprotect':
include/kapi_syscall.h:515:38: warning: cast from pointer to integer of different size [-Wpointer-to-int-cast]
  515 | { return kapi_syscall3(SYS_mprotect, (long)addr, len, prot); }
      |                                      ^
include/kapi_syscall.h:515:50: warning: conversion from 'size_t' {aka 'long long unsigned int'} to 'long int' may change value [-Wconversion]
  515 | { return kapi_syscall3(SYS_mprotect, (long)addr, len, prot); }
      |                                                  ^~~
include/kapi_syscall.h: In function 'sys_brk':
include/kapi_syscall.h:518:33: warning: cast from pointer to integer of different size [-Wpointer-to-int-cast]
  518 | { return kapi_syscall1(SYS_brk, (long)addr); }
      |                                 ^
include/kapi_syscall.h: In function 'sys_clone':
include/kapi_syscall.h:527:42: warning: cast from pointer to integer of different size [-Wpointer-to-int-cast]
  527 | { return kapi_syscall5(SYS_clone, flags, (long)stack, (long)ptid, (long)ctid, tls); }
      |                                          ^
include/kapi_syscall.h:527:55: warning: cast from pointer to integer of different size [-Wpointer-to-int-cast]
  527 | { return kapi_syscall5(SYS_clone, flags, (long)stack, (long)ptid, (long)ctid, tls); }
      |                                                       ^
include/kapi_syscall.h:527:67: warning: cast from pointer to integer of different size [-Wpointer-to-int-cast]
  527 | { return kapi_syscall5(SYS_clone, flags, (long)stack, (long)ptid, (long)ctid, tls); }
      |                                                                   ^
include/kapi_syscall.h:527:35: warning: conversion to 'long int' from 'long unsigned int' may change the sign of the result [-Wsign-conversion]
  527 | { return kapi_syscall5(SYS_clone, flags, (long)stack, (long)ptid, (long)ctid, tls); }
      |                                   ^~~~~
include/kapi_syscall.h:527:79: warning: conversion to 'long int' from 'long unsigned int' may change the sign of the result [-Wsign-conversion]
  527 | { return kapi_syscall5(SYS_clone, flags, (long)stack, (long)ptid, (long)ctid, tls); }
      |                                                                               ^~~
include/kapi_syscall.h: In function 'sys_execve':
include/kapi_syscall.h:530:36: warning: cast from pointer to integer of different size [-Wpointer-to-int-cast]
  530 | { return kapi_syscall3(SYS_execve, (long)filename, (long)argv, (long)envp); }
      |                                    ^
include/kapi_syscall.h:530:52: warning: cast from pointer to integer of different size [-Wpointer-to-int-cast]
  530 | { return kapi_syscall3(SYS_execve, (long)filename, (long)argv, (long)envp); }
      |                                                    ^
include/kapi_syscall.h:530:64: warning: cast from pointer to integer of different size [-Wpointer-to-int-cast]
  530 | { return kapi_syscall3(SYS_execve, (long)filename, (long)argv, (long)envp); }
      |                                                                ^
include/kapi_syscall.h: In function 'sys_wait4':
include/kapi_syscall.h:539:40: warning: cast from pointer to integer of different size [-Wpointer-to-int-cast]
  539 | { return kapi_syscall4(SYS_wait4, pid, (long)wstatus, options, (long)rusage); }
      |                                        ^
include/kapi_syscall.h:539:64: warning: cast from pointer to integer of different size [-Wpointer-to-int-cast]
  539 | { return kapi_syscall4(SYS_wait4, pid, (long)wstatus, options, (long)rusage); }
      |                                                                ^
include/kapi_syscall.h: In function 'sys_stat':
include/kapi_syscall.h:554:34: warning: cast from pointer to integer of different size [-Wpointer-to-int-cast]
  554 | { return kapi_syscall2(SYS_stat, (long)pathname, (long)statbuf); }
      |                                  ^
include/kapi_syscall.h:554:50: warning: cast from pointer to integer of different size [-Wpointer-to-int-cast]
  554 | { return kapi_syscall2(SYS_stat, (long)pathname, (long)statbuf); }
      |                                                  ^
include/kapi_syscall.h: In function 'sys_fstat':
include/kapi_syscall.h:557:39: warning: cast from pointer to integer of different size [-Wpointer-to-int-cast]
  557 | { return kapi_syscall2(SYS_fstat, fd, (long)statbuf); }
      |                                       ^
include/kapi_syscall.h: In function 'sys_lstat':
include/kapi_syscall.h:560:35: warning: cast from pointer to integer of different size [-Wpointer-to-int-cast]
  560 | { return kapi_syscall2(SYS_lstat, (long)pathname, (long)statbuf); }
      |                                   ^
include/kapi_syscall.h:560:51: warning: cast from pointer to integer of different size [-Wpointer-to-int-cast]
  560 | { return kapi_syscall2(SYS_lstat, (long)pathname, (long)statbuf); }
      |                                                   ^
include/kapi_syscall.h: In function 'sys_access':
include/kapi_syscall.h:563:36: warning: cast from pointer to integer of different size [-Wpointer-to-int-cast]
  563 | { return kapi_syscall2(SYS_access, (long)pathname, mode); }
      |                                    ^
include/kapi_syscall.h: In function 'sys_chdir':
include/kapi_syscall.h:566:35: warning: cast from pointer to integer of different size [-Wpointer-to-int-cast]
  566 | { return kapi_syscall1(SYS_chdir, (long)path); }
      |                                   ^
include/kapi_syscall.h: In function 'sys_getcwd':
include/kapi_syscall.h:569:36: warning: cast from pointer to integer of different size [-Wpointer-to-int-cast]
  569 | { return kapi_syscall2(SYS_getcwd, (long)buf, size); }
      |                                    ^
include/kapi_syscall.h:569:47: warning: conversion from 'size_t' {aka 'long long unsigned int'} to 'long int' may change value [-Wconversion]
  569 | { return kapi_syscall2(SYS_getcwd, (long)buf, size); }
      |                                               ^~~~
include/kapi_syscall.h: In function 'sys_mkdir':
include/kapi_syscall.h:572:35: warning: cast from pointer to integer of different size [-Wpointer-to-int-cast]
  572 | { return kapi_syscall2(SYS_mkdir, (long)pathname, mode); }
      |                                   ^
include/kapi_syscall.h: In function 'sys_rmdir':
include/kapi_syscall.h:575:35: warning: cast from pointer to integer of different size [-Wpointer-to-int-cast]
  575 | { return kapi_syscall1(SYS_rmdir, (long)pathname); }
      |                                   ^
include/kapi_syscall.h: In function 'sys_unlink':
include/kapi_syscall.h:578:36: warning: cast from pointer to integer of different size [-Wpointer-to-int-cast]
  578 | { return kapi_syscall1(SYS_unlink, (long)pathname); }
      |                                    ^
include/kapi_syscall.h: In function 'sys_rename':
include/kapi_syscall.h:581:36: warning: cast from pointer to integer of different size [-Wpointer-to-int-cast]
  581 | { return kapi_syscall2(SYS_rename, (long)oldpath, (long)newpath); }
      |                                    ^
include/kapi_syscall.h:581:51: warning: cast from pointer to integer of different size [-Wpointer-to-int-cast]
  581 | { return kapi_syscall2(SYS_rename, (long)oldpath, (long)newpath); }
      |                                                   ^
include/kapi_syscall.h: In function 'sys_creat':
include/kapi_syscall.h:584:35: warning: cast from pointer to integer of different size [-Wpointer-to-int-cast]
  584 | { return kapi_syscall2(SYS_creat, (long)pathname, mode); }
      |                                   ^
include/kapi_syscall.h: In function 'sys_link':
include/kapi_syscall.h:587:34: warning: cast from pointer to integer of different size [-Wpointer-to-int-cast]
  587 | { return kapi_syscall2(SYS_link, (long)oldpath, (long)newpath); }
      |                                  ^
include/kapi_syscall.h:587:49: warning: cast from pointer to integer of different size [-Wpointer-to-int-cast]
  587 | { return kapi_syscall2(SYS_link, (long)oldpath, (long)newpath); }
      |                                                 ^
include/kapi_syscall.h: In function 'sys_symlink':
include/kapi_syscall.h:590:37: warning: cast from pointer to integer of different size [-Wpointer-to-int-cast]
  590 | { return kapi_syscall2(SYS_symlink, (long)target, (long)linkpath); }
      |                                     ^
include/kapi_syscall.h:590:51: warning: cast from pointer to integer of different size [-Wpointer-to-int-cast]
  590 | { return kapi_syscall2(SYS_symlink, (long)target, (long)linkpath); }
      |                                                   ^
include/kapi_syscall.h: In function 'sys_readlink':
include/kapi_syscall.h:593:38: warning: cast from pointer to integer of different size [-Wpointer-to-int-cast]
  593 | { return kapi_syscall3(SYS_readlink, (long)pathname, (long)buf, bufsiz); }
      |                                      ^
include/kapi_syscall.h:593:54: warning: cast from pointer to integer of different size [-Wpointer-to-int-cast]
  593 | { return kapi_syscall3(SYS_readlink, (long)pathname, (long)buf, bufsiz); }
      |                                                      ^
include/kapi_syscall.h:593:65: warning: conversion from 'size_t' {aka 'long long unsigned int'} to 'long int' may change value [-Wconversion]
  593 | { return kapi_syscall3(SYS_readlink, (long)pathname, (long)buf, bufsiz); }
      |                                                                 ^~~~~~
include/kapi_syscall.h: In function 'sys_chmod':
include/kapi_syscall.h:596:35: warning: cast from pointer to integer of different size [-Wpointer-to-int-cast]
  596 | { return kapi_syscall2(SYS_chmod, (long)pathname, mode); }
      |                                   ^
include/kapi_syscall.h: In function 'sys_chown':
include/kapi_syscall.h:599:35: warning: cast from pointer to integer of different size [-Wpointer-to-int-cast]
  599 | { return kapi_syscall3(SYS_chown, (long)pathname, owner, group); }
      |                                   ^
include/kapi_syscall.h: In function 'sys_truncate':
include/kapi_syscall.h:602:38: warning: cast from pointer to integer of different size [-Wpointer-to-int-cast]
  602 | { return kapi_syscall2(SYS_truncate, (long)path, length); }
      |                                      ^
include/kapi_syscall.h: In function 'sys_pipe':
include/kapi_syscall.h:626:34: warning: cast from pointer to integer of different size [-Wpointer-to-int-cast]
  626 | { return kapi_syscall1(SYS_pipe, (long)pipefd); }
      |                                  ^
include/kapi_syscall.h: In function 'sys_pipe2':
include/kapi_syscall.h:629:35: warning: cast from pointer to integer of different size [-Wpointer-to-int-cast]
  629 | { return kapi_syscall2(SYS_pipe2, (long)pipefd, flags); }
      |                                   ^
include/kapi_syscall.h: In function 'sys_mount':
include/kapi_syscall.h:634:35: warning: cast from pointer to integer of different size [-Wpointer-to-int-cast]
  634 | { return kapi_syscall5(SYS_mount, (long)source, (long)target, (long)filesystemtype, mountflags, (long)data); }
      |                                   ^
include/kapi_syscall.h:634:49: warning: cast from pointer to integer of different size [-Wpointer-to-int-cast]
  634 | { return kapi_syscall5(SYS_mount, (long)source, (long)target, (long)filesystemtype, mountflags, (long)data); }
      |                                                 ^
include/kapi_syscall.h:634:63: warning: cast from pointer to integer of different size [-Wpointer-to-int-cast]
  634 | { return kapi_syscall5(SYS_mount, (long)source, (long)target, (long)filesystemtype, mountflags, (long)data); }
      |                                                               ^
include/kapi_syscall.h:634:97: warning: cast from pointer to integer of different size [-Wpointer-to-int-cast]
  634 | { return kapi_syscall5(SYS_mount, (long)source, (long)target, (long)filesystemtype, mountflags, (long)data); }
      |                                                                                                 ^
include/kapi_syscall.h:634:85: warning: conversion to 'long int' from 'long unsigned int' may change the sign of the result [-Wsign-conversion]
  634 | { return kapi_syscall5(SYS_mount, (long)source, (long)target, (long)filesystemtype, mountflags, (long)data); }
      |                                                                                     ^~~~~~~~~~
include/kapi_syscall.h: In function 'sys_umount2':
include/kapi_syscall.h:637:37: warning: cast from pointer to integer of different size [-Wpointer-to-int-cast]
  637 | { return kapi_syscall2(SYS_umount2, (long)target, flags); }
      |                                     ^
include/kapi_syscall.h: In function 'sys_swapon':
include/kapi_syscall.h:640:36: warning: cast from pointer to integer of different size [-Wpointer-to-int-cast]
  640 | { return kapi_syscall2(SYS_swapon, (long)path, swapflags); }
      |                                    ^
include/kapi_syscall.h: In function 'sys_swapoff':
include/kapi_syscall.h:643:37: warning: cast from pointer to integer of different size [-Wpointer-to-int-cast]
  643 | { return kapi_syscall1(SYS_swapoff, (long)path); }
      |                                     ^
include/kapi_syscall.h: In function 'sys_nanosleep':
include/kapi_syscall.h:646:39: warning: cast from pointer to integer of different size [-Wpointer-to-int-cast]
  646 | { return kapi_syscall2(SYS_nanosleep, (long)req, (long)rem); }
      |                                       ^
include/kapi_syscall.h:646:50: warning: cast from pointer to integer of different size [-Wpointer-to-int-cast]
  646 | { return kapi_syscall2(SYS_nanosleep, (long)req, (long)rem); }
      |                                                  ^
include/kapi_syscall.h: In function 'sys_gettimeofday':
include/kapi_syscall.h:649:42: warning: cast from pointer to integer of different size [-Wpointer-to-int-cast]
  649 | { return kapi_syscall2(SYS_gettimeofday, (long)tv, (long)tz); }
      |                                          ^
include/kapi_syscall.h:649:52: warning: cast from pointer to integer of different size [-Wpointer-to-int-cast]
  649 | { return kapi_syscall2(SYS_gettimeofday, (long)tv, (long)tz); }
      |                                                    ^
include/kapi_syscall.h: In function 'sys_settimeofday':
include/kapi_syscall.h:652:42: warning: cast from pointer to integer of different size [-Wpointer-to-int-cast]
  652 | { return kapi_syscall2(SYS_settimeofday, (long)tv, (long)tz); }
      |                                          ^
include/kapi_syscall.h:652:52: warning: cast from pointer to integer of different size [-Wpointer-to-int-cast]
  652 | { return kapi_syscall2(SYS_settimeofday, (long)tv, (long)tz); }
      |                                                    ^
include/kapi_syscall.h: In function 'sys_time':
include/kapi_syscall.h:655:34: warning: cast from pointer to integer of different size [-Wpointer-to-int-cast]
  655 | { return kapi_syscall1(SYS_time, (long)tloc); }
      |                                  ^
include/kapi_syscall.h: In function 'sys_clock_gettime':
include/kapi_syscall.h:658:51: warning: cast from pointer to integer of different size [-Wpointer-to-int-cast]
  658 | { return kapi_syscall2(SYS_clock_gettime, clk_id, (long)tp); }
      |                                                   ^
include/kapi_syscall.h: In function 'sys_clock_settime':
include/kapi_syscall.h:661:51: warning: cast from pointer to integer of different size [-Wpointer-to-int-cast]
  661 | { return kapi_syscall2(SYS_clock_settime, clk_id, (long)tp); }
      |                                                   ^
include/kapi_syscall.h: In function 'sys_clock_nanosleep':
include/kapi_syscall.h:664:60: warning: cast from pointer to integer of different size [-Wpointer-to-int-cast]
  664 | { return kapi_syscall4(SYS_clock_nanosleep, clk_id, flags, (long)req, (long)rem); }
      |                                                            ^
include/kapi_syscall.h:664:71: warning: cast from pointer to integer of different size [-Wpointer-to-int-cast]
  664 | { return kapi_syscall4(SYS_clock_nanosleep, clk_id, flags, (long)req, (long)rem); }
      |                                                                       ^
include/kapi_syscall.h: In function 'sys_rt_sigaction':
include/kapi_syscall.h:667:47: warning: cast from pointer to integer of different size [-Wpointer-to-int-cast]
  667 | { return kapi_syscall4(SYS_rt_sigaction, sig, (long)act, (long)oact, sigsetsize); }
      |                                               ^
include/kapi_syscall.h:667:58: warning: cast from pointer to integer of different size [-Wpointer-to-int-cast]
  667 | { return kapi_syscall4(SYS_rt_sigaction, sig, (long)act, (long)oact, sigsetsize); }
      |                                                          ^
include/kapi_syscall.h:667:70: warning: conversion from 'size_t' {aka 'long long unsigned int'} to 'long int' may change value [-Wconversion]
  667 | { return kapi_syscall4(SYS_rt_sigaction, sig, (long)act, (long)oact, sigsetsize); }
      |                                                                      ^~~~~~~~~~
include/kapi_syscall.h: In function 'sys_rt_sigprocmask':
include/kapi_syscall.h:670:49: warning: cast from pointer to integer of different size [-Wpointer-to-int-cast]
  670 | { return kapi_syscall4(SYS_rt_sigprocmask, how, (long)set, (long)oldset, sigsetsize); }
      |                                                 ^
include/kapi_syscall.h:670:60: warning: cast from pointer to integer of different size [-Wpointer-to-int-cast]
  670 | { return kapi_syscall4(SYS_rt_sigprocmask, how, (long)set, (long)oldset, sigsetsize); }
      |                                                            ^
include/kapi_syscall.h:670:74: warning: conversion from 'size_t' {aka 'long long unsigned int'} to 'long int' may change value [-Wconversion]
  670 | { return kapi_syscall4(SYS_rt_sigprocmask, how, (long)set, (long)oldset, sigsetsize); }
      |                                                                          ^~~~~~~~~~
include/kapi_syscall.h: In function 'sys_ioctl':
include/kapi_syscall.h:679:39: warning: conversion to 'long int' from 'long unsigned int' may change the sign of the result [-Wsign-conversion]
  679 | { return kapi_syscall3(SYS_ioctl, fd, request, arg); }
      |                                       ^~~~~~~
include/kapi_syscall.h: In function 'sys_pread64':
include/kapi_syscall.h:682:41: warning: cast from pointer to integer of different size [-Wpointer-to-int-cast]
  682 | { return kapi_syscall4(SYS_pread64, fd, (long)buf, count, offset); }
      |                                         ^
include/kapi_syscall.h:682:52: warning: conversion from 'size_t' {aka 'long long unsigned int'} to 'long int' may change value [-Wconversion]
  682 | { return kapi_syscall4(SYS_pread64, fd, (long)buf, count, offset); }
      |                                                    ^~~~~
include/kapi_syscall.h: In function 'sys_pwrite64':
include/kapi_syscall.h:685:42: warning: cast from pointer to integer of different size [-Wpointer-to-int-cast]
  685 | { return kapi_syscall4(SYS_pwrite64, fd, (long)buf, count, offset); }
      |                                          ^
include/kapi_syscall.h:685:53: warning: conversion from 'size_t' {aka 'long long unsigned int'} to 'long int' may change value [-Wconversion]
  685 | { return kapi_syscall4(SYS_pwrite64, fd, (long)buf, count, offset); }
      |                                                     ^~~~~
include/kapi_syscall.h: In function 'sys_readv':
include/kapi_syscall.h:688:39: warning: cast from pointer to integer of different size [-Wpointer-to-int-cast]
  688 | { return kapi_syscall3(SYS_readv, fd, (long)iov, iovcnt); }
      |                                       ^
include/kapi_syscall.h: In function 'sys_writev':
include/kapi_syscall.h:691:40: warning: cast from pointer to integer of different size [-Wpointer-to-int-cast]
  691 | { return kapi_syscall3(SYS_writev, fd, (long)iov, iovcnt); }
      |                                        ^
include/kapi_syscall.h: In function 'sys_getdents':
include/kapi_syscall.h:694:42: warning: cast from pointer to integer of different size [-Wpointer-to-int-cast]
  694 | { return kapi_syscall3(SYS_getdents, fd, (long)dirp, count); }
      |                                          ^
include/kapi_syscall.h:694:54: warning: conversion to 'long int' from 'unsigned int' may change the sign of the result [-Wsign-conversion]
  694 | { return kapi_syscall3(SYS_getdents, fd, (long)dirp, count); }
      |                                                      ^~~~~
include/kapi_syscall.h: In function 'sys_getdents64':
include/kapi_syscall.h:697:44: warning: cast from pointer to integer of different size [-Wpointer-to-int-cast]
  697 | { return kapi_syscall3(SYS_getdents64, fd, (long)dirp, count); }
      |                                            ^
include/kapi_syscall.h:697:56: warning: conversion to 'long int' from 'unsigned int' may change the sign of the result [-Wsign-conversion]
  697 | { return kapi_syscall3(SYS_getdents64, fd, (long)dirp, count); }
      |                                                        ^~~~~
include/kapi_syscall.h: In function 'sys_getgroups':
include/kapi_syscall.h:718:45: warning: cast from pointer to integer of different size [-Wpointer-to-int-cast]
  718 | { return kapi_syscall2(SYS_getgroups, size, (long)list); }
      |                                             ^
include/kapi_syscall.h: In function 'sys_setgroups':
include/kapi_syscall.h:721:45: warning: cast from pointer to integer of different size [-Wpointer-to-int-cast]
  721 | { return kapi_syscall2(SYS_setgroups, size, (long)list); }
      |                                             ^
include/kapi_syscall.h: In function 'sys_uname':
include/kapi_syscall.h:724:35: warning: cast from pointer to integer of different size [-Wpointer-to-int-cast]
  724 | { return kapi_syscall1(SYS_uname, (long)buf); }
      |                                   ^
include/kapi_syscall.h: In function 'sys_sysinfo':
include/kapi_syscall.h:727:37: warning: cast from pointer to integer of different size [-Wpointer-to-int-cast]
  727 | { return kapi_syscall1(SYS_sysinfo, (long)info); }
      |                                     ^
include/kapi_syscall.h: In function 'sys_getrlimit':
include/kapi_syscall.h:730:49: warning: cast from pointer to integer of different size [-Wpointer-to-int-cast]
  730 | { return kapi_syscall2(SYS_getrlimit, resource, (long)rlim); }
      |                                                 ^
include/kapi_syscall.h: In function 'sys_setrlimit':
include/kapi_syscall.h:733:49: warning: cast from pointer to integer of different size [-Wpointer-to-int-cast]
  733 | { return kapi_syscall2(SYS_setrlimit, resource, (long)rlim); }
      |                                                 ^
include/kapi_syscall.h: In function 'sys_getrusage':
include/kapi_syscall.h:736:44: warning: cast from pointer to integer of different size [-Wpointer-to-int-cast]
  736 | { return kapi_syscall2(SYS_getrusage, who, (long)usage); }
      |                                            ^
include/kapi_syscall.h: In function 'sys_times':
include/kapi_syscall.h:739:35: warning: cast from pointer to integer of different size [-Wpointer-to-int-cast]
  739 | { return kapi_syscall1(SYS_times, (long)tbuf); }
      |                                   ^
include/kapi_syscall.h: In function 'sys_reboot':
include/kapi_syscall.h:754:57: warning: cast from pointer to integer of different size [-Wpointer-to-int-cast]
  754 | { return kapi_syscall4(SYS_reboot, magic1, magic2, cmd, (long)arg); }
      |                                                         ^
include/kapi_syscall.h: In function 'sys_chroot':
include/kapi_syscall.h:757:36: warning: cast from pointer to integer of different size [-Wpointer-to-int-cast]
  757 | { return kapi_syscall1(SYS_chroot, (long)path); }
      |                                    ^
include/kapi_syscall.h: In function 'sys_sethostname':
include/kapi_syscall.h:760:41: warning: cast from pointer to integer of different size [-Wpointer-to-int-cast]
  760 | { return kapi_syscall2(SYS_sethostname, (long)name, len); }
      |                                         ^
include/kapi_syscall.h: In function 'sys_setdomainname':
include/kapi_syscall.h:763:43: warning: cast from pointer to integer of different size [-Wpointer-to-int-cast]
  763 | { return kapi_syscall2(SYS_setdomainname, (long)name, len); }
      |                                           ^
include/kapi_syscall.h: In function 'sys_init_module':
include/kapi_syscall.h:766:41: warning: cast from pointer to integer of different size [-Wpointer-to-int-cast]
  766 | { return kapi_syscall3(SYS_init_module, (long)module_image, len, (long)param_values); }
      |                                         ^
include/kapi_syscall.h:766:66: warning: cast from pointer to integer of different size [-Wpointer-to-int-cast]
  766 | { return kapi_syscall3(SYS_init_module, (long)module_image, len, (long)param_values); }
      |                                                                  ^
include/kapi_syscall.h:766:61: warning: conversion to 'long int' from 'long unsigned int' may change the sign of the result [-Wsign-conversion]
  766 | { return kapi_syscall3(SYS_init_module, (long)module_image, len, (long)param_values); }
      |                                                             ^~~
include/kapi_syscall.h: In function 'sys_delete_module':
include/kapi_syscall.h:769:43: warning: cast from pointer to integer of different size [-Wpointer-to-int-cast]
  769 | { return kapi_syscall2(SYS_delete_module, (long)name, flags); }
      |                                           ^
include/kapi_syscall.h:769:55: warning: conversion to 'long int' from 'unsigned int' may change the sign of the result [-Wsign-conversion]
  769 | { return kapi_syscall2(SYS_delete_module, (long)name, flags); }
      |                                                       ^~~~~
include/kapi_syscall.h: In function 'sys_finit_module':
include/kapi_syscall.h:772:46: warning: cast from pointer to integer of different size [-Wpointer-to-int-cast]
  772 | { return kapi_syscall3(SYS_finit_module, fd, (long)param_values, flags); }
      |                                              ^
<1> Building kernel/lib/libc/signal.c
<3> Building kernel/lib/libc/setjmp.c
kernel/lib/libc/signal.c: In function 'signal':
kernel/lib/libc/signal.c:66:51: warning: cast from pointer to integer of different size [-Wpointer-to-int-cast]
   66 |     long ret = syscall4(SYS_rt_sigaction, signum, (long)&act, (long)&oldact, SIGSET_SIZE);
      |                                                   ^
kernel/lib/libc/signal.c:66:63: warning: cast from pointer to integer of different size [-Wpointer-to-int-cast]
   66 |     long ret = syscall4(SYS_rt_sigaction, signum, (long)&act, (long)&oldact, SIGSET_SIZE);
      |                                                               ^
<2> Building kernel/lib/libc/math.c
kernel/lib/libc/setjmp.c: In function 'setjmp':
kernel/lib/libc/setjmp.c:3:20: warning: unused parameter 'env' [-Wunused-parameter]
    3 | int setjmp(jmp_buf env)
      |            ~~~~~~~~^~~
kernel/lib/libc/setjmp.c: In function 'longjmp':
kernel/lib/libc/setjmp.c:8:22: warning: unused parameter 'env' [-Wunused-parameter]
    8 | void longjmp(jmp_buf env, int val)
      |              ~~~~~~~~^~~
kernel/lib/libc/setjmp.c:8:31: warning: unused parameter 'val' [-Wunused-parameter]
    8 | void longjmp(jmp_buf env, int val)
      |                           ~~~~^~~
<1> Building kernel/lib/libc/errno.c
kernel/lib/libc/math.c: In function 'exp':
kernel/lib/libc/math.c:174:22: warning: conversion from 'long long int' to 'double' may change value [-Wconversion]
  174 |     double r = x - k * 0.69314718055994530942;
      |                      ^
kernel/lib/libc/math.c: In function 'log':
kernel/lib/libc/math.c:210:18: warning: conversion from 'long long int' to 'double' may change value [-Wconversion]
  210 |     return y + k * 0.69314718055994530942;
      |                  ^
kernel/lib/libc/math.c: At top level:
kernel/lib/libc/math.c:8:21: warning: 'E' defined but not used [-Wunused-const-variable=]
    8 | static const double E       = 2.71828182845904523536;
      |                     ^
-- Enter folder kernel/kernel --
<3> Building kernel/kernel/workqueue.c
<0> Building kernel/kernel/wait.c
kernel/kernel/workqueue.c: In function '__tasklet_add':
kernel/kernel/workqueue.c:216:22: warning: conversion to 'int' from 'uint32_t' {aka 'unsigned int'} may change the sign of the result [-Wsign-conversion]
  216 |         for (int i = tasklet_count; i > 0; i--) {
      |                      ^~~~~~~~~~~~~
<1> Building kernel/kernel/unixsock.c
kernel/kernel/unixsock.c: In function 'ring_write':
kernel/kernel/unixsock.c:62:21: warning: unused variable 'to_copy' [-Wunused-variable]
   62 |     uint32_t space, to_copy, contiguous, first_chunk;
      |                     ^~~~~~~
kernel/kernel/unixsock.c:59:38: warning: unused parameter 'rpos' [-Wunused-parameter]
   59 |                            uint32_t* rpos, uint32_t* wpos, uint32_t* bytes,
      |                            ~~~~~~~~~~^~~~
kernel/kernel/unixsock.c: In function 'ring_read':
kernel/kernel/unixsock.c:89:14: warning: unused variable 'to_copy' [-Wunused-variable]
   89 |     uint32_t to_copy, contiguous, first_chunk;
      |              ^~~~~~~
kernel/kernel/unixsock.c:86:53: warning: unused parameter 'wpos' [-Wunused-parameter]
   86 |                           uint32_t* rpos, uint32_t* wpos, uint32_t* bytes,
      |                                           ~~~~~~~~~~^~~~
<0> Building kernel/kernel/timer.c
<2> Building kernel/kernel/sysfs.c
<3> Building kernel/kernel/syscall.c
In file included from kernel/kernel/timer.c:3:
kernel/kernel/timer.c: In function '__calc_index':
kernel/kernel/timer.h:29:31: warning: conversion to 'uint64_t' {aka 'long long unsigned int'} from 'int' may change the sign of the result [-Wsign-conversion]
   29 | #define TIMER_WHEEL_BITS      8
      |                               ^
kernel/kernel/timer.c:63:22: note: in expansion of macro 'TIMER_WHEEL_BITS'
   63 |     uint64_t shift = TIMER_WHEEL_BITS * (*level);
      |                      ^~~~~~~~~~~~~~~~
In file included from kernel/kernel/syscall.c:2:
include/kapi_syscall.h: In function 'sys_read':
include/kapi_syscall.h:494:38: warning: cast from pointer to integer of different size [-Wpointer-to-int-cast]
  494 | { return kapi_syscall3(SYS_read, fd, (long)buf, count); }
      |                                      ^
include/kapi_syscall.h:494:49: warning: conversion from 'size_t' {aka 'long long unsigned int'} to 'long int' may change value [-Wconversion]
  494 | { return kapi_syscall3(SYS_read, fd, (long)buf, count); }
      |                                                 ^~~~~
include/kapi_syscall.h: In function 'sys_write':
include/kapi_syscall.h:497:39: warning: cast from pointer to integer of different size [-Wpointer-to-int-cast]
  497 | { return kapi_syscall3(SYS_write, fd, (long)buf, count); }
      |                                       ^
include/kapi_syscall.h:497:50: warning: conversion from 'size_t' {aka 'long long unsigned int'} to 'long int' may change value [-Wconversion]
  497 | { return kapi_syscall3(SYS_write, fd, (long)buf, count); }
      |                                                  ^~~~~
include/kapi_syscall.h: In function 'sys_open':
include/kapi_syscall.h:500:34: warning: cast from pointer to integer of different size [-Wpointer-to-int-cast]
  500 | { return kapi_syscall3(SYS_open, (long)pathname, flags, mode); }
      |                                  ^
include/kapi_syscall.h: In function 'sys_mmap':
include/kapi_syscall.h:509:34: warning: cast from pointer to integer of different size [-Wpointer-to-int-cast]
  509 | { return kapi_syscall6(SYS_mmap, (long)addr, length, prot, flags, fd, offset); }
      |                                  ^
include/kapi_syscall.h:509:46: warning: conversion from 'size_t' {aka 'long long unsigned int'} to 'long int' may change value [-Wconversion]
  509 | { return kapi_syscall6(SYS_mmap, (long)addr, length, prot, flags, fd, offset); }
      |                                              ^~~~~~
include/kapi_syscall.h: In function 'sys_munmap':
include/kapi_syscall.h:512:36: warning: cast from pointer to integer of different size [-Wpointer-to-int-cast]
  512 | { return kapi_syscall2(SYS_munmap, (long)addr, length); }
      |                                    ^
include/kapi_syscall.h:512:48: warning: conversion from 'size_t' {aka 'long long unsigned int'} to 'long int' may change value [-Wconversion]
  512 | { return kapi_syscall2(SYS_munmap, (long)addr, length); }
      |                                                ^~~~~~
include/kapi_syscall.h: In function 'sys_mprotect':
include/kapi_syscall.h:515:38: warning: cast from pointer to integer of different size [-Wpointer-to-int-cast]
  515 | { return kapi_syscall3(SYS_mprotect, (long)addr, len, prot); }
      |                                      ^
include/kapi_syscall.h:515:50: warning: conversion from 'size_t' {aka 'long long unsigned int'} to 'long int' may change value [-Wconversion]
  515 | { return kapi_syscall3(SYS_mprotect, (long)addr, len, prot); }
      |                                                  ^~~
include/kapi_syscall.h: In function 'sys_brk':
include/kapi_syscall.h:518:33: warning: cast from pointer to integer of different size [-Wpointer-to-int-cast]
  518 | { return kapi_syscall1(SYS_brk, (long)addr); }
      |                                 ^
include/kapi_syscall.h: In function 'sys_clone':
include/kapi_syscall.h:527:42: warning: cast from pointer to integer of different size [-Wpointer-to-int-cast]
  527 | { return kapi_syscall5(SYS_clone, flags, (long)stack, (long)ptid, (long)ctid, tls); }
      |                                          ^
include/kapi_syscall.h:527:55: warning: cast from pointer to integer of different size [-Wpointer-to-int-cast]
  527 | { return kapi_syscall5(SYS_clone, flags, (long)stack, (long)ptid, (long)ctid, tls); }
      |                                                       ^
include/kapi_syscall.h:527:67: warning: cast from pointer to integer of different size [-Wpointer-to-int-cast]
  527 | { return kapi_syscall5(SYS_clone, flags, (long)stack, (long)ptid, (long)ctid, tls); }
      |                                                                   ^
include/kapi_syscall.h:527:35: warning: conversion to 'long int' from 'long unsigned int' may change the sign of the result [-Wsign-conversion]
  527 | { return kapi_syscall5(SYS_clone, flags, (long)stack, (long)ptid, (long)ctid, tls); }
      |                                   ^~~~~
include/kapi_syscall.h:527:79: warning: conversion to 'long int' from 'long unsigned int' may change the sign of the result [-Wsign-conversion]
  527 | { return kapi_syscall5(SYS_clone, flags, (long)stack, (long)ptid, (long)ctid, tls); }
      |                                                                               ^~~
include/kapi_syscall.h: In function 'sys_execve':
include/kapi_syscall.h:530:36: warning: cast from pointer to integer of different size [-Wpointer-to-int-cast]
  530 | { return kapi_syscall3(SYS_execve, (long)filename, (long)argv, (long)envp); }
      |                                    ^
include/kapi_syscall.h:530:52: warning: cast from pointer to integer of different size [-Wpointer-to-int-cast]
  530 | { return kapi_syscall3(SYS_execve, (long)filename, (long)argv, (long)envp); }
      |                                                    ^
include/kapi_syscall.h:530:64: warning: cast from pointer to integer of different size [-Wpointer-to-int-cast]
  530 | { return kapi_syscall3(SYS_execve, (long)filename, (long)argv, (long)envp); }
      |                                                                ^
include/kapi_syscall.h: In function 'sys_wait4':
include/kapi_syscall.h:539:40: warning: cast from pointer to integer of different size [-Wpointer-to-int-cast]
  539 | { return kapi_syscall4(SYS_wait4, pid, (long)wstatus, options, (long)rusage); }
      |                                        ^
include/kapi_syscall.h:539:64: warning: cast from pointer to integer of different size [-Wpointer-to-int-cast]
  539 | { return kapi_syscall4(SYS_wait4, pid, (long)wstatus, options, (long)rusage); }
      |                                                                ^
include/kapi_syscall.h: In function 'sys_stat':
include/kapi_syscall.h:554:34: warning: cast from pointer to integer of different size [-Wpointer-to-int-cast]
  554 | { return kapi_syscall2(SYS_stat, (long)pathname, (long)statbuf); }
      |                                  ^
include/kapi_syscall.h:554:50: warning: cast from pointer to integer of different size [-Wpointer-to-int-cast]
  554 | { return kapi_syscall2(SYS_stat, (long)pathname, (long)statbuf); }
      |                                                  ^
include/kapi_syscall.h: In function 'sys_fstat':
include/kapi_syscall.h:557:39: warning: cast from pointer to integer of different size [-Wpointer-to-int-cast]
  557 | { return kapi_syscall2(SYS_fstat, fd, (long)statbuf); }
      |                                       ^
include/kapi_syscall.h: In function 'sys_lstat':
include/kapi_syscall.h:560:35: warning: cast from pointer to integer of different size [-Wpointer-to-int-cast]
  560 | { return kapi_syscall2(SYS_lstat, (long)pathname, (long)statbuf); }
      |                                   ^
include/kapi_syscall.h:560:51: warning: cast from pointer to integer of different size [-Wpointer-to-int-cast]
  560 | { return kapi_syscall2(SYS_lstat, (long)pathname, (long)statbuf); }
      |                                                   ^
include/kapi_syscall.h: In function 'sys_access':
include/kapi_syscall.h:563:36: warning: cast from pointer to integer of different size [-Wpointer-to-int-cast]
  563 | { return kapi_syscall2(SYS_access, (long)pathname, mode); }
      |                                    ^
include/kapi_syscall.h: In function 'sys_chdir':
include/kapi_syscall.h:566:35: warning: cast from pointer to integer of different size [-Wpointer-to-int-cast]
  566 | { return kapi_syscall1(SYS_chdir, (long)path); }
      |                                   ^
include/kapi_syscall.h: In function 'sys_getcwd':
include/kapi_syscall.h:569:36: warning: cast from pointer to integer of different size [-Wpointer-to-int-cast]
  569 | { return kapi_syscall2(SYS_getcwd, (long)buf, size); }
      |                                    ^
include/kapi_syscall.h:569:47: warning: conversion from 'size_t' {aka 'long long unsigned int'} to 'long int' may change value [-Wconversion]
  569 | { return kapi_syscall2(SYS_getcwd, (long)buf, size); }
      |                                               ^~~~
include/kapi_syscall.h: In function 'sys_mkdir':
include/kapi_syscall.h:572:35: warning: cast from pointer to integer of different size [-Wpointer-to-int-cast]
  572 | { return kapi_syscall2(SYS_mkdir, (long)pathname, mode); }
      |                                   ^
include/kapi_syscall.h: In function 'sys_rmdir':
include/kapi_syscall.h:575:35: warning: cast from pointer to integer of different size [-Wpointer-to-int-cast]
  575 | { return kapi_syscall1(SYS_rmdir, (long)pathname); }
      |                                   ^
include/kapi_syscall.h: In function 'sys_unlink':
include/kapi_syscall.h:578:36: warning: cast from pointer to integer of different size [-Wpointer-to-int-cast]
  578 | { return kapi_syscall1(SYS_unlink, (long)pathname); }
      |                                    ^
include/kapi_syscall.h: In function 'sys_rename':
include/kapi_syscall.h:581:36: warning: cast from pointer to integer of different size [-Wpointer-to-int-cast]
  581 | { return kapi_syscall2(SYS_rename, (long)oldpath, (long)newpath); }
      |                                    ^
include/kapi_syscall.h:581:51: warning: cast from pointer to integer of different size [-Wpointer-to-int-cast]
  581 | { return kapi_syscall2(SYS_rename, (long)oldpath, (long)newpath); }
      |                                                   ^
include/kapi_syscall.h: In function 'sys_creat':
include/kapi_syscall.h:584:35: warning: cast from pointer to integer of different size [-Wpointer-to-int-cast]
  584 | { return kapi_syscall2(SYS_creat, (long)pathname, mode); }
      |                                   ^
include/kapi_syscall.h: In function 'sys_link':
include/kapi_syscall.h:587:34: warning: cast from pointer to integer of different size [-Wpointer-to-int-cast]
  587 | { return kapi_syscall2(SYS_link, (long)oldpath, (long)newpath); }
      |                                  ^
include/kapi_syscall.h:587:49: warning: cast from pointer to integer of different size [-Wpointer-to-int-cast]
  587 | { return kapi_syscall2(SYS_link, (long)oldpath, (long)newpath); }
      |                                                 ^
include/kapi_syscall.h: In function 'sys_symlink':
include/kapi_syscall.h:590:37: warning: cast from pointer to integer of different size [-Wpointer-to-int-cast]
  590 | { return kapi_syscall2(SYS_symlink, (long)target, (long)linkpath); }
      |                                     ^
include/kapi_syscall.h:590:51: warning: cast from pointer to integer of different size [-Wpointer-to-int-cast]
  590 | { return kapi_syscall2(SYS_symlink, (long)target, (long)linkpath); }
      |                                                   ^
include/kapi_syscall.h: In function 'sys_readlink':
include/kapi_syscall.h:593:38: warning: cast from pointer to integer of different size [-Wpointer-to-int-cast]
  593 | { return kapi_syscall3(SYS_readlink, (long)pathname, (long)buf, bufsiz); }
      |                                      ^
include/kapi_syscall.h:593:54: warning: cast from pointer to integer of different size [-Wpointer-to-int-cast]
  593 | { return kapi_syscall3(SYS_readlink, (long)pathname, (long)buf, bufsiz); }
      |                                                      ^
include/kapi_syscall.h:593:65: warning: conversion from 'size_t' {aka 'long long unsigned int'} to 'long int' may change value [-Wconversion]
  593 | { return kapi_syscall3(SYS_readlink, (long)pathname, (long)buf, bufsiz); }
      |                                                                 ^~~~~~
include/kapi_syscall.h: In function 'sys_chmod':
include/kapi_syscall.h:596:35: warning: cast from pointer to integer of different size [-Wpointer-to-int-cast]
  596 | { return kapi_syscall2(SYS_chmod, (long)pathname, mode); }
      |                                   ^
include/kapi_syscall.h: In function 'sys_chown':
include/kapi_syscall.h:599:35: warning: cast from pointer to integer of different size [-Wpointer-to-int-cast]
  599 | { return kapi_syscall3(SYS_chown, (long)pathname, owner, group); }
      |                                   ^
include/kapi_syscall.h: In function 'sys_truncate':
include/kapi_syscall.h:602:38: warning: cast from pointer to integer of different size [-Wpointer-to-int-cast]
  602 | { return kapi_syscall2(SYS_truncate, (long)path, length); }
      |                                      ^
include/kapi_syscall.h: In function 'sys_pipe':
include/kapi_syscall.h:626:34: warning: cast from pointer to integer of different size [-Wpointer-to-int-cast]
  626 | { return kapi_syscall1(SYS_pipe, (long)pipefd); }
      |                                  ^
include/kapi_syscall.h: In function 'sys_pipe2':
include/kapi_syscall.h:629:35: warning: cast from pointer to integer of different size [-Wpointer-to-int-cast]
  629 | { return kapi_syscall2(SYS_pipe2, (long)pipefd, flags); }
      |                                   ^
include/kapi_syscall.h: In function 'sys_mount':
include/kapi_syscall.h:634:35: warning: cast from pointer to integer of different size [-Wpointer-to-int-cast]
  634 | { return kapi_syscall5(SYS_mount, (long)source, (long)target, (long)filesystemtype, mountflags, (long)data); }
      |                                   ^
include/kapi_syscall.h:634:49: warning: cast from pointer to integer of different size [-Wpointer-to-int-cast]
  634 | { return kapi_syscall5(SYS_mount, (long)source, (long)target, (long)filesystemtype, mountflags, (long)data); }
      |                                                 ^
include/kapi_syscall.h:634:63: warning: cast from pointer to integer of different size [-Wpointer-to-int-cast]
  634 | { return kapi_syscall5(SYS_mount, (long)source, (long)target, (long)filesystemtype, mountflags, (long)data); }
      |                                                               ^
include/kapi_syscall.h:634:97: warning: cast from pointer to integer of different size [-Wpointer-to-int-cast]
  634 | { return kapi_syscall5(SYS_mount, (long)source, (long)target, (long)filesystemtype, mountflags, (long)data); }
      |                                                                                                 ^
include/kapi_syscall.h:634:85: warning: conversion to 'long int' from 'long unsigned int' may change the sign of the result [-Wsign-conversion]
  634 | { return kapi_syscall5(SYS_mount, (long)source, (long)target, (long)filesystemtype, mountflags, (long)data); }
      |                                                                                     ^~~~~~~~~~
include/kapi_syscall.h: In function 'sys_umount2':
include/kapi_syscall.h:637:37: warning: cast from pointer to integer of different size [-Wpointer-to-int-cast]
  637 | { return kapi_syscall2(SYS_umount2, (long)target, flags); }
      |                                     ^
include/kapi_syscall.h: In function 'sys_swapon':
include/kapi_syscall.h:640:36: warning: cast from pointer to integer of different size [-Wpointer-to-int-cast]
  640 | { return kapi_syscall2(SYS_swapon, (long)path, swapflags); }
      |                                    ^
include/kapi_syscall.h: In function 'sys_swapoff':
include/kapi_syscall.h:643:37: warning: cast from pointer to integer of different size [-Wpointer-to-int-cast]
  643 | { return kapi_syscall1(SYS_swapoff, (long)path); }
      |                                     ^
include/kapi_syscall.h: In function 'sys_nanosleep':
include/kapi_syscall.h:646:39: warning: cast from pointer to integer of different size [-Wpointer-to-int-cast]
  646 | { return kapi_syscall2(SYS_nanosleep, (long)req, (long)rem); }
      |                                       ^
include/kapi_syscall.h:646:50: warning: cast from pointer to integer of different size [-Wpointer-to-int-cast]
  646 | { return kapi_syscall2(SYS_nanosleep, (long)req, (long)rem); }
      |                                                  ^
include/kapi_syscall.h: In function 'sys_gettimeofday':
include/kapi_syscall.h:649:42: warning: cast from pointer to integer of different size [-Wpointer-to-int-cast]
  649 | { return kapi_syscall2(SYS_gettimeofday, (long)tv, (long)tz); }
      |                                          ^
include/kapi_syscall.h:649:52: warning: cast from pointer to integer of different size [-Wpointer-to-int-cast]
  649 | { return kapi_syscall2(SYS_gettimeofday, (long)tv, (long)tz); }
      |                                                    ^
include/kapi_syscall.h: In function 'sys_settimeofday':
include/kapi_syscall.h:652:42: warning: cast from pointer to integer of different size [-Wpointer-to-int-cast]
  652 | { return kapi_syscall2(SYS_settimeofday, (long)tv, (long)tz); }
      |                                          ^
include/kapi_syscall.h:652:52: warning: cast from pointer to integer of different size [-Wpointer-to-int-cast]
  652 | { return kapi_syscall2(SYS_settimeofday, (long)tv, (long)tz); }
      |                                                    ^
include/kapi_syscall.h: In function 'sys_time':
include/kapi_syscall.h:655:34: warning: cast from pointer to integer of different size [-Wpointer-to-int-cast]
  655 | { return kapi_syscall1(SYS_time, (long)tloc); }
      |                                  ^
include/kapi_syscall.h: In function 'sys_clock_gettime':
include/kapi_syscall.h:658:51: warning: cast from pointer to integer of different size [-Wpointer-to-int-cast]
  658 | { return kapi_syscall2(SYS_clock_gettime, clk_id, (long)tp); }
      |                                                   ^
include/kapi_syscall.h: In function 'sys_clock_settime':
include/kapi_syscall.h:661:51: warning: cast from pointer to integer of different size [-Wpointer-to-int-cast]
  661 | { return kapi_syscall2(SYS_clock_settime, clk_id, (long)tp); }
      |                                                   ^
include/kapi_syscall.h: In function 'sys_clock_nanosleep':
include/kapi_syscall.h:664:60: warning: cast from pointer to integer of different size [-Wpointer-to-int-cast]
  664 | { return kapi_syscall4(SYS_clock_nanosleep, clk_id, flags, (long)req, (long)rem); }
      |                                                            ^
include/kapi_syscall.h:664:71: warning: cast from pointer to integer of different size [-Wpointer-to-int-cast]
  664 | { return kapi_syscall4(SYS_clock_nanosleep, clk_id, flags, (long)req, (long)rem); }
      |                                                                       ^
include/kapi_syscall.h: In function 'sys_rt_sigaction':
include/kapi_syscall.h:667:47: warning: cast from pointer to integer of different size [-Wpointer-to-int-cast]
  667 | { return kapi_syscall4(SYS_rt_sigaction, sig, (long)act, (long)oact, sigsetsize); }
      |                                               ^
include/kapi_syscall.h:667:58: warning: cast from pointer to integer of different size [-Wpointer-to-int-cast]
  667 | { return kapi_syscall4(SYS_rt_sigaction, sig, (long)act, (long)oact, sigsetsize); }
      |                                                          ^
include/kapi_syscall.h:667:70: warning: conversion from 'size_t' {aka 'long long unsigned int'} to 'long int' may change value [-Wconversion]
  667 | { return kapi_syscall4(SYS_rt_sigaction, sig, (long)act, (long)oact, sigsetsize); }
      |                                                                      ^~~~~~~~~~
include/kapi_syscall.h: In function 'sys_rt_sigprocmask':
include/kapi_syscall.h:670:49: warning: cast from pointer to integer of different size [-Wpointer-to-int-cast]
  670 | { return kapi_syscall4(SYS_rt_sigprocmask, how, (long)set, (long)oldset, sigsetsize); }
      |                                                 ^
include/kapi_syscall.h:670:60: warning: cast from pointer to integer of different size [-Wpointer-to-int-cast]
  670 | { return kapi_syscall4(SYS_rt_sigprocmask, how, (long)set, (long)oldset, sigsetsize); }
      |                                                            ^
include/kapi_syscall.h:670:74: warning: conversion from 'size_t' {aka 'long long unsigned int'} to 'long int' may change value [-Wconversion]
  670 | { return kapi_syscall4(SYS_rt_sigprocmask, how, (long)set, (long)oldset, sigsetsize); }
      |                                                                          ^~~~~~~~~~
include/kapi_syscall.h: In function 'sys_ioctl':
include/kapi_syscall.h:679:39: warning: conversion to 'long int' from 'long unsigned int' may change the sign of the result [-Wsign-conversion]
  679 | { return kapi_syscall3(SYS_ioctl, fd, request, arg); }
      |                                       ^~~~~~~
include/kapi_syscall.h: In function 'sys_pread64':
include/kapi_syscall.h:682:41: warning: cast from pointer to integer of different size [-Wpointer-to-int-cast]
  682 | { return kapi_syscall4(SYS_pread64, fd, (long)buf, count, offset); }
      |                                         ^
include/kapi_syscall.h:682:52: warning: conversion from 'size_t' {aka 'long long unsigned int'} to 'long int' may change value [-Wconversion]
  682 | { return kapi_syscall4(SYS_pread64, fd, (long)buf, count, offset); }
      |                                                    ^~~~~
include/kapi_syscall.h: In function 'sys_pwrite64':
include/kapi_syscall.h:685:42: warning: cast from pointer to integer of different size [-Wpointer-to-int-cast]
  685 | { return kapi_syscall4(SYS_pwrite64, fd, (long)buf, count, offset); }
      |                                          ^
include/kapi_syscall.h:685:53: warning: conversion from 'size_t' {aka 'long long unsigned int'} to 'long int' may change value [-Wconversion]
  685 | { return kapi_syscall4(SYS_pwrite64, fd, (long)buf, count, offset); }
      |                                                     ^~~~~
include/kapi_syscall.h: In function 'sys_readv':
include/kapi_syscall.h:688:39: warning: cast from pointer to integer of different size [-Wpointer-to-int-cast]
  688 | { return kapi_syscall3(SYS_readv, fd, (long)iov, iovcnt); }
      |                                       ^
include/kapi_syscall.h: In function 'sys_writev':
include/kapi_syscall.h:691:40: warning: cast from pointer to integer of different size [-Wpointer-to-int-cast]
  691 | { return kapi_syscall3(SYS_writev, fd, (long)iov, iovcnt); }
      |                                        ^
include/kapi_syscall.h: In function 'sys_getdents':
include/kapi_syscall.h:694:42: warning: cast from pointer to integer of different size [-Wpointer-to-int-cast]
  694 | { return kapi_syscall3(SYS_getdents, fd, (long)dirp, count); }
      |                                          ^
include/kapi_syscall.h:694:54: warning: conversion to 'long int' from 'unsigned int' may change the sign of the result [-Wsign-conversion]
  694 | { return kapi_syscall3(SYS_getdents, fd, (long)dirp, count); }
      |                                                      ^~~~~
include/kapi_syscall.h: In function 'sys_getdents64':
include/kapi_syscall.h:697:44: warning: cast from pointer to integer of different size [-Wpointer-to-int-cast]
  697 | { return kapi_syscall3(SYS_getdents64, fd, (long)dirp, count); }
      |                                            ^
include/kapi_syscall.h:697:56: warning: conversion to 'long int' from 'unsigned int' may change the sign of the result [-Wsign-conversion]
  697 | { return kapi_syscall3(SYS_getdents64, fd, (long)dirp, count); }
      |                                                        ^~~~~
include/kapi_syscall.h: In function 'sys_getgroups':
include/kapi_syscall.h:718:45: warning: cast from pointer to integer of different size [-Wpointer-to-int-cast]
  718 | { return kapi_syscall2(SYS_getgroups, size, (long)list); }
      |                                             ^
kernel/kernel/sysfs.c: In function 'sysfs_vfs_read':
kernel/kernel/sysfs.c:87:57: warning: conversion to 'long long unsigned int' from 'int' may change the sign of the result [-Wsign-conversion]
   87 |             len = attr->show(temp + total, sizeof(temp) - total);
      |                                                         ^
kernel/kernel/sysfs.c:89:55: warning: conversion to 'long long unsigned int' from 'int' may change the sign of the result [-Wsign-conversion]
   89 |             len = snprintf(temp + total, sizeof(temp) - total, "%s\n", attr->value);
      |                                                       ^
include/kapi_syscall.h: In function 'sys_setgroups':
include/kapi_syscall.h:721:45: warning: cast from pointer to integer of different size [-Wpointer-to-int-cast]
  721 | { return kapi_syscall2(SYS_setgroups, size, (long)list); }
      |                                             ^
include/kapi_syscall.h: In function 'sys_uname':
include/kapi_syscall.h:724:35: warning: cast from pointer to integer of different size [-Wpointer-to-int-cast]
  724 | { return kapi_syscall1(SYS_uname, (long)buf); }
      |                                   ^
include/kapi_syscall.h: In function 'sys_sysinfo':
include/kapi_syscall.h:727:37: warning: cast from pointer to integer of different size [-Wpointer-to-int-cast]
  727 | { return kapi_syscall1(SYS_sysinfo, (long)info); }
      |                                     ^
include/kapi_syscall.h: In function 'sys_getrlimit':
include/kapi_syscall.h:730:49: warning: cast from pointer to integer of different size [-Wpointer-to-int-cast]
  730 | { return kapi_syscall2(SYS_getrlimit, resource, (long)rlim); }
      |                                                 ^
include/kapi_syscall.h: In function 'sys_setrlimit':
include/kapi_syscall.h:733:49: warning: cast from pointer to integer of different size [-Wpointer-to-int-cast]
  733 | { return kapi_syscall2(SYS_setrlimit, resource, (long)rlim); }
      |                                                 ^
include/kapi_syscall.h: In function 'sys_getrusage':
include/kapi_syscall.h:736:44: warning: cast from pointer to integer of different size [-Wpointer-to-int-cast]
  736 | { return kapi_syscall2(SYS_getrusage, who, (long)usage); }
      |                                            ^
include/kapi_syscall.h: In function 'sys_times':
include/kapi_syscall.h:739:35: warning: cast from pointer to integer of different size [-Wpointer-to-int-cast]
  739 | { return kapi_syscall1(SYS_times, (long)tbuf); }
      |                                   ^
include/kapi_syscall.h: In function 'sys_reboot':
include/kapi_syscall.h:754:57: warning: cast from pointer to integer of different size [-Wpointer-to-int-cast]
  754 | { return kapi_syscall4(SYS_reboot, magic1, magic2, cmd, (long)arg); }
      |                                                         ^
include/kapi_syscall.h: In function 'sys_chroot':
include/kapi_syscall.h:757:36: warning: cast from pointer to integer of different size [-Wpointer-to-int-cast]
  757 | { return kapi_syscall1(SYS_chroot, (long)path); }
      |                                    ^
include/kapi_syscall.h: In function 'sys_sethostname':
include/kapi_syscall.h:760:41: warning: cast from pointer to integer of different size [-Wpointer-to-int-cast]
  760 | { return kapi_syscall2(SYS_sethostname, (long)name, len); }
      |                                         ^
include/kapi_syscall.h: In function 'sys_setdomainname':
include/kapi_syscall.h:763:43: warning: cast from pointer to integer of different size [-Wpointer-to-int-cast]
  763 | { return kapi_syscall2(SYS_setdomainname, (long)name, len); }
      |                                           ^
include/kapi_syscall.h: In function 'sys_init_module':
include/kapi_syscall.h:766:41: warning: cast from pointer to integer of different size [-Wpointer-to-int-cast]
  766 | { return kapi_syscall3(SYS_init_module, (long)module_image, len, (long)param_values); }
      |                                         ^
include/kapi_syscall.h:766:66: warning: cast from pointer to integer of different size [-Wpointer-to-int-cast]
  766 | { return kapi_syscall3(SYS_init_module, (long)module_image, len, (long)param_values); }
      |                                                                  ^
include/kapi_syscall.h:766:61: warning: conversion to 'long int' from 'long unsigned int' may change the sign of the result [-Wsign-conversion]
  766 | { return kapi_syscall3(SYS_init_module, (long)module_image, len, (long)param_values); }
      |                                                             ^~~
include/kapi_syscall.h: In function 'sys_delete_module':
include/kapi_syscall.h:769:43: warning: cast from pointer to integer of different size [-Wpointer-to-int-cast]
  769 | { return kapi_syscall2(SYS_delete_module, (long)name, flags); }
      |                                           ^
include/kapi_syscall.h:769:55: warning: conversion to 'long int' from 'unsigned int' may change the sign of the result [-Wsign-conversion]
  769 | { return kapi_syscall2(SYS_delete_module, (long)name, flags); }
      |                                                       ^~~~~
include/kapi_syscall.h: In function 'sys_finit_module':
include/kapi_syscall.h:772:46: warning: cast from pointer to integer of different size [-Wpointer-to-int-cast]
  772 | { return kapi_syscall3(SYS_finit_module, fd, (long)param_values, flags); }
      |                                              ^
kernel/kernel/syscall.c: In function 'kenux_syscall_entry':
kernel/kernel/syscall.c:41:32: warning: ISO C forbids conversion of object pointer to function pointer type [-Wpedantic]
   41 |         kapi_syscall_fn_t fn = (kapi_syscall_fn_t)syscall_table[nr].handler;
      |                                ^
<3> Building kernel/kernel/sync.c
kernel/kernel/sync.c: In function 'mutex_is_locked':
kernel/kernel/sync.c:249:15: warning: conversion to 'int' from 'uint32_t' {aka 'unsigned int'} may change the sign of the result [-Wsign-conversion]
  249 |     return mtx->locked;
      |            ~~~^~~~~~~~
<2> Building kernel/kernel/stacktrace.c
<1> Building kernel/kernel/signal.c
kernel/kernel/stacktrace.c: In function '__addr_to_symbol':
kernel/kernel/stacktrace.c:17:9: warning: the address of 'kernel_symbols_start' will always evaluate as 'true' [-Waddress]
   17 |     if (!kernel_symbols_start || kernel_symbols_start == kernel_symbols_end) {
      |         ^
kernel/kernel/stacktrace.c:17:55: warning: comparison between two arrays [-Warray-compare]
   17 |     if (!kernel_symbols_start || kernel_symbols_start == kernel_symbols_end) {
      |                                                       ^~
kernel/kernel/stacktrace.c:17:55: note: use '&kernel_symbols_start[0] == &kernel_symbols_end[0]' to compare the addresses
kernel/kernel/stacktrace.c: In function '__print_frame':
kernel/kernel/stacktrace.c:47:20: warning: conversion from 'int' to 'char' may change value [-Wconversion]
   47 |         buf[i++] = (nibble < 10) ? ('0' + nibble) : ('a' + nibble - 10);
      |                    ^
kernel/kernel/stacktrace.c:56:20: warning: conversion from 'int' to 'char' may change value [-Wconversion]
   56 |         num[n++] = '0' + (f % 10);
      |                    ^~~
kernel/kernel/stacktrace.c: In function '__assert_fail':
kernel/kernel/stacktrace.c:128:20: warning: conversion from 'int' to 'char' may change value [-Wconversion]
  128 |         num[n++] = '0' + (l % 10);
      |                    ^~~
<0> Building kernel/kernel/shell_enhanced.c
kernel/kernel/signal.c: In function 'signal_send_info':
kernel/kernel/signal.c:184:19: warning: conversion from 'uint64_t' {aka 'long long unsigned int'} to 'int' may change value [-Wconversion]
  184 |     info.si_pid = current_process;
      |                   ^~~~~~~~~~~~~~~
kernel/kernel/signal.c: In function '__signal_setup_frame':
kernel/kernel/signal.c:222:27: warning: conversion from 'uint64_t' {aka 'long long unsigned int'} to 'int' may change value [-Wconversion]
  222 |     siginfo_ptr->si_pid = current_process;
      |                           ^~~~~~~~~~~~~~~
kernel/kernel/signal.c: In function 'signal_do_pending':
kernel/kernel/signal.c:251:29: warning: ISO C forbids comparison of 'void *' with function pointer [-Wpedantic]
  251 |         if (act->sa_handler == (void*)1) {
      |                             ^~
kernel/kernel/signal.c:280:23: warning: conversion from 'uint64_t' {aka 'long long unsigned int'} to 'int' may change value [-Wconversion]
  280 |         info.si_pid = current_process;
      |                       ^~~~~~~~~~~~~~~
kernel/kernel/signal.c:289:20: warning: unused variable 'old_blocked' [-Wunused-variable]
  289 |         k_sigset_t old_blocked = sig_data->blocked;
      |                    ^~~~~~~~~~~
In file included from include/kapi.h:23,
                 from kernel/kernel/shell_enhanced.c:9:
include/kapi_bitmap.h: In function 'kapi_bitmap_set_all':
include/kapi_bitmap.h:33:26: warning: conversion from 'long long unsigned int' to 'unsigned int' may change value [-Wconversion]
   33 |     unsigned int longs = (nbits + KAPI_BITS_PER_LONG - 1) / KAPI_BITS_PER_LONG;
      |                          ^
include/kapi_bitmap.h: In function 'kapi_bitmap_clear_all':
include/kapi_bitmap.h:41:26: warning: conversion from 'long long unsigned int' to 'unsigned int' may change value [-Wconversion]
   41 |     unsigned int longs = (nbits + KAPI_BITS_PER_LONG - 1) / KAPI_BITS_PER_LONG;
      |                          ^
include/kapi_bitmap.h: In function 'kapi_bitmap_find_first':
include/kapi_bitmap.h:49:26: warning: conversion from 'long long unsigned int' to 'unsigned int' may change value [-Wconversion]
   49 |     unsigned int longs = (nbits + KAPI_BITS_PER_LONG - 1) / KAPI_BITS_PER_LONG;
      |                          ^
include/kapi_bitmap.h:56:35: warning: conversion to 'int' from 'unsigned int' may change the sign of the result [-Wsign-conversion]
   56 |                     return offset + j;
      |                            ~~~~~~~^~~
include/kapi_bitmap.h: In function 'kapi_bitmap_find_first_zero':
include/kapi_bitmap.h:66:26: warning: conversion from 'long long unsigned int' to 'unsigned int' may change value [-Wconversion]
   66 |     unsigned int longs = (nbits + KAPI_BITS_PER_LONG - 1) / KAPI_BITS_PER_LONG;
      |                          ^
include/kapi_bitmap.h:73:35: warning: conversion to 'int' from 'unsigned int' may change the sign of the result [-Wsign-conversion]
   73 |                     return offset + j;
      |                            ~~~~~~~^~~
include/kapi_bitmap.h: In function 'kapi_bitmap_count':
include/kapi_bitmap.h:84:26: warning: conversion from 'long long unsigned int' to 'unsigned int' may change value [-Wconversion]
   84 |     unsigned int longs = (nbits + KAPI_BITS_PER_LONG - 1) / KAPI_BITS_PER_LONG;
      |                          ^
In file included from include/kapi.h:59:
include/kapi_netlink.h: In function 'kapi_nlmsg_next':
include/kapi_netlink.h:19:37: warning: conversion to 'int' from 'uint32_t' {aka 'unsigned int'} may change the sign of the result [-Wsign-conversion]
   19 | #define KAPI_NLMSG_ALIGNTO          4
      |                                     ^
include/kapi_netlink.h:75:18: note: in expansion of macro 'KAPI_NLMSG_ALIGNTO'
   75 |     int totlen = KAPI_NLMSG_ALIGNTO * ((nlh->nlmsg_len + KAPI_NLMSG_ALIGNTO - 1) / KAPI_NLMSG_ALIGNTO);
      |                  ^~~~~~~~~~~~~~~~~~
kernel/kernel/shell_enhanced.c: In function 'shell_parse_line':
kernel/kernel/shell_enhanced.c:159:41: warning: conversion to 'long long unsigned int' from 'int' may change the sign of the result [-Wsign-conversion]
  159 |     memset(cmds, 0, sizeof(shell_cmd_t) * max_cmds);
      |                                         ^
kernel/kernel/shell_enhanced.c: At top level:
kernel/kernel/shell_enhanced.c:191:12: warning: 'shell_create_pipe' defined but not used [-Wunused-function]
  191 | static int shell_create_pipe(int pipefd[2])
      |            ^~~~~~~~~~~~~~~~~
kernel/kernel/shell_enhanced.c:92:13: warning: 'shell_unquote' defined but not used [-Wunused-function]
   92 | static void shell_unquote(char* dst, const char* src, uint64_t max)
      |             ^~~~~~~~~~~~~
kernel/kernel/shell_enhanced.c:37:17: warning: 'history_index' defined but not used [-Wunused-variable]
   37 | static uint32_t history_index = 0;
      |                 ^~~~~~~~~~~~~
<2> Building kernel/kernel/rcu.c
<0> Building kernel/kernel/process.c
<3> Building kernel/kernel/printk.c
<1> Building kernel/kernel/module.c
kernel/kernel/process.c: In function '__process_trampoline':
kernel/kernel/process.c:14:29: warning: ISO C forbids conversion of object pointer to function pointer type [-Wpedantic]
   14 |         void (*fn)(void*) = (void (*)(void*))p->entry;
      |                             ^
kernel/kernel/process.c: In function 'process_create':
kernel/kernel/process.c:36:16: warning: conversion to 'uint64_t' {aka 'long long unsigned int'} from 'int' may change the sign of the result [-Wsign-conversion]
   36 |     proc->id = process_count;
      |                ^~~~~~~~~~~~~
kernel/kernel/process.c: In function 'process_exit':
kernel/kernel/process.c:51:28: warning: unused parameter 'code' [-Wunused-parameter]
   51 | void process_exit(uint64_t code)
      |                   ~~~~~~~~~^~~~
kernel/kernel/process.c: In function 'process_switch':
kernel/kernel/process.c:84:63: warning: unused parameter 'old' [-Wunused-parameter]
   84 | __attribute__((naked)) void process_switch(process_context_t* old, process_context_t* new)
      |                                            ~~~~~~~~~~~~~~~~~~~^~~
kernel/kernel/process.c:84:87: warning: unused parameter 'new' [-Wunused-parameter]
   84 | __attribute__((naked)) void process_switch(process_context_t* old, process_context_t* new)
      |                                                                    ~~~~~~~~~~~~~~~~~~~^~~
kernel/kernel/printk.c: In function '__vsnprintf':
kernel/kernel/printk.c:86:32: warning: conversion from 'int' to 'char' may change value [-Wconversion]
   86 |                     num[n++] = '0' + (val % 10);
      |                                ^~~
kernel/kernel/printk.c:97:32: warning: conversion from 'unsigned int' to 'char' may change value [-Wconversion]
   97 |                     num[n++] = '0' + (val % 10);
      |                                ^~~
kernel/kernel/printk.c:109:32: warning: conversion from 'int' to 'char' may change value [-Wconversion]
  109 |                     buf[i++] = (nibble < 10) ? ('0' + nibble) : ('a' + nibble - 10);
      |                                ^
kernel/kernel/printk.c:120:36: warning: conversion from 'uint64_t' {aka 'long long unsigned int'} to 'char' may change value [-Wconversion]
  120 |                         num[n++] = '0' + (val % 10);
      |                                    ^~~
kernel/kernel/printk.c:130:36: warning: conversion from 'int' to 'char' may change value [-Wconversion]
  130 |                         buf[i++] = (nibble < 10) ? ('0' + nibble) : ('a' + nibble - 10);
      |                                    ^
kernel/kernel/printk.c:141:36: warning: conversion from 'int64_t' {aka 'long long int'} to 'char' may change value [-Wconversion]
  141 |                         num[n++] = '0' + (val % 10);
      |                                    ^~~
kernel/kernel/printk.c:159:32: warning: conversion from 'int' to 'char' may change value [-Wconversion]
  159 |                     buf[i++] = (nibble < 10) ? ('0' + nibble) : ('a' + nibble - 10);
      |                                ^
kernel/kernel/printk.c: In function 'printk':
kernel/kernel/printk.c:199:22: warning: conversion to 'uint64_t' {aka 'long long unsigned int'} from 'int' may change the sign of the result [-Wsign-conversion]
  199 |     __log_store(buf, len);
      |                      ^~~
kernel/kernel/printk.c:202:28: warning: conversion to 'uint64_t' {aka 'long long unsigned int'} from 'int' may change the sign of the result [-Wsign-conversion]
  202 |         console_write(buf, len);
      |                            ^~~
kernel/kernel/printk.c: In function 'printk_emerg':
kernel/kernel/printk.c:213:22: warning: conversion to 'uint64_t' {aka 'long long unsigned int'} from 'int' may change the sign of the result [-Wsign-conversion]
  213 |     __log_store(buf, len);
      |                      ^~~
kernel/kernel/printk.c:214:24: warning: conversion to 'uint64_t' {aka 'long long unsigned int'} from 'int' may change the sign of the result [-Wsign-conversion]
  214 |     console_write(buf, len);
      |                        ^~~
kernel/kernel/printk.c: In function 'printk_alert':
kernel/kernel/printk.c:224:22: warning: conversion to 'uint64_t' {aka 'long long unsigned int'} from 'int' may change the sign of the result [-Wsign-conversion]
  224 |     __log_store(buf, len);
      |                      ^~~
kernel/kernel/printk.c:225:51: warning: conversion to 'uint64_t' {aka 'long long unsigned int'} from 'int' may change the sign of the result [-Wsign-conversion]
  225 |     if (1 <= console_loglevel) console_write(buf, len);
      |                                                   ^~~
kernel/kernel/printk.c: In function 'printk_crit':
kernel/kernel/printk.c:235:22: warning: conversion to 'uint64_t' {aka 'long long unsigned int'} from 'int' may change the sign of the result [-Wsign-conversion]
  235 |     __log_store(buf, len);
      |                      ^~~
kernel/kernel/printk.c:236:51: warning: conversion to 'uint64_t' {aka 'long long unsigned int'} from 'int' may change the sign of the result [-Wsign-conversion]
  236 |     if (2 <= console_loglevel) console_write(buf, len);
      |                                                   ^~~
kernel/kernel/printk.c: In function 'printk_err':
kernel/kernel/printk.c:246:22: warning: conversion to 'uint64_t' {aka 'long long unsigned int'} from 'int' may change the sign of the result [-Wsign-conversion]
  246 |     __log_store(buf, len);
      |                      ^~~
kernel/kernel/printk.c:247:51: warning: conversion to 'uint64_t' {aka 'long long unsigned int'} from 'int' may change the sign of the result [-Wsign-conversion]
  247 |     if (3 <= console_loglevel) console_write(buf, len);
      |                                                   ^~~
kernel/kernel/printk.c: In function 'printk_warn':
kernel/kernel/printk.c:257:22: warning: conversion to 'uint64_t' {aka 'long long unsigned int'} from 'int' may change the sign of the result [-Wsign-conversion]
  257 |     __log_store(buf, len);
      |                      ^~~
kernel/kernel/printk.c:258:51: warning: conversion to 'uint64_t' {aka 'long long unsigned int'} from 'int' may change the sign of the result [-Wsign-conversion]
  258 |     if (4 <= console_loglevel) console_write(buf, len);
      |                                                   ^~~
kernel/kernel/printk.c: In function 'printk_notice':
kernel/kernel/printk.c:268:22: warning: conversion to 'uint64_t' {aka 'long long unsigned int'} from 'int' may change the sign of the result [-Wsign-conversion]
  268 |     __log_store(buf, len);
      |                      ^~~
kernel/kernel/printk.c:269:51: warning: conversion to 'uint64_t' {aka 'long long unsigned int'} from 'int' may change the sign of the result [-Wsign-conversion]
  269 |     if (5 <= console_loglevel) console_write(buf, len);
      |                                                   ^~~
kernel/kernel/printk.c: In function 'printk_info':
kernel/kernel/printk.c:279:22: warning: conversion to 'uint64_t' {aka 'long long unsigned int'} from 'int' may change the sign of the result [-Wsign-conversion]
  279 |     __log_store(buf, len);
      |                      ^~~
kernel/kernel/printk.c:280:51: warning: conversion to 'uint64_t' {aka 'long long unsigned int'} from 'int' may change the sign of the result [-Wsign-conversion]
  280 |     if (6 <= console_loglevel) console_write(buf, len);
      |                                                   ^~~
kernel/kernel/printk.c: In function 'printk_debug':
kernel/kernel/printk.c:290:22: warning: conversion to 'uint64_t' {aka 'long long unsigned int'} from 'int' may change the sign of the result [-Wsign-conversion]
  290 |     __log_store(buf, len);
      |                      ^~~
kernel/kernel/printk.c:291:51: warning: conversion to 'uint64_t' {aka 'long long unsigned int'} from 'int' may change the sign of the result [-Wsign-conversion]
  291 |     if (7 <= console_loglevel) console_write(buf, len);
      |                                                   ^~~
<2> Building kernel/kernel/kthread.c
kernel/kernel/module.c: In function '__apply_relocations':
kernel/kernel/module.c:83:17: warning: unused variable 'shstr' [-Wunused-variable]
   83 |     const char* shstr = (const char*)(data + shstrtab->sh_offset);
      |                 ^~~~~
kernel/kernel/module.c:76:77: warning: unused parameter 'size' [-Wunused-parameter]
   76 | static int __apply_relocations(module_t* mod, const uint8_t* data, uint64_t size)
      |                                                                    ~~~~~~~~~^~~~
kernel/kernel/module.c: In function 'module_load':
kernel/kernel/module.c:144:56: warning: pointer of type 'void *' used in arithmetic [-Wpointer-arith]
  144 |     const Elf64_Shdr* shdrs = (const Elf64_Shdr*)(data + ehdr->e_shoff);
      |                                                        ^
kernel/kernel/module.c:146:44: warning: pointer of type 'void *' used in arithmetic [-Wpointer-arith]
  146 |     const char* shstr = (const char*)(data + shstrtab->sh_offset);
      |                                            ^
kernel/kernel/module.c:155:44: warning: pointer of type 'void *' used in arithmetic [-Wpointer-arith]
  155 |             memcpy(mod->text_section, data + shdrs[i].sh_offset, shdrs[i].sh_size);
      |                                            ^
kernel/kernel/module.c:160:44: warning: pointer of type 'void *' used in arithmetic [-Wpointer-arith]
  160 |             memcpy(mod->data_section, data + shdrs[i].sh_offset, shdrs[i].sh_size);
      |                                            ^
kernel/kernel/module.c:167:55: warning: pointer of type 'void *' used in arithmetic [-Wpointer-arith]
  167 |             if (mod->symtab) memcpy(mod->symtab, data + shdrs[i].sh_offset, shdrs[i].sh_size);
      |                                                       ^
kernel/kernel/module.c:171:55: warning: pointer of type 'void *' used in arithmetic [-Wpointer-arith]
  171 |             if (mod->strtab) memcpy(mod->strtab, data + shdrs[i].sh_offset, shdrs[i].sh_size);
      |                                                       ^
kernel/kernel/module.c:185:63: warning: pointer of type 'void *' used in arithmetic [-Wpointer-arith]
  185 |                 mod->init = (int (*)(void))(mod->text_section + syms[i].st_value);
      |                                                               ^
kernel/kernel/module.c:185:29: warning: ISO C forbids conversion of object pointer to function pointer type [-Wpedantic]
  185 |                 mod->init = (int (*)(void))(mod->text_section + syms[i].st_value);
      |                             ^
kernel/kernel/module.c:187:64: warning: pointer of type 'void *' used in arithmetic [-Wpointer-arith]
  187 |                 mod->exit = (void (*)(void))(mod->text_section + syms[i].st_value);
      |                                                                ^
kernel/kernel/module.c:187:29: warning: ISO C forbids conversion of object pointer to function pointer type [-Wpedantic]
  187 |                 mod->exit = (void (*)(void))(mod->text_section + syms[i].st_value);
      |                             ^
kernel/kernel/module.c: In function 'module_get_next':
kernel/kernel/module.c:290:20: warning: conversion from 'long long int' to 'uint32_t' {aka 'unsigned int'} may change value [-Wconversion]
  290 |     uint32_t idx = mod - module_table;
      |                    ^~~
kernel/kernel/module.c: At top level:
kernel/kernel/module.c:76:12: warning: '__apply_relocations' defined but not used [-Wunused-function]
   76 | static int __apply_relocations(module_t* mod, const uint8_t* data, uint64_t size)
      |            ^~~~~~~~~~~~~~~~~~~
<0> Building kernel/kernel/kernel.c
kernel/kernel/kthread.c: In function 'kthread_entry':
kernel/kernel/kthread.c:28:18: warning: conversion to 'uint64_t' {aka 'long long unsigned int'} from 'int' may change the sign of the result [-Wsign-conversion]
   28 |     kt->result = ret;
      |                  ^~~
kernel/kernel/kthread.c: In function 'kthread_create':
kernel/kernel/kthread.c:49:44: warning: ISO C forbids passing argument 2 of 'process_create_ex' between function pointer and 'void *' [-Wpedantic]
   49 |     uint64_t pid = process_create_ex(name, kthread_entry, NULL,
      |                                            ^~~~~~~~~~~~~
In file included from kernel/kernel/kthread.h:7,
                 from kernel/kernel/kthread.c:3:
kernel/arch/x86_64/include/arch/process.h:107:52: note: expected 'void *' but argument is of type 'void (*)(void)'
  107 | uint64_t process_create_ex(const char* name, void* entry, void* arg,
      |                                              ~~~~~~^~~~~
kernel/kernel/kthread.c: At top level:
kernel/kernel/kthread.c:13:13: warning: '__kthread_wrapper' declared 'static' but never defined [-Wunused-function]
   13 | static void __kthread_wrapper(void);
      |             ^~~~~~~~~~~~~~~~~
In file included from include/kapi.h:23,
                 from kernel/kernel/kernel.c:36:
include/kapi_bitmap.h: In function 'kapi_bitmap_set_all':
include/kapi_bitmap.h:33:26: warning: conversion from 'long long unsigned int' to 'unsigned int' may change value [-Wconversion]
   33 |     unsigned int longs = (nbits + KAPI_BITS_PER_LONG - 1) / KAPI_BITS_PER_LONG;
      |                          ^
include/kapi_bitmap.h: In function 'kapi_bitmap_clear_all':
include/kapi_bitmap.h:41:26: warning: conversion from 'long long unsigned int' to 'unsigned int' may change value [-Wconversion]
   41 |     unsigned int longs = (nbits + KAPI_BITS_PER_LONG - 1) / KAPI_BITS_PER_LONG;
      |                          ^
include/kapi_bitmap.h: In function 'kapi_bitmap_find_first':
include/kapi_bitmap.h:49:26: warning: conversion from 'long long unsigned int' to 'unsigned int' may change value [-Wconversion]
   49 |     unsigned int longs = (nbits + KAPI_BITS_PER_LONG - 1) / KAPI_BITS_PER_LONG;
      |                          ^
include/kapi_bitmap.h:56:35: warning: conversion to 'int' from 'unsigned int' may change the sign of the result [-Wsign-conversion]
   56 |                     return offset + j;
      |                            ~~~~~~~^~~
include/kapi_bitmap.h: In function 'kapi_bitmap_find_first_zero':
include/kapi_bitmap.h:66:26: warning: conversion from 'long long unsigned int' to 'unsigned int' may change value [-Wconversion]
   66 |     unsigned int longs = (nbits + KAPI_BITS_PER_LONG - 1) / KAPI_BITS_PER_LONG;
      |                          ^
include/kapi_bitmap.h:73:35: warning: conversion to 'int' from 'unsigned int' may change the sign of the result [-Wsign-conversion]
   73 |                     return offset + j;
      |                            ~~~~~~~^~~
include/kapi_bitmap.h: In function 'kapi_bitmap_count':
include/kapi_bitmap.h:84:26: warning: conversion from 'long long unsigned int' to 'unsigned int' may change value [-Wconversion]
   84 |     unsigned int longs = (nbits + KAPI_BITS_PER_LONG - 1) / KAPI_BITS_PER_LONG;
      |                          ^
In file included from include/kapi.h:59:
include/kapi_netlink.h: In function 'kapi_nlmsg_next':
include/kapi_netlink.h:19:37: warning: conversion to 'int' from 'uint32_t' {aka 'unsigned int'} may change the sign of the result [-Wsign-conversion]
   19 | #define KAPI_NLMSG_ALIGNTO          4
      |                                     ^
include/kapi_netlink.h:75:18: note: in expansion of macro 'KAPI_NLMSG_ALIGNTO'
   75 |     int totlen = KAPI_NLMSG_ALIGNTO * ((nlh->nlmsg_len + KAPI_NLMSG_ALIGNTO - 1) / KAPI_NLMSG_ALIGNTO);
      |                  ^~~~~~~~~~~~~~~~~~
kernel/kernel/kernel.c: In function 'kernel_main':
kernel/kernel/kernel.c:116:29: warning: ISO C forbids passing argument 2 of 'drivers_register' between function pointer and 'void *' [-Wpedantic]
  116 |     drivers_register("PCI", pci_init);
      |                             ^~~~~~~~
In file included from kernel/kernel/kernel.c:2:
kernel/arch/x86_64/include/arch/drivers.h:7:47: note: expected 'void *' but argument is of type 'void (*)(void)'
    7 | void drivers_register(const char* name, void* init_func);
      |                                         ~~~~~~^~~~~~~~~
kernel/kernel/kernel.c:117:30: warning: ISO C forbids passing argument 2 of 'drivers_register' between function pointer and 'void *' [-Wpedantic]
  117 |     drivers_register("ACPI", acpi_init);
      |                              ^~~~~~~~~
kernel/arch/x86_64/include/arch/drivers.h:7:47: note: expected 'void *' but argument is of type 'void (*)(void)'
    7 | void drivers_register(const char* name, void* init_func);
      |                                         ~~~~~~^~~~~~~~~
kernel/kernel/kernel.c:118:32: warning: ISO C forbids passing argument 2 of 'drivers_register' between function pointer and 'void *' [-Wpedantic]
  118 |     drivers_register("SMBIOS", smbios_init);
      |                                ^~~~~~~~~~~
kernel/arch/x86_64/include/arch/drivers.h:7:47: note: expected 'void *' but argument is of type 'void (*)(void)'
    7 | void drivers_register(const char* name, void* init_func);
      |                                         ~~~~~~^~~~~~~~~
kernel/kernel/kernel.c:119:29: warning: ISO C forbids passing argument 2 of 'drivers_register' between function pointer and 'void *' [-Wpedantic]
  119 |     drivers_register("RTC", rtc_init);
      |                             ^~~~~~~~
kernel/arch/x86_64/include/arch/drivers.h:7:47: note: expected 'void *' but argument is of type 'void (*)(void)'
    7 | void drivers_register(const char* name, void* init_func);
      |                                         ~~~~~~^~~~~~~~~
kernel/kernel/kernel.c:120:29: warning: ISO C forbids passing argument 2 of 'drivers_register' between function pointer and 'void *' [-Wpedantic]
  120 |     drivers_register("PIT", pit_init);
      |                             ^~~~~~~~
kernel/arch/x86_64/include/arch/drivers.h:7:47: note: expected 'void *' but argument is of type 'void (*)(void)'
    7 | void drivers_register(const char* name, void* init_func);
      |                                         ~~~~~~^~~~~~~~~
kernel/kernel/kernel.c:121:29: warning: ISO C forbids passing argument 2 of 'drivers_register' between function pointer and 'void *' [-Wpedantic]
  121 |     drivers_register("PIC", pic_init);
      |                             ^~~~~~~~
kernel/arch/x86_64/include/arch/drivers.h:7:47: note: expected 'void *' but argument is of type 'void (*)(void)'
    7 | void drivers_register(const char* name, void* init_func);
      |                                         ~~~~~~^~~~~~~~~
kernel/kernel/kernel.c:122:29: warning: ISO C forbids passing argument 2 of 'drivers_register' between function pointer and 'void *' [-Wpedantic]
  122 |     drivers_register("IDT", idt_init);
      |                             ^~~~~~~~
kernel/arch/x86_64/include/arch/drivers.h:7:47: note: expected 'void *' but argument is of type 'void (*)(void)'
    7 | void drivers_register(const char* name, void* init_func);
      |                                         ~~~~~~^~~~~~~~~
kernel/kernel/kernel.c:123:29: warning: ISO C forbids passing argument 2 of 'drivers_register' between function pointer and 'void *' [-Wpedantic]
  123 |     drivers_register("GDT", gdt_init);
      |                             ^~~~~~~~
kernel/arch/x86_64/include/arch/drivers.h:7:47: note: expected 'void *' but argument is of type 'void (*)(void)'
    7 | void drivers_register(const char* name, void* init_func);
      |                                         ~~~~~~^~~~~~~~~
kernel/kernel/kernel.c:124:30: warning: ISO C forbids passing argument 2 of 'drivers_register' between function pointer and 'void *' [-Wpedantic]
  124 |     drivers_register("HPET", hpet_init);
      |                              ^~~~~~~~~
kernel/arch/x86_64/include/arch/drivers.h:7:47: note: expected 'void *' but argument is of type 'void (*)(void)'
    7 | void drivers_register(const char* name, void* init_func);
      |                                         ~~~~~~^~~~~~~~~
kernel/kernel/kernel.c:125:30: warning: ISO C forbids passing argument 2 of 'drivers_register' between function pointer and 'void *' [-Wpedantic]
  125 |     drivers_register("AHCI", ahci_init);
      |                              ^~~~~~~~~
kernel/arch/x86_64/include/arch/drivers.h:7:47: note: expected 'void *' but argument is of type 'void (*)(void)'
    7 | void drivers_register(const char* name, void* init_func);
      |                                         ~~~~~~^~~~~~~~~
kernel/kernel/kernel.c:126:30: warning: ISO C forbids passing argument 2 of 'drivers_register' between function pointer and 'void *' [-Wpedantic]
  126 |     drivers_register("SATA", sata_init);
      |                              ^~~~~~~~~
kernel/arch/x86_64/include/arch/drivers.h:7:47: note: expected 'void *' but argument is of type 'void (*)(void)'
    7 | void drivers_register(const char* name, void* init_func);
      |                                         ~~~~~~^~~~~~~~~
kernel/kernel/kernel.c:127:30: warning: ISO C forbids passing argument 2 of 'drivers_register' between function pointer and 'void *' [-Wpedantic]
  127 |     drivers_register("EHCI", ehci_init);
      |                              ^~~~~~~~~
kernel/arch/x86_64/include/arch/drivers.h:7:47: note: expected 'void *' but argument is of type 'void (*)(void)'
    7 | void drivers_register(const char* name, void* init_func);
      |                                         ~~~~~~^~~~~~~~~
kernel/kernel/kernel.c:128:30: warning: ISO C forbids passing argument 2 of 'drivers_register' between function pointer and 'void *' [-Wpedantic]
  128 |     drivers_register("XHCI", xhci_init);
      |                              ^~~~~~~~~
kernel/arch/x86_64/include/arch/drivers.h:7:47: note: expected 'void *' but argument is of type 'void (*)(void)'
    7 | void drivers_register(const char* name, void* init_func);
      |                                         ~~~~~~^~~~~~~~~
kernel/kernel/kernel.c:129:33: warning: ISO C forbids passing argument 2 of 'drivers_register' between function pointer and 'void *' [-Wpedantic]
  129 |     drivers_register("NETWORK", network_init);
      |                                 ^~~~~~~~~~~~
kernel/arch/x86_64/include/arch/drivers.h:7:47: note: expected 'void *' but argument is of type 'void (*)(void)'
    7 | void drivers_register(const char* name, void* init_func);
      |                                         ~~~~~~^~~~~~~~~
kernel/kernel/kernel.c:130:31: warning: ISO C forbids passing argument 2 of 'drivers_register' between function pointer and 'void *' [-Wpedantic]
  130 |     drivers_register("SOUND", sound_init);
      |                               ^~~~~~~~~~
kernel/arch/x86_64/include/arch/drivers.h:7:47: note: expected 'void *' but argument is of type 'void (*)(void)'
    7 | void drivers_register(const char* name, void* init_func);
      |                                         ~~~~~~^~~~~~~~~
kernel/kernel/kernel.c:131:30: warning: ISO C forbids passing argument 2 of 'drivers_register' between function pointer and 'void *' [-Wpedantic]
  131 |     drivers_register("AC97", ac97_init);
      |                              ^~~~~~~~~
kernel/arch/x86_64/include/arch/drivers.h:7:47: note: expected 'void *' but argument is of type 'void (*)(void)'
    7 | void drivers_register(const char* name, void* init_func);
      |                                         ~~~~~~^~~~~~~~~
kernel/kernel/kernel.c:132:29: warning: ISO C forbids passing argument 2 of 'drivers_register' between function pointer and 'void *' [-Wpedantic]
  132 |     drivers_register("HDA", hda_init);
      |                             ^~~~~~~~
kernel/arch/x86_64/include/arch/drivers.h:7:47: note: expected 'void *' but argument is of type 'void (*)(void)'
    7 | void drivers_register(const char* name, void* init_func);
      |                                         ~~~~~~^~~~~~~~~
kernel/kernel/kernel.c:133:34: warning: ISO C forbids passing argument 2 of 'drivers_register' between function pointer and 'void *' [-Wpedantic]
  133 |     drivers_register("USERMODE", usermode_init);
      |                                  ^~~~~~~~~~~~~
kernel/arch/x86_64/include/arch/drivers.h:7:47: note: expected 'void *' but argument is of type 'void (*)(void)'
    7 | void drivers_register(const char* name, void* init_func);
      |                                         ~~~~~~^~~~~~~~~
kernel/kernel/kernel.c:134:31: warning: ISO C forbids passing argument 2 of 'drivers_register' between function pointer and 'void *' [-Wpedantic]
  134 |     drivers_register("SHELL", shell_init);
      |                               ^~~~~~~~~~
kernel/arch/x86_64/include/arch/drivers.h:7:47: note: expected 'void *' but argument is of type 'void (*)(void)'
    7 | void drivers_register(const char* name, void* init_func);
      |                                         ~~~~~~^~~~~~~~~
kernel/kernel/kernel.c:170:37: warning: ISO C forbids conversion of function pointer to object pointer type [-Wpedantic]
  170 |     usermode_create_process("init", (void*)init_main, &pid);
      |                                     ^
kernel/kernel/kernel.c:57:71: warning: unused parameter 'mmi' [-Wunused-parameter]
   57 | void kernel_main(struct FrameBufferConfig *fbc, struct MemoryMapInfo *mmi)
      |                                                 ~~~~~~~~~~~~~~~~~~~~~~^~~
<2> Building kernel/kernel/ipc.c
<1> Building kernel/kernel/interrupt.c
<0> Building kernel/kernel/gdb_stub.c
kernel/kernel/ipc.c: In function 'shm_get':
kernel/kernel/ipc.c:73:40: warning: unsigned conversion from 'int' to 'uint64_t' {aka 'long long unsigned int'} changes value from '-4096' to '18446744073709547520' [-Wsign-conversion]
   73 |     seg->size = (size + PAGE_SIZE - 1) & ~(PAGE_SIZE - 1);
      |                                        ^
kernel/kernel/ipc.c:81:24: warning: conversion from 'uint64_t' {aka 'long long unsigned int'} to 'uint32_t' {aka 'unsigned int'} may change value [-Wconversion]
   81 |     seg->creator_pid = current_process;
      |                        ^~~~~~~~~~~~~~~
kernel/kernel/ipc.c: In function 'shm_at':
kernel/kernel/ipc.c:111:14: warning: unsigned conversion from 'int' to 'uint32_t' {aka 'unsigned int'} changes value from '-3' to '4294967293' [-Wsign-conversion]
  111 |         prot &= ~PROT_WRITE;
      |              ^~
kernel/kernel/ipc.c: In function 'msg_get':
kernel/kernel/ipc.c:245:34: warning: conversion from 'uint64_t' {aka 'long long unsigned int'} to 'uint32_t' {aka 'unsigned int'} may change value [-Wconversion]
  245 |     msg_queues[id].creator_pid = current_process;
      |                                  ^~~~~~~~~~~~~~~
kernel/kernel/ipc.c: In function 'sem_get':
kernel/kernel/ipc.c:410:17: warning: conversion from 'int' to 'uint16_t' {aka 'short unsigned int'} may change value [-Wconversion]
  410 |     ss->nsems = nsems;
      |                 ^~~~~
kernel/kernel/ipc.c:412:23: warning: conversion from 'uint64_t' {aka 'long long unsigned int'} to 'uint32_t' {aka 'unsigned int'} may change value [-Wconversion]
  412 |     ss->creator_pid = current_process;
      |                       ^~~~~~~~~~~~~~~
kernel/kernel/ipc.c: In function 'sem_op':
kernel/kernel/ipc.c:452:27: warning: conversion from 'int' to 'int16_t' {aka 'short int'} may change value [-Wconversion]
  452 |         ss->values[num] = val;
      |                           ^~~
kernel/kernel/ipc.c: In function 'sem_ctl':
kernel/kernel/ipc.c:472:38: warning: conversion from 'int' to 'int16_t' {aka 'short int'} may change value [-Wconversion]
  472 |                 ss->values[semnum] = *(int*)arg;
      |                                      ^
kernel/kernel/ipc.c: In function 'futex_wait':
kernel/kernel/ipc.c:503:52: warning: unused parameter 'timeout_ms' [-Wunused-parameter]
  503 | int futex_wait(void* uaddr, uint32_t val, uint64_t timeout_ms)
      |                                           ~~~~~~~~~^~~~~~~~~~
kernel/kernel/ipc.c: In function 'futex_wake':
kernel/kernel/ipc.c:573:12: warning: conversion to 'int' from 'uint32_t' {aka 'unsigned int'} may change the sign of the result [-Wsign-conversion]
  573 |     return woken;
      |            ^~~~~
kernel/kernel/ipc.c: In function 'futex_requeue':
kernel/kernel/ipc.c:600:12: warning: conversion to 'int' from 'uint32_t' {aka 'unsigned int'} may change the sign of the result [-Wsign-conversion]
  600 |     return moved;
      |            ^~~~~
kernel/kernel/ipc.c: In function 'ipc_syscall':
kernel/kernel/ipc.c:626:53: warning: cast to pointer from integer of different size [-Wint-to-pointer-cast]
  626 |                 void* ret = shm_at((uint32_t)first, (void*)second, (int)third);
      |                                                     ^
kernel/kernel/ipc.c:627:30: warning: cast from pointer to integer of different size [-Wpointer-to-int-cast]
  627 |                 return ret ? (long)ret : -1;
      |                              ^
kernel/kernel/ipc.c:630:27: warning: cast to pointer from integer of different size [-Wint-to-pointer-cast]
  630 |             return shm_dt((void*)first);
      |                           ^
kernel/kernel/ipc.c:632:58: warning: cast to pointer from integer of different size [-Wint-to-pointer-cast]
  632 |             return shm_ctl((uint32_t)first, (int)second, (void*)third);
      |                                                          ^
kernel/kernel/ipc.c:641:46: warning: cast to pointer from integer of different size [-Wint-to-pointer-cast]
  641 |             return msg_send((uint32_t)first, (void*)second, (uint64_t)third, (int)fourth);
      |                                              ^
kernel/kernel/ipc.c:643:46: warning: cast to pointer from integer of different size [-Wint-to-pointer-cast]
  643 |             return msg_recv((uint32_t)first, (void*)second, (uint64_t)third, (long)fourth, (int)fifth);
      |                                              ^
kernel/kernel/ipc.c:645:58: warning: cast to pointer from integer of different size [-Wint-to-pointer-cast]
  645 |             return msg_ctl((uint32_t)first, (int)second, (void*)third);
      |                                                          ^
kernel/kernel/ipc.c:654:44: warning: cast to pointer from integer of different size [-Wint-to-pointer-cast]
  654 |             return sem_op((uint32_t)first, (struct sembuf*)second, (uint32_t)third);
      |                                            ^
kernel/kernel/ipc.c:656:70: warning: cast to pointer from integer of different size [-Wint-to-pointer-cast]
  656 |             return sem_ctl((uint32_t)first, (int)second, (int)third, (void*)fifth);
      |                                                                      ^
kernel/kernel/interrupt.c: In function 'interrupt_register':
kernel/kernel/interrupt.c:15:13: warning: comparison is always true due to limited range of data type [-Wtype-limits]
   15 |     if (irq < 256) {
      |             ^
kernel/kernel/interrupt.c: In function 'interrupt_dispatch':
kernel/kernel/interrupt.c:45:33: warning: ISO C forbids conversion of object pointer to function pointer type [-Wpedantic]
   45 |         void (*handler)(void) = (void (*)(void))interrupt_handlers[irq];
      |                                 ^
kernel/kernel/gdb_stub.c: In function 'com1_read':
kernel/kernel/gdb_stub.c:49:12: warning: conversion to 'char' from 'uint8_t' {aka 'unsigned char'} may change the sign of the result [-Wsign-conversion]
   49 |     return inb(COM1_RBR);
      |            ^~~~~~~~~~~~~
kernel/kernel/gdb_stub.c: In function 'com1_write':
kernel/kernel/gdb_stub.c:55:20: warning: conversion to 'uint8_t' {aka 'unsigned char'} from 'char' may change the sign of the result [-Wsign-conversion]
   55 |     outb(COM1_THR, c);
      |                    ^
kernel/kernel/gdb_stub.c: In function 'gdb_get_packet':
kernel/kernel/gdb_stub.c:100:21: warning: conversion from 'int' to 'uint8_t' {aka 'unsigned char'} may change value [-Wconversion]
  100 |     recv_checksum = (c >= 'a') ? (c - 'a' + 10) : (c - '0') << 4;
      |                     ^
kernel/kernel/gdb_stub.c:102:22: warning: conversion from 'int' to 'uint8_t' {aka 'unsigned char'} may change value [-Wconversion]
  102 |     recv_checksum |= (c >= 'a') ? (c - 'a' + 10) : (c - '0');
      |                      ^
kernel/kernel/gdb_stub.c: In function 'hex_to_u64':
kernel/kernel/gdb_stub.c:130:13: warning: conversion to 'uint64_t' {aka 'long long unsigned int'} from 'int' may change the sign of the result [-Wsign-conversion]
  130 |         val |= hex2int(*s);
      |             ^~
kernel/kernel/gdb_stub.c: In function 'gdb_stub_enter':
kernel/kernel/gdb_stub.c:261:59: warning: conversion to 'size_t' {aka 'long long unsigned int'} from 'int' may change the sign of the result [-Wsign-conversion]
  261 |                 char* comma = (char*)memchr(gdb_buf, ',', len);
      |                                                           ^~~
kernel/kernel/gdb_stub.c:282:59: warning: conversion to 'size_t' {aka 'long long unsigned int'} from 'int' may change the sign of the result [-Wsign-conversion]
  282 |                 char* comma = (char*)memchr(gdb_buf, ',', len);
      |                                                           ^~~
kernel/kernel/gdb_stub.c:286:89: warning: conversion to 'size_t' {aka 'long long unsigned int'} from 'long long int' may change the sign of the result [-Wsign-conversion]
  286 |                     char* colon = (char*)memchr(comma + 1, ':', len - (comma - gdb_buf) - 1);
      |                                                                 ~~~~~~~~~~~~~~~~~~~~~~~~^~~
kernel/kernel/gdb_stub.c:305:63: warning: conversion to 'size_t' {aka 'long long unsigned int'} from 'int' may change the sign of the result [-Wsign-conversion]
  305 |                 char* comma = (char*)memchr(gdb_buf + 2, ',', len);
      |                                                               ^~~
kernel/kernel/gdb_stub.c:319:63: warning: conversion to 'size_t' {aka 'long long unsigned int'} from 'int' may change the sign of the result [-Wsign-conversion]
  319 |                 char* comma = (char*)memchr(gdb_buf + 2, ',', len);
      |                                                               ^~~
kernel/kernel/gdb_stub.c:354:21: warning: unused variable 'len' [-Wunused-variable]
  354 |                 int len = gdb_get_packet(gdb_buf, sizeof(gdb_buf));
      |                     ^~~
<3> Building kernel/kernel/fs.c
<1> Building kernel/kernel/fifo.c
kernel/kernel/fs.c: In function 'vfs_read':
kernel/kernel/fs.c:103:28: warning: conversion to 'uint64_t' {aka 'long long unsigned int'} from 'int' may change the sign of the result [-Wsign-conversion]
  103 |     if (ret > 0) f->offset += ret;
      |                            ^~
kernel/kernel/fs.c: In function 'vfs_write':
kernel/kernel/fs.c:113:28: warning: conversion to 'uint64_t' {aka 'long long unsigned int'} from 'int' may change the sign of the result [-Wsign-conversion]
  113 |     if (ret > 0) f->offset += ret;
      |                            ^~
<1> Building kernel/kernel/epoll.c
<0> Building kernel/kernel/drivers.c
<3> Building kernel/kernel/devtmpfs.c
kernel/kernel/drivers.c: In function 'drivers_register':
kernel/kernel/drivers.c:39:34: warning: ISO C forbids conversion of object pointer to function pointer type [-Wpedantic]
   39 |     drivers[driver_count].init = (int (*)(void))init_func;
      |                                  ^
<2> Building kernel/arch/x86_64/xhci.c
kernel/arch/x86_64/xhci.c: In function 'xhci_init':
kernel/arch/x86_64/xhci.c:17:59: warning: conversion from 'int' to 'uint8_t' {aka 'unsigned char'} may change value [-Wconversion]
   17 |                 uint32_t class_code_reg = pci_read_config(b, d, f, 0x08);
      |                                                           ^
kernel/arch/x86_64/xhci.c:17:62: warning: conversion from 'int' to 'uint8_t' {aka 'unsigned char'} may change value [-Wconversion]
   17 |                 uint32_t class_code_reg = pci_read_config(b, d, f, 0x08);
      |                                                              ^
kernel/arch/x86_64/xhci.c:17:65: warning: conversion from 'int' to 'uint8_t' {aka 'unsigned char'} may change value [-Wconversion]
   17 |                 uint32_t class_code_reg = pci_read_config(b, d, f, 0x08);
      |                                                                 ^
kernel/arch/x86_64/xhci.c:21:38: warning: conversion from 'uint32_t' {aka 'unsigned int'} to 'uint8_t' {aka 'unsigned char'} may change value [-Wconversion]
   21 |                 uint8_t class_code = (class_code_reg >> 24) & 0xFF;
      |                                      ^
kernel/arch/x86_64/xhci.c:27:37: warning: conversion from 'int' to 'uint8_t' {aka 'unsigned char'} may change value [-Wconversion]
   27 |                         ctrl->bus = b;
      |                                     ^
kernel/arch/x86_64/xhci.c:28:40: warning: conversion from 'int' to 'uint8_t' {aka 'unsigned char'} may change value [-Wconversion]
   28 |                         ctrl->device = d;
      |                                        ^
kernel/arch/x86_64/xhci.c:29:42: warning: conversion from 'int' to 'uint8_t' {aka 'unsigned char'} may change value [-Wconversion]
   29 |                         ctrl->function = f;
      |                                          ^
kernel/arch/x86_64/xhci.c:30:54: warning: conversion from 'int' to 'uint8_t' {aka 'unsigned char'} may change value [-Wconversion]
   30 |                         ctrl->base = pci_read_config(b, d, f, 0x10) & 0xFFFFFFF0;
      |                                                      ^
kernel/arch/x86_64/xhci.c:30:57: warning: conversion from 'int' to 'uint8_t' {aka 'unsigned char'} may change value [-Wconversion]
   30 |                         ctrl->base = pci_read_config(b, d, f, 0x10) & 0xFFFFFFF0;
      |                                                         ^
kernel/arch/x86_64/xhci.c:30:60: warning: conversion from 'int' to 'uint8_t' {aka 'unsigned char'} may change value [-Wconversion]
   30 |                         ctrl->base = pci_read_config(b, d, f, 0x10) & 0xFFFFFFF0;
      |                                                            ^
<0> Building kernel/arch/x86_64/virtio.c
<3> Building kernel/arch/x86_64/vga.c
kernel/arch/x86_64/virtio.c: In function '__vq_alloc':
kernel/arch/x86_64/virtio.c:16:47: warning: conversion to 'uint64_t' {aka 'long long unsigned int'} from 'int' may change the sign of the result [-Wsign-conversion]
   16 |     vq->avail = (virtq_avail_t*)kzalloc(2 + 2 + 2 * num);
      |                                         ~~~~~~^~~~~~~~~
kernel/arch/x86_64/virtio.c:19:45: warning: conversion to 'uint64_t' {aka 'long long unsigned int'} from 'int' may change the sign of the result [-Wsign-conversion]
   19 |     vq->used = (virtq_used_t*)kzalloc(2 + 2 + 8 * num);
      |                                       ~~~~~~^~~~~~~~~
kernel/arch/x86_64/virtio.c:23:29: warning: conversion from 'int' to 'uint16_t' {aka 'short unsigned int'} may change value [-Wconversion]
   23 |         vq->descs[i].next = (i + 1) % num;
      |                             ^
kernel/arch/x86_64/virtio.c: In function '__vq_get_used':
kernel/arch/x86_64/virtio.c:61:11: warning: conversion from 'uint32_t' {aka 'unsigned int'} to 'uint16_t' {aka 'short unsigned int'} may change value [-Wconversion]
   61 |     *id = elem->id;
      |           ^~~~
kernel/arch/x86_64/virtio.c: In function 'virtio_blk_init':
kernel/arch/x86_64/virtio.c:91:27: warning: conversion from 'uint32_t' {aka 'unsigned int'} to 'uint16_t' {aka 'short unsigned int'} may change value [-Wconversion]
   91 |     uint16_t queue_size = mmio->queue_size;
      |                           ^~~~
kernel/arch/x86_64/virtio.c: In function 'virtio_net_init':
kernel/arch/x86_64/virtio.c:188:24: warning: conversion from 'uint32_t' {aka 'unsigned int'} to 'uint16_t' {aka 'short unsigned int'} may change value [-Wconversion]
  188 |     uint16_t rx_size = mmio->queue_size;
      |                        ^~~~
kernel/arch/x86_64/virtio.c:194:24: warning: conversion from 'uint32_t' {aka 'unsigned int'} to 'uint16_t' {aka 'short unsigned int'} may change value [-Wconversion]
  194 |     uint16_t tx_size = mmio->queue_size;
      |                        ^~~~
<2> Building kernel/arch/x86_64/usermode.c
<1> Building kernel/arch/x86_64/usb_hid.c
kernel/arch/x86_64/usermode.c: In function 'usermode_create_process':
kernel/arch/x86_64/usermode.c:20:46: warning: unused parameter 'name' [-Wunused-parameter]
   20 | uint64_t usermode_create_process(const char* name, void* entry, uint64_t* pid)
      |                                  ~~~~~~~~~~~~^~~~
kernel/arch/x86_64/usermode.c: In function 'usermode_syscall_handler':
kernel/arch/x86_64/usermode.c:123:41: warning: unused parameter 'context' [-Wunused-parameter]
  123 | void usermode_syscall_handler(uint64_t* context)
      |                               ~~~~~~~~~~^~~~~~~
kernel/arch/x86_64/usermode.c: In function 'usermode_page_fault_handler':
kernel/arch/x86_64/usermode.c:129:43: warning: unused parameter 'fault_addr' [-Wunused-parameter]
  129 | void usermode_page_fault_handler(uint64_t fault_addr, uint64_t error_code)
      |                                  ~~~~~~~~~^~~~~~~~~~
kernel/arch/x86_64/usermode.c:129:64: warning: unused parameter 'error_code' [-Wunused-parameter]
  129 | void usermode_page_fault_handler(uint64_t fault_addr, uint64_t error_code)
      |                                                       ~~~~~~~~~^~~~~~~~~~
kernel/arch/x86_64/usb_hid.c: In function 'hid_probe_device':
kernel/arch/x86_64/usb_hid.c:207:31: warning: conversion from 'int' to 'uint8_t' {aka 'unsigned char'} may change value [-Wconversion]
  207 |         hid_parse_report_desc(slot);
      |                               ^~~~
kernel/arch/x86_64/usb_hid.c: In function 'hid_parse_report_desc':
kernel/arch/x86_64/usb_hid.c:369:27: warning: conversion from 'int' to 'uint16_t' {aka 'short unsigned int'} may change value [-Wconversion]
  369 |             total_bits += report_size * report_count;
      |                           ^~~~~~~~~~~
kernel/arch/x86_64/usb_hid.c:372:14: warning: conversion from 'int' to 'uint16_t' {aka 'short unsigned int'} may change value [-Wconversion]
  372 |         i += 1 + bSize;
      |              ^
kernel/arch/x86_64/usb_hid.c: At top level:
kernel/arch/x86_64/usb_hid.c:55:12: warning: 'usb_submit_interrupt' defined but not used [-Wunused-function]
   55 | static int usb_submit_interrupt(void* dev, uint8_t ep_addr,
      |            ^~~~~~~~~~~~~~~~~~~~
C:\Users\Administrator\AppData\Local\Temp\ccDwfa4P.s: Assembler messages:
C:\Users\Administrator\AppData\Local\Temp\ccDwfa4P.s:80: Warning: no instruction mnemonic suffix given and no register operands; using default for `sysret'
<3> Building kernel/arch/x86_64/tmpfs.c
<2> Building kernel/arch/x86_64/swap.c
<0> Building kernel/arch/x86_64/sound.c
kernel/arch/x86_64/swap.c: In function 'bitmap_clear':
kernel/arch/x86_64/swap.c:34:25: warning: conversion from 'unsigned int' to 'uint8_t' {aka 'unsigned char'} may change value [-Wconversion]
   34 |     bitmap[bit >> 3] &= ~(1U << (bit & 7));
      |                         ^
kernel/arch/x86_64/swap.c: In function 'swap_add_area':
kernel/arch/x86_64/swap.c:210:21: warning: conversion to 'uint64_t' {aka 'long long unsigned int'} from 'int' may change the sign of the result [-Wsign-conversion]
  210 |             current += n;
      |                     ^~
kernel/arch/x86_64/swap.c: In function 'swap_out':
kernel/arch/x86_64/swap.c:386:18: warning: unused variable 'swap_pte' [-Wunused-variable]
  386 |         uint64_t swap_pte = SWAP_ENTRY_TO_PTE(entry);
      |                  ^~~~~~~~
kernel/arch/x86_64/swap.c: At top level:
kernel/arch/x86_64/swap.c:46:17: warning: 'bitmap_find_free_range' defined but not used [-Wunused-function]
   46 | static uint64_t bitmap_find_free_range(const uint8_t* bitmap,
      |                 ^~~~~~~~~~~~~~~~~~~~~~
kernel/arch/x86_64/sound.c: In function 'sound_init':
kernel/arch/x86_64/sound.c:19:59: warning: conversion from 'int' to 'uint8_t' {aka 'unsigned char'} may change value [-Wconversion]
   19 |                 uint32_t class_code_reg = pci_read_config(b, d, f, 0x08);
      |                                                           ^
kernel/arch/x86_64/sound.c:19:62: warning: conversion from 'int' to 'uint8_t' {aka 'unsigned char'} may change value [-Wconversion]
   19 |                 uint32_t class_code_reg = pci_read_config(b, d, f, 0x08);
      |                                                              ^
kernel/arch/x86_64/sound.c:19:65: warning: conversion from 'int' to 'uint8_t' {aka 'unsigned char'} may change value [-Wconversion]
   19 |                 uint32_t class_code_reg = pci_read_config(b, d, f, 0x08);
      |                                                                 ^
kernel/arch/x86_64/sound.c:23:38: warning: conversion from 'uint32_t' {aka 'unsigned int'} to 'uint8_t' {aka 'unsigned char'} may change value [-Wconversion]
   23 |                 uint8_t class_code = (class_code_reg >> 24) & 0xFF;
      |                                      ^
kernel/arch/x86_64/sound.c:29:36: warning: conversion from 'int' to 'uint8_t' {aka 'unsigned char'} may change value [-Wconversion]
   29 |                         dev->bus = b;
      |                                    ^
kernel/arch/x86_64/sound.c:30:39: warning: conversion from 'int' to 'uint8_t' {aka 'unsigned char'} may change value [-Wconversion]
   30 |                         dev->device = d;
      |                                       ^
kernel/arch/x86_64/sound.c:31:41: warning: conversion from 'int' to 'uint8_t' {aka 'unsigned char'} may change value [-Wconversion]
   31 |                         dev->function = f;
      |                                         ^
kernel/arch/x86_64/sound.c:32:58: warning: conversion from 'int' to 'uint8_t' {aka 'unsigned char'} may change value [-Wconversion]
   32 |                         dev->vendor_id = pci_read_config(b, d, f, 0x00) & 0xFFFF;
      |                                                          ^
kernel/arch/x86_64/sound.c:32:61: warning: conversion from 'int' to 'uint8_t' {aka 'unsigned char'} may change value [-Wconversion]
   32 |                         dev->vendor_id = pci_read_config(b, d, f, 0x00) & 0xFFFF;
      |                                                             ^
kernel/arch/x86_64/sound.c:32:64: warning: conversion from 'int' to 'uint8_t' {aka 'unsigned char'} may change value [-Wconversion]
   32 |                         dev->vendor_id = pci_read_config(b, d, f, 0x00) & 0xFFFF;
      |                                                                ^
kernel/arch/x86_64/sound.c:33:59: warning: conversion from 'int' to 'uint8_t' {aka 'unsigned char'} may change value [-Wconversion]
   33 |                         dev->device_id = (pci_read_config(b, d, f, 0x00) >> 16) & 0xFFFF;
      |                                                           ^
kernel/arch/x86_64/sound.c:33:62: warning: conversion from 'int' to 'uint8_t' {aka 'unsigned char'} may change value [-Wconversion]
   33 |                         dev->device_id = (pci_read_config(b, d, f, 0x00) >> 16) & 0xFFFF;
      |                                                              ^
kernel/arch/x86_64/sound.c:33:65: warning: conversion from 'int' to 'uint8_t' {aka 'unsigned char'} may change value [-Wconversion]
   33 |                         dev->device_id = (pci_read_config(b, d, f, 0x00) >> 16) & 0xFFFF;
      |                                                                 ^
kernel/arch/x86_64/sound.c:34:58: warning: conversion from 'int' to 'uint8_t' {aka 'unsigned char'} may change value [-Wconversion]
   34 |                         dev->interrupt = pci_read_config(b, d, f, 0x3C) & 0xFF;
      |                                                          ^
kernel/arch/x86_64/sound.c:34:61: warning: conversion from 'int' to 'uint8_t' {aka 'unsigned char'} may change value [-Wconversion]
   34 |                         dev->interrupt = pci_read_config(b, d, f, 0x3C) & 0xFF;
      |                                                             ^
kernel/arch/x86_64/sound.c:34:64: warning: conversion from 'int' to 'uint8_t' {aka 'unsigned char'} may change value [-Wconversion]
   34 |                         dev->interrupt = pci_read_config(b, d, f, 0x3C) & 0xFF;
      |                                                                ^
kernel/arch/x86_64/sound.c:35:61: warning: conversion from 'int' to 'uint8_t' {aka 'unsigned char'} may change value [-Wconversion]
   35 |                         dev->base_address = pci_read_config(b, d, f, 0x10) & 0xFFFFFFF0;
      |                                                             ^
kernel/arch/x86_64/sound.c:35:64: warning: conversion from 'int' to 'uint8_t' {aka 'unsigned char'} may change value [-Wconversion]
   35 |                         dev->base_address = pci_read_config(b, d, f, 0x10) & 0xFFFFFFF0;
      |                                                                ^
kernel/arch/x86_64/sound.c:35:67: warning: conversion from 'int' to 'uint8_t' {aka 'unsigned char'} may change value [-Wconversion]
   35 |                         dev->base_address = pci_read_config(b, d, f, 0x10) & 0xFFFFFFF0;
      |                                                                   ^
kernel/arch/x86_64/sound.c:41:36: warning: conversion from 'int' to 'uint8_t' {aka 'unsigned char'} may change value [-Wconversion]
   41 |                         dev->bus = b;
      |                                    ^
kernel/arch/x86_64/sound.c:42:39: warning: conversion from 'int' to 'uint8_t' {aka 'unsigned char'} may change value [-Wconversion]
   42 |                         dev->device = d;
      |                                       ^
kernel/arch/x86_64/sound.c:43:41: warning: conversion from 'int' to 'uint8_t' {aka 'unsigned char'} may change value [-Wconversion]
   43 |                         dev->function = f;
      |                                         ^
kernel/arch/x86_64/sound.c:44:58: warning: conversion from 'int' to 'uint8_t' {aka 'unsigned char'} may change value [-Wconversion]
   44 |                         dev->vendor_id = pci_read_config(b, d, f, 0x00) & 0xFFFF;
      |                                                          ^
kernel/arch/x86_64/sound.c:44:61: warning: conversion from 'int' to 'uint8_t' {aka 'unsigned char'} may change value [-Wconversion]
   44 |                         dev->vendor_id = pci_read_config(b, d, f, 0x00) & 0xFFFF;
      |                                                             ^
kernel/arch/x86_64/sound.c:44:64: warning: conversion from 'int' to 'uint8_t' {aka 'unsigned char'} may change value [-Wconversion]
   44 |                         dev->vendor_id = pci_read_config(b, d, f, 0x00) & 0xFFFF;
      |                                                                ^
kernel/arch/x86_64/sound.c:45:59: warning: conversion from 'int' to 'uint8_t' {aka 'unsigned char'} may change value [-Wconversion]
   45 |                         dev->device_id = (pci_read_config(b, d, f, 0x00) >> 16) & 0xFFFF;
      |                                                           ^
kernel/arch/x86_64/sound.c:45:62: warning: conversion from 'int' to 'uint8_t' {aka 'unsigned char'} may change value [-Wconversion]
   45 |                         dev->device_id = (pci_read_config(b, d, f, 0x00) >> 16) & 0xFFFF;
      |                                                              ^
kernel/arch/x86_64/sound.c:45:65: warning: conversion from 'int' to 'uint8_t' {aka 'unsigned char'} may change value [-Wconversion]
   45 |                         dev->device_id = (pci_read_config(b, d, f, 0x00) >> 16) & 0xFFFF;
      |                                                                 ^
kernel/arch/x86_64/sound.c:46:58: warning: conversion from 'int' to 'uint8_t' {aka 'unsigned char'} may change value [-Wconversion]
   46 |                         dev->interrupt = pci_read_config(b, d, f, 0x3C) & 0xFF;
      |                                                          ^
kernel/arch/x86_64/sound.c:46:61: warning: conversion from 'int' to 'uint8_t' {aka 'unsigned char'} may change value [-Wconversion]
   46 |                         dev->interrupt = pci_read_config(b, d, f, 0x3C) & 0xFF;
      |                                                             ^
kernel/arch/x86_64/sound.c:46:64: warning: conversion from 'int' to 'uint8_t' {aka 'unsigned char'} may change value [-Wconversion]
   46 |                         dev->interrupt = pci_read_config(b, d, f, 0x3C) & 0xFF;
      |                                                                ^
kernel/arch/x86_64/sound.c:47:61: warning: conversion from 'int' to 'uint8_t' {aka 'unsigned char'} may change value [-Wconversion]
   47 |                         dev->base_address = pci_read_config(b, d, f, 0x10) & 0xFFFFFFF0;
      |                                                             ^
kernel/arch/x86_64/sound.c:47:64: warning: conversion from 'int' to 'uint8_t' {aka 'unsigned char'} may change value [-Wconversion]
   47 |                         dev->base_address = pci_read_config(b, d, f, 0x10) & 0xFFFFFFF0;
      |                                                                ^
kernel/arch/x86_64/sound.c:47:67: warning: conversion from 'int' to 'uint8_t' {aka 'unsigned char'} may change value [-Wconversion]
   47 |                         dev->base_address = pci_read_config(b, d, f, 0x10) & 0xFFFFFFF0;
      |                                                                   ^
kernel/arch/x86_64/sound.c:15:26: warning: unused variable 'function' [-Wunused-variable]
   15 |     uint8_t bus, device, function;
      |                          ^~~~~~~~
kernel/arch/x86_64/sound.c:15:18: warning: unused variable 'device' [-Wunused-variable]
   15 |     uint8_t bus, device, function;
      |                  ^~~~~~
kernel/arch/x86_64/sound.c:15:13: warning: unused variable 'bus' [-Wunused-variable]
   15 |     uint8_t bus, device, function;
      |             ^~~
<1> Building kernel/arch/x86_64/smp.c
<0> Building kernel/arch/x86_64/smbios.c
<3> Building kernel/arch/x86_64/slab.c
In file included from kernel/arch/x86_64/smp.c:3:
kernel/arch/x86_64/smp.c: In function 'ioapic_set_irq':
kernel/arch/x86_64/include/arch/smp.h:122:31: warning: conversion to 'uint32_t' {aka 'unsigned int'} from 'int' may change the sign of the result [-Wsign-conversion]
  122 | #define IOAPIC_REG_REDIR_BASE 0x10
      |                               ^~~~
kernel/arch/x86_64/smp.c:58:20: note: in expansion of macro 'IOAPIC_REG_REDIR_BASE'
   58 |     uint32_t reg = IOAPIC_REG_REDIR_BASE + irq * 2;
      |                    ^~~~~~~~~~~~~~~~~~~~~
kernel/arch/x86_64/smp.c: In function 'smp_setup_percpu':
kernel/arch/x86_64/smp.c:63:32: warning: unused parameter 'apic_id' [-Wunused-parameter]
   63 | void smp_setup_percpu(uint32_t apic_id, void* percpu_base)
      |                       ~~~~~~~~~^~~~~~~
kernel/arch/x86_64/smbios.c: In function 'smbios_init':
kernel/arch/x86_64/smbios.c:28:45: warning: comparison is always true due to limited range of data type [-Wtype-limits]
   28 |                     if (smbios_memory_count < SMBIOS_MAX_ENTRIES) {
      |                                             ^
kernel/arch/x86_64/slab.c: In function '__slab_order':
kernel/arch/x86_64/slab.c:18:33: warning: comparison of integer expressions of different signedness: 'int' and 'uint32_t' {aka 'unsigned int'} [-Wsign-compare]
   18 |     while ((PAGE_SIZE << order) < need && order < BUDDY_MAX_ORDER) {
      |                                 ^
kernel/arch/x86_64/slab.c: In function 'slab_init':
kernel/arch/x86_64/slab.c:131:27: warning: conversion from 'uint32_t' {aka 'unsigned int'} to 'char' may change value [-Wconversion]
  131 |             buf[bpos++] = '0' + (n % 10);
      |                           ^~~
kernel/arch/x86_64/slab.c: In function 'kmalloc':
kernel/arch/x86_64/slab.c:276:37: warning: comparison of integer expressions of different signedness: 'int' and 'uint64_t' {aka 'long long unsigned int'} [-Wsign-compare]
  276 |         while ((PAGE_SIZE << order) < size && order < BUDDY_MAX_ORDER) order++;
      |                                     ^
<2> Building kernel/arch/x86_64/security.c
<0> Building kernel/arch/x86_64/sata.c
<1> Building kernel/arch/x86_64/rtc.c
kernel/arch/x86_64/sata.c: In function 'sata_read':
kernel/arch/x86_64/sata.c:40:82: warning: unused parameter 'sectors' [-Wunused-parameter]
   40 | int sata_read(uint8_t port, uint8_t device, uint64_t lba, void* buffer, uint32_t sectors)
      |                                                                         ~~~~~~~~~^~~~~~~
kernel/arch/x86_64/sata.c: In function 'sata_write':
kernel/arch/x86_64/sata.c:50:89: warning: unused parameter 'sectors' [-Wunused-parameter]
   50 | int sata_write(uint8_t port, uint8_t device, uint64_t lba, const void* buffer, uint32_t sectors)
      |                                                                                ~~~~~~~~~^~~~~~~
kernel/arch/x86_64/rtc.c: In function 'bcd_to_binary':
kernel/arch/x86_64/rtc.c:29:32: warning: conversion from 'int' to 'uint8_t' {aka 'unsigned char'} may change value [-Wconversion]
   29 |     return ((value >> 4) * 10) + (value & 0x0F);
      |            ~~~~~~~~~~~~~~~~~~~~^~~~~~~~~~~~~~~~
kernel/arch/x86_64/rtc.c: In function 'rtc_get_time':
kernel/arch/x86_64/rtc.c:54:40: warning: conversion from 'uint16_t' {aka 'short unsigned int'} to 'uint8_t' {aka 'unsigned char'} may change value [-Wconversion]
   54 |         time->year = bcd_to_binary(time->year);
      |                                    ~~~~^~~~~~
kernel/arch/x86_64/rtc.c:60:27: warning: conversion from 'int' to 'uint8_t' {aka 'unsigned char'} may change value [-Wconversion]
   60 |             time->hours = ((time->hours & 0x7F) + 12) % 24;
      |                           ^
kernel/arch/x86_64/rtc.c:64:19: warning: conversion from 'int' to 'uint16_t' {aka 'short unsigned int'} may change value [-Wconversion]
   64 |     time->year += time->century * 100;
      |                   ^~~~
kernel/arch/x86_64/rtc.c: In function 'rtc_set_time':
kernel/arch/x86_64/rtc.c:82:36: warning: conversion from 'uint16_t' {aka 'short unsigned int'} to 'uint8_t' {aka 'unsigned char'} may change value [-Wconversion]
   82 |     rtc_set_register(RTC_YEAR, time->year);
      |                                ~~~~^~~~~~
kernel/arch/x86_64/rtc.c: At top level:
kernel/arch/x86_64/rtc.c:18:16: warning: 'rtc_last_seconds' defined but not used [-Wunused-variable]
   18 | static uint8_t rtc_last_seconds = 0;
      |                ^~~~~~~~~~~~~~~~
<3> Building kernel/arch/x86_64/procfs.c
<0> Building kernel/arch/x86_64/pit.c
<1> Building kernel/arch/x86_64/pic.c
<2> Building kernel/arch/x86_64/pci.c
In file included from include/kapi.h:23,
                 from kernel/arch/x86_64/procfs.c:10:
include/kapi_bitmap.h: In function 'kapi_bitmap_set_all':
include/kapi_bitmap.h:33:26: warning: conversion from 'long long unsigned int' to 'unsigned int' may change value [-Wconversion]
   33 |     unsigned int longs = (nbits + KAPI_BITS_PER_LONG - 1) / KAPI_BITS_PER_LONG;
      |                          ^
include/kapi_bitmap.h: In function 'kapi_bitmap_clear_all':
include/kapi_bitmap.h:41:26: warning: conversion from 'long long unsigned int' to 'unsigned int' may change value [-Wconversion]
   41 |     unsigned int longs = (nbits + KAPI_BITS_PER_LONG - 1) / KAPI_BITS_PER_LONG;
      |                          ^
include/kapi_bitmap.h: In function 'kapi_bitmap_find_first':
include/kapi_bitmap.h:49:26: warning: conversion from 'long long unsigned int' to 'unsigned int' may change value [-Wconversion]
   49 |     unsigned int longs = (nbits + KAPI_BITS_PER_LONG - 1) / KAPI_BITS_PER_LONG;
      |                          ^
include/kapi_bitmap.h:56:35: warning: conversion to 'int' from 'unsigned int' may change the sign of the result [-Wsign-conversion]
   56 |                     return offset + j;
      |                            ~~~~~~~^~~
include/kapi_bitmap.h: In function 'kapi_bitmap_find_first_zero':
include/kapi_bitmap.h:66:26: warning: conversion from 'long long unsigned int' to 'unsigned int' may change value [-Wconversion]
   66 |     unsigned int longs = (nbits + KAPI_BITS_PER_LONG - 1) / KAPI_BITS_PER_LONG;
      |                          ^
include/kapi_bitmap.h:73:35: warning: conversion to 'int' from 'unsigned int' may change the sign of the result [-Wsign-conversion]
   73 |                     return offset + j;
      |                            ~~~~~~~^~~
include/kapi_bitmap.h: In function 'kapi_bitmap_count':
include/kapi_bitmap.h:84:26: warning: conversion from 'long long unsigned int' to 'unsigned int' may change value [-Wconversion]
   84 |     unsigned int longs = (nbits + KAPI_BITS_PER_LONG - 1) / KAPI_BITS_PER_LONG;
      |                          ^
In file included from include/kapi.h:59:
include/kapi_netlink.h: In function 'kapi_nlmsg_next':
include/kapi_netlink.h:19:37: warning: conversion to 'int' from 'uint32_t' {aka 'unsigned int'} may change the sign of the result [-Wsign-conversion]
   19 | #define KAPI_NLMSG_ALIGNTO          4
      |                                     ^
include/kapi_netlink.h:75:18: note: in expansion of macro 'KAPI_NLMSG_ALIGNTO'
   75 |     int totlen = KAPI_NLMSG_ALIGNTO * ((nlh->nlmsg_len + KAPI_NLMSG_ALIGNTO - 1) / KAPI_NLMSG_ALIGNTO);
      |                  ^~~~~~~~~~~~~~~~~~
kernel/arch/x86_64/procfs.c: In function 'procfs_cpuinfo_read':
kernel/arch/x86_64/procfs.c:29:36: warning: conversion to 'uint64_t' {aka 'long long unsigned int'} from 'int' may change the sign of the result [-Wsign-conversion]
   29 |     n += snprintf(buf + n, max_len - n,
      |                                    ^
kernel/arch/x86_64/procfs.c: In function 'procfs_meminfo_read':
kernel/arch/x86_64/procfs.c:65:36: warning: conversion to 'uint64_t' {aka 'long long unsigned int'} from 'int' may change the sign of the result [-Wsign-conversion]
   65 |     n += snprintf(buf + n, max_len - n,
      |                                    ^
kernel/arch/x86_64/procfs.c: In function 'procfs_stat_read':
kernel/arch/x86_64/procfs.c:123:36: warning: conversion to 'uint64_t' {aka 'long long unsigned int'} from 'int' may change the sign of the result [-Wsign-conversion]
  123 |     n += snprintf(buf + n, max_len - n, "cpu  %lu 0 %lu %lu 0 0 0 0 0 0\n",
      |                                    ^
kernel/arch/x86_64/procfs.c:128:44: warning: conversion to 'uint64_t' {aka 'long long unsigned int'} from 'int' may change the sign of the result [-Wsign-conversion]
  128 |             n += snprintf(buf + n, max_len - n, "cpu%u %lu 0 %lu %lu 0 0 0 0 0 0\n",
      |                                            ^
kernel/arch/x86_64/procfs.c:132:36: warning: conversion to 'uint64_t' {aka 'long long unsigned int'} from 'int' may change the sign of the result [-Wsign-conversion]
  132 |     n += snprintf(buf + n, max_len - n, "intr %lu\n", irq_total);
      |                                    ^
kernel/arch/x86_64/procfs.c:134:36: warning: conversion to 'uint64_t' {aka 'long long unsigned int'} from 'int' may change the sign of the result [-Wsign-conversion]
  134 |     n += snprintf(buf + n, max_len - n, "ctxt %lu\n",
      |                                    ^
kernel/arch/x86_64/procfs.c:136:36: warning: conversion to 'uint64_t' {aka 'long long unsigned int'} from 'int' may change the sign of the result [-Wsign-conversion]
  136 |     n += snprintf(buf + n, max_len - n, "btime %lu\n", __uptime_cached / 1000);
      |                                    ^
kernel/arch/x86_64/procfs.c:147:36: warning: conversion to 'uint64_t' {aka 'long long unsigned int'} from 'int' may change the sign of the result [-Wsign-conversion]
  147 |     n += snprintf(buf + n, max_len - n, "processes %lu\n", proc_count);
      |                                    ^
kernel/arch/x86_64/procfs.c:148:36: warning: conversion to 'uint64_t' {aka 'long long unsigned int'} from 'int' may change the sign of the result [-Wsign-conversion]
  148 |     n += snprintf(buf + n, max_len - n, "procs_running %lu\n", running ? running : 1);
      |                                    ^
kernel/arch/x86_64/procfs.c:149:36: warning: conversion to 'uint64_t' {aka 'long long unsigned int'} from 'int' may change the sign of the result [-Wsign-conversion]
  149 |     n += snprintf(buf + n, max_len - n, "procs_blocked %lu\n", blocked);
      |                                    ^
kernel/arch/x86_64/procfs.c: In function 'procfs_finddir':
kernel/arch/x86_64/procfs.c:272:24: warning: conversion to 'uint64_t' {aka 'long long unsigned int'} from 'int' may change the sign of the result [-Wsign-conversion]
  272 |         pid = pid * 10 + (*p - '0');
      |                        ^
kernel/arch/x86_64/pic.c: In function 'pic_enable':
kernel/arch/x86_64/pic.c:38:16: warning: conversion from 'int' to 'uint8_t' {aka 'unsigned char'} may change value [-Wconversion]
   38 |         mask = inb(PIC1_DATA) & ~(1 << irq);
      |                ^~~
kernel/arch/x86_64/pic.c:41:16: warning: conversion from 'int' to 'uint8_t' {aka 'unsigned char'} may change value [-Wconversion]
   41 |         mask = inb(PIC2_DATA) & ~(1 << (irq - 8));
      |                ^~~
kernel/arch/x86_64/pci.c: In function 'pci_read_config':
kernel/arch/x86_64/pci.c:28:34: warning: unsigned conversion from 'int' to 'unsigned int' changes value from '-2147483648' to '2147483648' [-Wsign-conversion]
   28 |     uint32_t address = (1 << 31) |
      |                                  ^
kernel/arch/x86_64/pci.c: In function 'pci_write_config':
kernel/arch/x86_64/pci.c:47:34: warning: unsigned conversion from 'int' to 'unsigned int' changes value from '-2147483648' to '2147483648' [-Wsign-conversion]
   47 |     uint32_t address = (1 << 31) |
      |                                  ^
kernel/arch/x86_64/pci.c: In function 'pci_write_config_byte':
kernel/arch/x86_64/pci.c:82:21: warning: conversion to 'uint32_t' {aka 'unsigned int'} from 'int' may change the sign of the result [-Wsign-conversion]
   82 |     uint32_t mask = ~(0xFF << shift);
      |                     ^
kernel/arch/x86_64/pci.c: In function 'pci_write_config_word':
kernel/arch/x86_64/pci.c:91:21: warning: conversion to 'uint32_t' {aka 'unsigned int'} from 'int' may change the sign of the result [-Wsign-conversion]
   91 |     uint32_t mask = ~(0xFFFF << shift);
      |                     ^
kernel/arch/x86_64/pci.c: In function 'pci_find_class':
kernel/arch/x86_64/pci.c:107:59: warning: conversion from 'int' to 'uint8_t' {aka 'unsigned char'} may change value [-Wconversion]
  107 |                 uint32_t class_code_reg = pci_read_config(b, d, f, 0x08);
      |                                                           ^
kernel/arch/x86_64/pci.c:107:62: warning: conversion from 'int' to 'uint8_t' {aka 'unsigned char'} may change value [-Wconversion]
  107 |                 uint32_t class_code_reg = pci_read_config(b, d, f, 0x08);
      |                                                              ^
kernel/arch/x86_64/pci.c:107:65: warning: conversion from 'int' to 'uint8_t' {aka 'unsigned char'} may change value [-Wconversion]
  107 |                 uint32_t class_code_reg = pci_read_config(b, d, f, 0x08);
      |                                                                 ^
kernel/arch/x86_64/pci.c:111:46: warning: conversion from 'uint32_t' {aka 'unsigned int'} to 'uint8_t' {aka 'unsigned char'} may change value [-Wconversion]
  111 |                 uint8_t class_code_current = (class_code_reg >> 24) & 0xFF;
      |                                              ^
kernel/arch/x86_64/pci.c:114:37: warning: conversion from 'int' to 'uint8_t' {aka 'unsigned char'} may change value [-Wconversion]
  114 |                     if (bus) *bus = b;
      |                                     ^
kernel/arch/x86_64/pci.c:115:43: warning: conversion from 'int' to 'uint8_t' {aka 'unsigned char'} may change value [-Wconversion]
  115 |                     if (device) *device = d;
      |                                           ^
kernel/arch/x86_64/pci.c:116:47: warning: conversion from 'int' to 'uint8_t' {aka 'unsigned char'} may change value [-Wconversion]
  116 |                     if (function) *function = f;
      |                                               ^
kernel/arch/x86_64/pci.c: In function 'pci_find_device':
kernel/arch/x86_64/pci.c:130:51: warning: conversion from 'int' to 'uint8_t' {aka 'unsigned char'} may change value [-Wconversion]
  130 |                 uint32_t id_reg = pci_read_config(b, d, f, 0x00);
      |                                                   ^
kernel/arch/x86_64/pci.c:130:54: warning: conversion from 'int' to 'uint8_t' {aka 'unsigned char'} may change value [-Wconversion]
  130 |                 uint32_t id_reg = pci_read_config(b, d, f, 0x00);
      |                                                      ^
kernel/arch/x86_64/pci.c:130:57: warning: conversion from 'int' to 'uint8_t' {aka 'unsigned char'} may change value [-Wconversion]
  130 |                 uint32_t id_reg = pci_read_config(b, d, f, 0x00);
      |                                                         ^
kernel/arch/x86_64/pci.c:135:32: warning: conversion from 'uint32_t' {aka 'unsigned int'} to 'uint16_t' {aka 'short unsigned int'} may change value [-Wconversion]
  135 |                 uint16_t did = (id_reg >> 16) & 0xFFFF;
      |                                ^
kernel/arch/x86_64/pci.c:137:37: warning: conversion from 'int' to 'uint8_t' {aka 'unsigned char'} may change value [-Wconversion]
  137 |                     if (bus) *bus = b;
      |                                     ^
kernel/arch/x86_64/pci.c:138:43: warning: conversion from 'int' to 'uint8_t' {aka 'unsigned char'} may change value [-Wconversion]
  138 |                     if (device) *device = d;
      |                                           ^
kernel/arch/x86_64/pci.c:139:47: warning: conversion from 'int' to 'uint8_t' {aka 'unsigned char'} may change value [-Wconversion]
  139 |                     if (function) *function = f;
      |                                               ^
kernel/arch/x86_64/pci.c: In function 'pci_find_ext_capability':
kernel/arch/x86_64/pci.c:201:65: warning: conversion from 'uint32_t' {aka 'unsigned int'} to 'uint8_t' {aka 'unsigned char'} may change value [-Wconversion]
  201 |         uint32_t header = pci_read_config_dword(bus, dev, func, ecap_offset);
      |                                                                 ^~~~~~~~~~~
kernel/arch/x86_64/pci.c:203:25: warning: conversion from 'uint32_t' {aka 'unsigned int'} to 'uint16_t' {aka 'short unsigned int'} may change value [-Wconversion]
  203 |         uint16_t next = (header >> 20) & 0xFFF;
      |                         ^
kernel/arch/x86_64/pci.c: In function 'pci_enable_msix':
kernel/arch/x86_64/pci.c:263:67: warning: conversion from 'int' to 'uint8_t' {aka 'unsigned char'} may change value [-Wconversion]
  263 |     uint32_t bar_val = pci_read_config_dword(bus, dev, func, 0x10 + table_bir * 4);
      |                                                              ~~~~~^~~~~~~~~~~~~~~
kernel/arch/x86_64/pci.c:264:51: warning: unsigned conversion from 'int' to 'uint32_t' {aka 'unsigned int'} changes value from '-16' to '4294967280' [-Wsign-conversion]
  264 |     void* table_base = (void*)(uintptr_t)(bar_val & ~0xF) + table_offset;
      |                                                   ^
kernel/arch/x86_64/pci.c:264:59: warning: pointer of type 'void *' used in arithmetic [-Wpointer-arith]
  264 |     void* table_base = (void*)(uintptr_t)(bar_val & ~0xF) + table_offset;
      |                                                           ^
kernel/arch/x86_64/pci.c:275:18: warning: unsigned conversion from 'int' to 'uint16_t' {aka 'short unsigned int'} changes the value of '-16385' [-Wsign-conversion]
  275 |     msix_ctrl &= ~PCI_MSIX_CTRL_MASKALL;
      |                  ^
kernel/arch/x86_64/pci.c: In function 'pci_disable_msix':
kernel/arch/x86_64/pci.c:292:18: warning: unsigned conversion from 'int' to 'uint16_t' {aka 'short unsigned int'} changes the value of '-32769' [-Wsign-conversion]
  292 |     msix_ctrl &= ~PCI_MSIX_CTRL_ENABLE;
      |                  ^
kernel/arch/x86_64/pci.c: In function 'pci_set_bus_master':
kernel/arch/x86_64/pci.c:304:16: warning: unsigned conversion from 'int' to 'uint16_t' {aka 'short unsigned int'} changes the value of '-5' [-Wsign-conversion]
  304 |         cmd &= ~PCI_COMMAND_BUS_MASTER;
      |                ^
kernel/arch/x86_64/pci.c: In function 'pci_request_irq':
kernel/arch/x86_64/pci.c:316:13: warning: unused variable 'slot' [-Wunused-variable]
  316 |     uint8_t slot = dev;
      |             ^~~~
kernel/arch/x86_64/pci.c: In function 'pci_read_bar':
kernel/arch/x86_64/pci.c:346:55: warning: conversion from 'int' to 'uint8_t' {aka 'unsigned char'} may change value [-Wconversion]
  346 |     return pci_read_config_dword(bus, dev, func, 0x10 + bar_num * 4);
      |                                                  ~~~~~^~~~~~~~~~~~~
kernel/arch/x86_64/pci.c: In function 'pci_get_bar_size':
kernel/arch/x86_64/pci.c:354:63: warning: conversion from 'int' to 'uint8_t' {aka 'unsigned char'} may change value [-Wconversion]
  354 |     uint32_t orig_val = pci_read_config_dword(bus, dev, func, bar_offset);
      |                                                               ^~~~~~~~~~
kernel/arch/x86_64/pci.c:355:44: warning: conversion from 'int' to 'uint8_t' {aka 'unsigned char'} may change value [-Wconversion]
  355 |     pci_write_config_dword(bus, dev, func, bar_offset, 0xFFFFFFFF);
      |                                            ^~~~~~~~~~
kernel/arch/x86_64/pci.c:356:63: warning: conversion from 'int' to 'uint8_t' {aka 'unsigned char'} may change value [-Wconversion]
  356 |     uint32_t size_val = pci_read_config_dword(bus, dev, func, bar_offset);
      |                                                               ^~~~~~~~~~
kernel/arch/x86_64/pci.c:357:44: warning: conversion from 'int' to 'uint8_t' {aka 'unsigned char'} may change value [-Wconversion]
  357 |     pci_write_config_dword(bus, dev, func, bar_offset, orig_val);
      |                                            ^~~~~~~~~~
<0> Building kernel/arch/x86_64/pagefault.c
<1> Building kernel/arch/x86_64/pagecache.c
kernel/arch/x86_64/pagecache.c: In function 'pagecache_clear_dirty':
kernel/arch/x86_64/pagecache.c:133:22: warning: unsigned conversion from 'int' to 'uint32_t' {aka 'unsigned int'} changes value from '-3' to '4294967293' [-Wsign-conversion]
  133 |         entry->flags &= ~PCACHE_DIRTY;
      |                      ^~
kernel/arch/x86_64/pagecache.c: In function 'pagecache_sync_node':
kernel/arch/x86_64/pagecache.c:178:30: warning: unsigned conversion from 'int' to 'uint32_t' {aka 'unsigned int'} changes value from '-11' to '4294967285' [-Wsign-conversion]
  178 |                 entry->flags &= ~(PCACHE_DIRTY | PCACHE_WRITEBACK);
      |                              ^~
kernel/arch/x86_64/pagecache.c: In function 'pagecache_sync_all':
kernel/arch/x86_64/pagecache.c:206:30: warning: unsigned conversion from 'int' to 'uint32_t' {aka 'unsigned int'} changes value from '-11' to '4294967285' [-Wsign-conversion]
  206 |                 entry->flags &= ~(PCACHE_DIRTY | PCACHE_WRITEBACK);
      |                              ^~
kernel/arch/x86_64/pagefault.c: In function 'stack_expand':
kernel/arch/x86_64/pagefault.c:145:37: warning: unsigned conversion from 'int' to 'uint64_t' {aka 'long long unsigned int'} changes value from '-4096' to '18446744073709547520' [-Wsign-conversion]
  145 |     uint64_t page_addr = fault_addr & ~(PAGE_SIZE - 1);
      |                                     ^
kernel/arch/x86_64/pagefault.c: In function 'pagefault_handler':
kernel/arch/x86_64/pagefault.c:213:48: warning: unsigned conversion from 'int' to 'uint64_t' {aka 'long long unsigned int'} changes value from '-4096' to '18446744073709547520' [-Wsign-conversion]
  213 |                 if (demand_page_alloc(cr3, cr2 & ~(PAGE_SIZE - 1),
      |                                                ^
kernel/arch/x86_64/pagefault.c:226:56: warning: unsigned conversion from 'int' to 'uint64_t' {aka 'long long unsigned int'} changes value from '-4096' to '18446744073709547520' [-Wsign-conversion]
  226 |                         proc->stack_base = (void*)(cr2 & ~(PAGE_SIZE - 1));
      |                                                        ^
kernel/arch/x86_64/pagefault.c: At top level:
kernel/arch/x86_64/pagefault.c:26:13: warning: 'pf_log_buf' defined but not used [-Wunused-variable]
   26 | static char pf_log_buf[PF_LOG_BUF_SIZE];
      |             ^~~~~~~~~~
<3> Building kernel/arch/x86_64/nvme.c
kernel/arch/x86_64/nvme.c: In function 'nvme_alloc_queue':
kernel/arch/x86_64/nvme.c:40:22: warning: conversion from 'size_t' {aka 'long long unsigned int'} to 'uint32_t' {aka 'unsigned int'} may change value [-Wconversion]
   40 |     uint32_t pages = (size + PAGE_SIZE - 1) / PAGE_SIZE;
      |                      ^
kernel/arch/x86_64/nvme.c: In function 'nvme_free_queue':
kernel/arch/x86_64/nvme.c:57:22: warning: conversion from 'size_t' {aka 'long long unsigned int'} to 'uint32_t' {aka 'unsigned int'} may change value [-Wconversion]
   57 |     uint32_t pages = (size + PAGE_SIZE - 1) / PAGE_SIZE;
      |                      ^
kernel/arch/x86_64/nvme.c: In function 'nvme_submit_cmd':
kernel/arch/x86_64/nvme.c:106:26: warning: conversion from 'uint32_t' {aka 'unsigned int'} to 'uint16_t' {aka 'short unsigned int'} may change value [-Wconversion]
  106 |     uint16_t next_tail = (sq->tail + 1) % sq->depth;
      |                          ^
kernel/arch/x86_64/nvme.c: In function 'nvme_poll_cq':
kernel/arch/x86_64/nvme.c:143:16: warning: conversion from 'uint32_t' {aka 'unsigned int'} to 'uint16_t' {aka 'short unsigned int'} may change value [-Wconversion]
  143 |     cq->head = (cq->head + 1) % cq->depth;
      |                ^
kernel/arch/x86_64/nvme.c: In function 'nvme_probe':
kernel/arch/x86_64/nvme.c:210:58: warning: conversion from 'int' to 'uint8_t' {aka 'unsigned char'} may change value [-Wconversion]
  210 |                 uint32_t vendor_device = pci_read_config(b, d, f, 0x00);
      |                                                          ^
kernel/arch/x86_64/nvme.c:210:61: warning: conversion from 'int' to 'uint8_t' {aka 'unsigned char'} may change value [-Wconversion]
  210 |                 uint32_t vendor_device = pci_read_config(b, d, f, 0x00);
      |                                                             ^
kernel/arch/x86_64/nvme.c:210:64: warning: conversion from 'int' to 'uint8_t' {aka 'unsigned char'} may change value [-Wconversion]
  210 |                 uint32_t vendor_device = pci_read_config(b, d, f, 0x00);
      |                                                                ^
kernel/arch/x86_64/nvme.c:216:54: warning: conversion from 'int' to 'uint8_t' {aka 'unsigned char'} may change value [-Wconversion]
  216 |                 uint32_t class_reg = pci_read_config(b, d, f, 0x08);
      |                                                      ^
kernel/arch/x86_64/nvme.c:216:57: warning: conversion from 'int' to 'uint8_t' {aka 'unsigned char'} may change value [-Wconversion]
  216 |                 uint32_t class_reg = pci_read_config(b, d, f, 0x08);
      |                                                         ^
kernel/arch/x86_64/nvme.c:216:60: warning: conversion from 'int' to 'uint8_t' {aka 'unsigned char'} may change value [-Wconversion]
  216 |                 uint32_t class_reg = pci_read_config(b, d, f, 0x08);
      |                                                            ^
kernel/arch/x86_64/nvme.c:217:38: warning: conversion from 'uint32_t' {aka 'unsigned int'} to 'uint8_t' {aka 'unsigned char'} may change value [-Wconversion]
  217 |                 uint8_t class_code = (class_reg >> 24) & 0xFF;
      |                                      ^
kernel/arch/x86_64/nvme.c:225:37: warning: conversion from 'int' to 'uint8_t' {aka 'unsigned char'} may change value [-Wconversion]
  225 |                     nvme_ctrl.bus = b;
      |                                     ^
kernel/arch/x86_64/nvme.c:226:40: warning: conversion from 'int' to 'uint8_t' {aka 'unsigned char'} may change value [-Wconversion]
  226 |                     nvme_ctrl.device = d;
      |                                        ^
kernel/arch/x86_64/nvme.c:227:42: warning: conversion from 'int' to 'uint8_t' {aka 'unsigned char'} may change value [-Wconversion]
  227 |                     nvme_ctrl.function = f;
      |                                          ^
kernel/arch/x86_64/nvme.c:229:43: warning: conversion from 'uint32_t' {aka 'unsigned int'} to 'uint16_t' {aka 'short unsigned int'} may change value [-Wconversion]
  229 |                     nvme_ctrl.device_id = (vendor_device >> 16) & 0xFFFF;
      |                                           ^
kernel/arch/x86_64/nvme.c:231:56: warning: conversion from 'int' to 'uint8_t' {aka 'unsigned char'} may change value [-Wconversion]
  231 |                     uint32_t bar0_lo = pci_read_config(b, d, f, NVME_PCI_BAR0_OFFSET);
      |                                                        ^
kernel/arch/x86_64/nvme.c:231:59: warning: conversion from 'int' to 'uint8_t' {aka 'unsigned char'} may change value [-Wconversion]
  231 |                     uint32_t bar0_lo = pci_read_config(b, d, f, NVME_PCI_BAR0_OFFSET);
      |                                                           ^
kernel/arch/x86_64/nvme.c:231:62: warning: conversion from 'int' to 'uint8_t' {aka 'unsigned char'} may change value [-Wconversion]
  231 |                     uint32_t bar0_lo = pci_read_config(b, d, f, NVME_PCI_BAR0_OFFSET);
      |                                                              ^
kernel/arch/x86_64/nvme.c:232:56: warning: conversion from 'int' to 'uint8_t' {aka 'unsigned char'} may change value [-Wconversion]
  232 |                     uint32_t bar0_hi = pci_read_config(b, d, f, NVME_PCI_BAR1_OFFSET);
      |                                                        ^
kernel/arch/x86_64/nvme.c:232:59: warning: conversion from 'int' to 'uint8_t' {aka 'unsigned char'} may change value [-Wconversion]
  232 |                     uint32_t bar0_hi = pci_read_config(b, d, f, NVME_PCI_BAR1_OFFSET);
      |                                                           ^
kernel/arch/x86_64/nvme.c:232:62: warning: conversion from 'int' to 'uint8_t' {aka 'unsigned char'} may change value [-Wconversion]
  232 |                     uint32_t bar0_hi = pci_read_config(b, d, f, NVME_PCI_BAR1_OFFSET);
      |                                                              ^
kernel/arch/x86_64/nvme.c:248:56: warning: conversion from 'int' to 'uint8_t' {aka 'unsigned char'} may change value [-Wconversion]
  248 |                     uint16_t cmd_reg = pci_read_config(b, d, f, NVME_PCI_COMMAND_OFFSET);
      |                                                        ^
kernel/arch/x86_64/nvme.c:248:59: warning: conversion from 'int' to 'uint8_t' {aka 'unsigned char'} may change value [-Wconversion]
  248 |                     uint16_t cmd_reg = pci_read_config(b, d, f, NVME_PCI_COMMAND_OFFSET);
      |                                                           ^
kernel/arch/x86_64/nvme.c:248:62: warning: conversion from 'int' to 'uint8_t' {aka 'unsigned char'} may change value [-Wconversion]
  248 |                     uint16_t cmd_reg = pci_read_config(b, d, f, NVME_PCI_COMMAND_OFFSET);
      |                                                              ^
kernel/arch/x86_64/nvme.c:248:40: warning: conversion from 'uint32_t' {aka 'unsigned int'} to 'uint16_t' {aka 'short unsigned int'} may change value [-Wconversion]
  248 |                     uint16_t cmd_reg = pci_read_config(b, d, f, NVME_PCI_COMMAND_OFFSET);
      |                                        ^~~~~~~~~~~~~~~
kernel/arch/x86_64/nvme.c:250:38: warning: conversion from 'int' to 'uint8_t' {aka 'unsigned char'} may change value [-Wconversion]
  250 |                     pci_write_config(b, d, f, NVME_PCI_COMMAND_OFFSET, cmd_reg);
      |                                      ^
kernel/arch/x86_64/nvme.c:250:41: warning: conversion from 'int' to 'uint8_t' {aka 'unsigned char'} may change value [-Wconversion]
  250 |                     pci_write_config(b, d, f, NVME_PCI_COMMAND_OFFSET, cmd_reg);
      |                                         ^
kernel/arch/x86_64/nvme.c:250:44: warning: conversion from 'int' to 'uint8_t' {aka 'unsigned char'} may change value [-Wconversion]
  250 |                     pci_write_config(b, d, f, NVME_PCI_COMMAND_OFFSET, cmd_reg);
      |                                            ^
kernel/arch/x86_64/nvme.c: In function 'nvme_get_info':
kernel/arch/x86_64/nvme.c:791:22: warning: conversion from 'uint32_t' {aka 'unsigned int'} to 'uint16_t' {aka 'short unsigned int'} may change value [-Wconversion]
  791 |     uint16_t major = (vs >> 16) & 0xFFFF;
      |                      ^
kernel/arch/x86_64/nvme.c: At top level:
kernel/arch/x86_64/nvme.c:185:12: warning: 'nvme_poll_admin_cq' defined but not used [-Wunused-function]
  185 | static int nvme_poll_admin_cq(nvme_controller_t *ctrl, nvme_cqe_t *cqe)
      |            ^~~~~~~~~~~~~~~~~~
<0> Building kernel/arch/x86_64/net.c
<2> Building kernel/arch/x86_64/mmap.c
<1> Building kernel/arch/x86_64/memory.c
kernel/arch/x86_64/net.c: In function 'parse_ip_addr':
kernel/arch/x86_64/net.c:82:16: warning: conversion to 'uint32_t' {aka 'unsigned int'} from 'int' may change the sign of the result [-Wsign-conversion]
   82 |             ip |= (octet << shift);
      |                ^~
kernel/arch/x86_64/net.c:90:8: warning: conversion to 'uint32_t' {aka 'unsigned int'} from 'int' may change the sign of the result [-Wsign-conversion]
   90 |     ip |= (octet << shift);
      |        ^~
kernel/arch/x86_64/net.c: In function 'parse_mac_addr':
kernel/arch/x86_64/net.c:101:56: warning: conversion to 'unsigned int' from 'int' may change the sign of the result [-Wsign-conversion]
  101 |             if (c >= '0' && c <= '9') byte = byte * 16 + (c - '0');
      |                                                        ^
kernel/arch/x86_64/net.c:102:61: warning: conversion to 'unsigned int' from 'int' may change the sign of the result [-Wsign-conversion]
  102 |             else if (c >= 'a' && c <= 'f') byte = byte * 16 + (c - 'a' + 10);
      |                                                             ^
kernel/arch/x86_64/net.c:103:61: warning: conversion to 'unsigned int' from 'int' may change the sign of the result [-Wsign-conversion]
  103 |             else if (c >= 'A' && c <= 'F') byte = byte * 16 + (c - 'A' + 10);
      |                                                             ^
kernel/arch/x86_64/net.c: In function 'dhcp_parse_response':
kernel/arch/x86_64/net.c:239:24: warning: conversion from 'long long unsigned int' to 'uint32_t' {aka 'unsigned int'} may change value [-Wconversion]
  239 |     uint32_t opt_len = len - (sizeof(dhcp_packet_t) - 312);
      |                        ^~~
kernel/arch/x86_64/net.c: In function 'ip_handle_packet':
kernel/arch/x86_64/net.c:475:28: warning: conversion from 'int' to 'uint16_t' {aka 'short unsigned int'} may change value [-Wconversion]
  475 |     uint16_t payload_len = total_len - ((ip->version_ihl & 0x0F) * 4);
      |                            ^~~~~~~~~
kernel/arch/x86_64/net.c: In function 'tcp_find_socket':
kernel/arch/x86_64/net.c:539:47: warning: declaration of 'local_ip' shadows a global declaration [-Wshadow]
  539 | static tcp_socket_t* tcp_find_socket(uint32_t local_ip, uint16_t local_port,
      |                                      ~~~~~~~~~^~~~~~~~
kernel/arch/x86_64/net.c:10:17: note: shadowed declaration is here
   10 | static uint32_t local_ip  = 0;
      |                 ^~~~~~~~
kernel/arch/x86_64/net.c:539:47: warning: unused parameter 'local_ip' [-Wunused-parameter]
  539 | static tcp_socket_t* tcp_find_socket(uint32_t local_ip, uint16_t local_port,
      |                                      ~~~~~~~~~^~~~~~~~
kernel/arch/x86_64/mmap.c: In function 'mmap_context_destroy':
kernel/arch/x86_64/mmap.c:92:26: warning: unused variable 'vaddr' [-Wunused-variable]
   92 |                 uint64_t vaddr = area->start + j * PAGE_SIZE;
      |                          ^~~~~
kernel/arch/x86_64/net.c: In function 'udp_handle_packet':
kernel/arch/x86_64/net.c:901:25: warning: conversion from 'long long unsigned int' to 'uint16_t' {aka 'short unsigned int'} may change value [-Wconversion]
  901 |     uint16_t data_len = ntohs(udp->len) - sizeof(udp_header_t);
      |                         ^~~~~
kernel/arch/x86_64/mmap.c: In function 'mmap_do_mmap':
kernel/arch/x86_64/mmap.c:363:18: warning: variable 'cow_pte_flags' set but not used [-Wunused-but-set-variable=]
  363 |         uint64_t cow_pte_flags = pte_flags & ~(uint64_t)PAGE_WRITABLE;
      |                  ^~~~~~~~~~~~~
kernel/arch/x86_64/memory.c: In function 'memory_alloc':
kernel/arch/x86_64/memory.c:34:60: warning: unsigned conversion from 'int' to 'uint64_t' {aka 'long long unsigned int'} changes value from '-4096' to '18446744073709547520' [-Wsign-conversion]
   34 |     uint64_t aligned_size = (size + MEMORY_BLOCK_SIZE - 1) & ~(MEMORY_BLOCK_SIZE - 1);
      |                                                            ^
<3> Building kernel/arch/x86_64/ldso.c
<1> Building kernel/arch/x86_64/keyboard.c
kernel/arch/x86_64/ldso.c: In function 'ldso_read_at':
kernel/arch/x86_64/ldso.c:24:23: warning: conversion to 'int64_t' {aka 'long long int'} from 'uint64_t' {aka 'long long unsigned int'} may change the sign of the result [-Wsign-conversion]
   24 |     if (vfs_lseek(fd, offset, 0) != (int64_t)offset)
      |                       ^~~~~~
kernel/arch/x86_64/ldso.c: In function 'ldso_elf_hash':
kernel/arch/x86_64/ldso.c:38:16: warning: conversion from 'uint32_t' {aka 'unsigned int'} to 'uint8_t' {aka 'unsigned char'} may change value [-Wconversion]
   38 |         high = h & 0xF0000000U;
      |                ^
kernel/arch/x86_64/keyboard.c: In function '__kbd_handle_key':
kernel/arch/x86_64/keyboard.c:127:44: warning: unsigned conversion from 'int' to 'uint32_t' {aka 'unsigned int'} changes value from '-2' to '4294967294' [-Wsign-conversion]
  127 |                 if (release) kbd_modifiers &= ~KEYMOD_LSHIFT;
      |                                            ^~
kernel/arch/x86_64/keyboard.c:131:44: warning: unsigned conversion from 'int' to 'uint32_t' {aka 'unsigned int'} changes value from '-3' to '4294967293' [-Wsign-conversion]
  131 |                 if (release) kbd_modifiers &= ~KEYMOD_RSHIFT;
      |                                            ^~
kernel/arch/x86_64/keyboard.c:136:48: warning: unsigned conversion from 'int' to 'uint32_t' {aka 'unsigned int'} changes value from '-9' to '4294967287' [-Wsign-conversion]
  136 |                     if (release) kbd_modifiers &= ~KEYMOD_RCTRL;
      |                                                ^~
kernel/arch/x86_64/keyboard.c:139:48: warning: unsigned conversion from 'int' to 'uint32_t' {aka 'unsigned int'} changes value from '-5' to '4294967291' [-Wsign-conversion]
  139 |                     if (release) kbd_modifiers &= ~KEYMOD_LCTRL;
      |                                                ^~
kernel/arch/x86_64/keyboard.c:146:48: warning: unsigned conversion from 'int' to 'uint32_t' {aka 'unsigned int'} changes value from '-33' to '4294967263' [-Wsign-conversion]
  146 |                     if (release) kbd_modifiers &= ~KEYMOD_RALT;
      |                                                ^~
kernel/arch/x86_64/keyboard.c:149:48: warning: unsigned conversion from 'int' to 'uint32_t' {aka 'unsigned int'} changes value from '-17' to '4294967279' [-Wsign-conversion]
  149 |                     if (release) kbd_modifiers &= ~KEYMOD_LALT;
      |                                                ^~
kernel/arch/x86_64/keyboard.c:157:31: warning: unsigned conversion from 'int' to 'uint8_t' {aka 'unsigned char'} changes the value of '-5' [-Wsign-conversion]
  157 |                     kbd_led = (kbd_modifiers & KEYMOD_CAPSLOCK) ? (kbd_led | KBD_LED_CAPS) : (kbd_led & ~KBD_LED_CAPS);
      |                               ^
kernel/arch/x86_64/keyboard.c:164:31: warning: unsigned conversion from 'int' to 'uint8_t' {aka 'unsigned char'} changes the value of '-3' [-Wsign-conversion]
  164 |                     kbd_led = (kbd_modifiers & KEYMOD_NUMLOCK) ? (kbd_led | KBD_LED_NUM) : (kbd_led & ~KBD_LED_NUM);
      |                               ^
kernel/arch/x86_64/keyboard.c:171:31: warning: unsigned conversion from 'int' to 'uint8_t' {aka 'unsigned char'} changes the value of '-2' [-Wsign-conversion]
  171 |                     kbd_led = (kbd_modifiers & KEYMOD_SCROLLLOCK) ? (kbd_led | KBD_LED_SCROLL) : (kbd_led & ~KBD_LED_SCROLL);
      |                               ^
kernel/arch/x86_64/keyboard.c:193:24: warning: conversion to 'char' from 'uint8_t' {aka 'unsigned char'} may change the sign of the result [-Wsign-conversion]
  193 |             ev.ascii = scancode_set1_shift[scancode];
      |                        ^~~~~~~~~~~~~~~~~~~
kernel/arch/x86_64/keyboard.c:195:24: warning: conversion to 'char' from 'uint8_t' {aka 'unsigned char'} may change the sign of the result [-Wsign-conversion]
  195 |             ev.ascii = scancode_set1_normal[scancode];
      |                        ^~~~~~~~~~~~~~~~~~~~
kernel/arch/x86_64/ldso.c: In function 'ldso_relocate':
kernel/arch/x86_64/ldso.c:582:32: warning: conversion to 'long long unsigned int' from 'int64_t' {aka 'long long int'} may change the sign of the result [-Wsign-conversion]
  582 |                 *target = base + rel->r_addend;
      |                                ^
kernel/arch/x86_64/ldso.c:591:36: warning: conversion to 'long long unsigned int' from 'int64_t' {aka 'long long int'} may change the sign of the result [-Wsign-conversion]
  591 |                 *target = sym_addr + rel->r_addend;
      |                                    ^
kernel/arch/x86_64/ldso.c:601:49: warning: conversion to 'long long unsigned int' from 'int64_t' {aka 'long long int'} may change the sign of the result [-Wsign-conversion]
  601 |                 *target32 = (uint32_t)(sym_addr + rel->r_addend - (uint64_t)target);
      |                                                 ^
kernel/arch/x86_64/ldso.c:632:32: warning: conversion to 'long long unsigned int' from 'int64_t' {aka 'long long int'} may change the sign of the result [-Wsign-conversion]
  632 |                 *target = base + rel->r_addend;
      |                                ^
kernel/arch/x86_64/ldso.c:640:36: warning: conversion to 'long long unsigned int' from 'int64_t' {aka 'long long int'} may change the sign of the result [-Wsign-conversion]
  640 |                 *target = sym_addr + rel->r_addend;
      |                                    ^
kernel/arch/x86_64/ldso.c:649:49: warning: conversion to 'long long unsigned int' from 'int64_t' {aka 'long long int'} may change the sign of the result [-Wsign-conversion]
  649 |                 *target32 = (uint32_t)(sym_addr + rel->r_addend - (uint64_t)target);
      |                                                 ^
kernel/arch/x86_64/ldso.c: In function 'ldso_call_init':
kernel/arch/x86_64/ldso.c:690:36: warning: ISO C forbids conversion of object pointer to function pointer type [-Wpedantic]
  690 |                 void (*fn)(void) = (void(*)(void))lib->init_array[j];
      |                                    ^
kernel/arch/x86_64/ldso.c: In function 'ldso_call_fini':
kernel/arch/x86_64/ldso.c:715:36: warning: ISO C forbids conversion of object pointer to function pointer type [-Wpedantic]
  715 |                 void (*fn)(void) = (void(*)(void))lib->fini_array[j];
      |                                    ^
kernel/arch/x86_64/ldso.c: In function 'ldso_unload_library':
kernel/arch/x86_64/ldso.c:760:36: warning: ISO C forbids conversion of object pointer to function pointer type [-Wpedantic]
  760 |                 void (*fn)(void) = (void(*)(void))lib->fini_array[j];
      |                                    ^
<2> Building kernel/arch/x86_64/jbd2.c
<1> Building kernel/arch/x86_64/ioapic.c
kernel/arch/x86_64/jbd2.c: In function 'jbd2_journal_load':
kernel/arch/x86_64/jbd2.c:398:56: warning: pointer of type 'void *' used in arithmetic [-Wpointer-arith]
  398 |             uint64_t* block_nos = (uint64_t*)(scan_buf + sizeof(jbd2_block_header_t));
      |                                                        ^
kernel/arch/x86_64/jbd2.c: In function 'jbd2_trans_commit':
kernel/arch/x86_64/jbd2.c:627:52: warning: pointer of type 'void *' used in arithmetic [-Wpointer-arith]
  627 |         uint64_t* block_nos = (uint64_t*)(desc_buf + sizeof(jbd2_block_header_t));
      |                                                    ^
kernel/arch/x86_64/jbd2.c: In function 'jbd2_trans_abort':
kernel/arch/x86_64/jbd2.c:759:20: warning: unsigned conversion from 'int' to 'uint32_t' {aka 'unsigned int'} changes value from '-2' to '4294967294' [-Wsign-conversion]
  759 |         blk->flags &= ~JBD2_BLOCK_DIRTY;
      |                    ^~
kernel/arch/x86_64/jbd2.c: In function 'jbd2_journal_checkpoint':
kernel/arch/x86_64/jbd2.c:867:32: warning: unsigned conversion from 'int' to 'uint32_t' {aka 'unsigned int'} changes value from '-2' to '4294967294' [-Wsign-conversion]
  867 |                     blk->flags &= ~JBD2_BLOCK_DIRTY;
      |                                ^~
kernel/arch/x86_64/jbd2.c:875:24: warning: unsigned conversion from 'int' to 'uint32_t' {aka 'unsigned int'} changes value from '-9' to '4294967287' [-Wsign-conversion]
  875 |             blk->flags &= ~JBD2_BLOCK_IN_LOG;
      |                        ^~
In file included from kernel/arch/x86_64/ioapic.c:3:
kernel/arch/x86_64/ioapic.c: In function 'ioapic_set_redirect':
kernel/arch/x86_64/include/arch/ioapic.h:15:32: warning: conversion to 'uint32_t' {aka 'unsigned int'} from 'int' may change the sign of the result [-Wsign-conversion]
   15 | #define IOAPIC_REG_REDIR_BASE  0x10
      |                                ^~~~
kernel/arch/x86_64/ioapic.c:70:20: note: in expansion of macro 'IOAPIC_REG_REDIR_BASE'
   70 |     uint32_t reg = IOAPIC_REG_REDIR_BASE + irq_num * 2;
      |                    ^~~~~~~~~~~~~~~~~~~~~
kernel/arch/x86_64/ioapic.c: In function 'ioapic_mask_irq':
kernel/arch/x86_64/include/arch/ioapic.h:15:32: warning: conversion to 'uint32_t' {aka 'unsigned int'} from 'int' may change the sign of the result [-Wsign-conversion]
   15 | #define IOAPIC_REG_REDIR_BASE  0x10
      |                                ^~~~
kernel/arch/x86_64/ioapic.c:111:20: note: in expansion of macro 'IOAPIC_REG_REDIR_BASE'
  111 |     uint32_t reg = IOAPIC_REG_REDIR_BASE + irq_num * 2;
      |                    ^~~~~~~~~~~~~~~~~~~~~
kernel/arch/x86_64/ioapic.c: In function 'ioapic_unmask_irq':
kernel/arch/x86_64/include/arch/ioapic.h:15:32: warning: conversion to 'uint32_t' {aka 'unsigned int'} from 'int' may change the sign of the result [-Wsign-conversion]
   15 | #define IOAPIC_REG_REDIR_BASE  0x10
      |                                ^~~~
kernel/arch/x86_64/ioapic.c:120:20: note: in expansion of macro 'IOAPIC_REG_REDIR_BASE'
  120 |     uint32_t reg = IOAPIC_REG_REDIR_BASE + irq_num * 2;
      |                    ^~~~~~~~~~~~~~~~~~~~~
kernel/arch/x86_64/ioapic.c:123:9: warning: unsigned conversion from 'int' to 'uint32_t' {aka 'unsigned int'} changes value from '-65537' to '4294901759' [-Wsign-conversion]
  123 |     low &= ~IOAPIC_MASKED;
      |         ^~
kernel/arch/x86_64/ioapic.c: In function 'ioapic_get_redirect_entry':
kernel/arch/x86_64/include/arch/ioapic.h:15:32: warning: conversion to 'uint32_t' {aka 'unsigned int'} from 'int' may change the sign of the result [-Wsign-conversion]
   15 | #define IOAPIC_REG_REDIR_BASE  0x10
      |                                ^~~~
kernel/arch/x86_64/ioapic.c:129:20: note: in expansion of macro 'IOAPIC_REG_REDIR_BASE'
  129 |     uint32_t reg = IOAPIC_REG_REDIR_BASE + irq_num * 2;
      |                    ^~~~~~~~~~~~~~~~~~~~~
<0> Building kernel/arch/x86_64/idt.c
kernel/arch/x86_64/idt.c: In function 'idt_set_gate':
kernel/arch/x86_64/idt.c:33:28: warning: conversion from 'uint64_t' {aka 'long long unsigned int'} to 'uint32_t' {aka 'unsigned int'} may change value [-Wconversion]
   33 |     idt[index].base_high = (handler >> 32) & 0xFFFFFFFF;
      |                            ^
<1> Building kernel/arch/x86_64/hpet.c
<0> Building kernel/arch/x86_64/hda.c
<3> Building kernel/arch/x86_64/gui.c
kernel/arch/x86_64/hda.c: In function 'hda_init':
kernel/arch/x86_64/hda.c:19:59: warning: conversion from 'int' to 'uint8_t' {aka 'unsigned char'} may change value [-Wconversion]
   19 |                 uint32_t class_code_reg = pci_read_config(b, d, f, 0x08);
      |                                                           ^
kernel/arch/x86_64/hda.c:19:62: warning: conversion from 'int' to 'uint8_t' {aka 'unsigned char'} may change value [-Wconversion]
   19 |                 uint32_t class_code_reg = pci_read_config(b, d, f, 0x08);
      |                                                              ^
kernel/arch/x86_64/hda.c:19:65: warning: conversion from 'int' to 'uint8_t' {aka 'unsigned char'} may change value [-Wconversion]
   19 |                 uint32_t class_code_reg = pci_read_config(b, d, f, 0x08);
      |                                                                 ^
kernel/arch/x86_64/hda.c:23:38: warning: conversion from 'uint32_t' {aka 'unsigned int'} to 'uint8_t' {aka 'unsigned char'} may change value [-Wconversion]
   23 |                 uint8_t class_code = (class_code_reg >> 24) & 0xFF;
      |                                      ^
kernel/arch/x86_64/hda.c:28:37: warning: conversion from 'int' to 'uint8_t' {aka 'unsigned char'} may change value [-Wconversion]
   28 |                         ctrl->bus = b;
      |                                     ^
kernel/arch/x86_64/hda.c:29:40: warning: conversion from 'int' to 'uint8_t' {aka 'unsigned char'} may change value [-Wconversion]
   29 |                         ctrl->device = d;
      |                                        ^
kernel/arch/x86_64/hda.c:30:42: warning: conversion from 'int' to 'uint8_t' {aka 'unsigned char'} may change value [-Wconversion]
   30 |                         ctrl->function = f;
      |                                          ^
kernel/arch/x86_64/hda.c:31:62: warning: conversion from 'int' to 'uint8_t' {aka 'unsigned char'} may change value [-Wconversion]
   31 |                         ctrl->base_address = pci_read_config(b, d, f, 0x10) & 0xFFFFFFF0;
      |                                                              ^
kernel/arch/x86_64/hda.c:31:65: warning: conversion from 'int' to 'uint8_t' {aka 'unsigned char'} may change value [-Wconversion]
   31 |                         ctrl->base_address = pci_read_config(b, d, f, 0x10) & 0xFFFFFFF0;
      |                                                                 ^
kernel/arch/x86_64/hda.c:31:68: warning: conversion from 'int' to 'uint8_t' {aka 'unsigned char'} may change value [-Wconversion]
   31 |                         ctrl->base_address = pci_read_config(b, d, f, 0x10) & 0xFFFFFFF0;
      |                                                                    ^
kernel/arch/x86_64/hda.c:32:59: warning: conversion from 'int' to 'uint8_t' {aka 'unsigned char'} may change value [-Wconversion]
   32 |                         ctrl->vendor_id = pci_read_config(b, d, f, 0x00) & 0xFFFF;
      |                                                           ^
kernel/arch/x86_64/hda.c:32:62: warning: conversion from 'int' to 'uint8_t' {aka 'unsigned char'} may change value [-Wconversion]
   32 |                         ctrl->vendor_id = pci_read_config(b, d, f, 0x00) & 0xFFFF;
      |                                                              ^
kernel/arch/x86_64/hda.c:32:65: warning: conversion from 'int' to 'uint8_t' {aka 'unsigned char'} may change value [-Wconversion]
   32 |                         ctrl->vendor_id = pci_read_config(b, d, f, 0x00) & 0xFFFF;
      |                                                                 ^
kernel/arch/x86_64/hda.c:33:60: warning: conversion from 'int' to 'uint8_t' {aka 'unsigned char'} may change value [-Wconversion]
   33 |                         ctrl->device_id = (pci_read_config(b, d, f, 0x00) >> 16) & 0xFFFF;
      |                                                            ^
kernel/arch/x86_64/hda.c:33:63: warning: conversion from 'int' to 'uint8_t' {aka 'unsigned char'} may change value [-Wconversion]
   33 |                         ctrl->device_id = (pci_read_config(b, d, f, 0x00) >> 16) & 0xFFFF;
      |                                                               ^
kernel/arch/x86_64/hda.c:33:66: warning: conversion from 'int' to 'uint8_t' {aka 'unsigned char'} may change value [-Wconversion]
   33 |                         ctrl->device_id = (pci_read_config(b, d, f, 0x00) >> 16) & 0xFFFF;
      |                                                                  ^
kernel/arch/x86_64/hda.c:34:59: warning: conversion from 'int' to 'uint8_t' {aka 'unsigned char'} may change value [-Wconversion]
   34 |                         ctrl->interrupt = pci_read_config(b, d, f, 0x3C) & 0xFF;
      |                                                           ^
kernel/arch/x86_64/hda.c:34:62: warning: conversion from 'int' to 'uint8_t' {aka 'unsigned char'} may change value [-Wconversion]
   34 |                         ctrl->interrupt = pci_read_config(b, d, f, 0x3C) & 0xFF;
      |                                                              ^
kernel/arch/x86_64/hda.c:34:65: warning: conversion from 'int' to 'uint8_t' {aka 'unsigned char'} may change value [-Wconversion]
   34 |                         ctrl->interrupt = pci_read_config(b, d, f, 0x3C) & 0xFF;
      |                                                                 ^
kernel/arch/x86_64/hda.c:15:26: warning: unused variable 'function' [-Wunused-variable]
   15 |     uint8_t bus, device, function;
      |                          ^~~~~~~~
kernel/arch/x86_64/hda.c:15:18: warning: unused variable 'device' [-Wunused-variable]
   15 |     uint8_t bus, device, function;
      |                  ^~~~~~
kernel/arch/x86_64/hda.c:15:13: warning: unused variable 'bus' [-Wunused-variable]
   15 |     uint8_t bus, device, function;
      |             ^~~
kernel/arch/x86_64/gui.c: In function 'gfx_draw_rect_3d':
kernel/arch/x86_64/gui.c:24:18: warning: conversion to 'uint32_t' {aka 'unsigned int'} from 'int' may change the sign of the result [-Wsign-conversion]
   24 |     fb_fill_rect(x, y, (uint32_t)w, (uint32_t)h, face);
      |                  ^
kernel/arch/x86_64/gui.c:24:21: warning: conversion to 'uint32_t' {aka 'unsigned int'} from 'int' may change the sign of the result [-Wsign-conversion]
   24 |     fb_fill_rect(x, y, (uint32_t)w, (uint32_t)h, face);
      |                     ^
kernel/arch/x86_64/gui.c:28:22: warning: conversion to 'uint32_t' {aka 'unsigned int'} from 'int' may change the sign of the result [-Wsign-conversion]
   28 |         fb_draw_line(x, y, x + w - 1, y, highlight);           /* 上 */
      |                      ^
kernel/arch/x86_64/gui.c:28:25: warning: conversion to 'uint32_t' {aka 'unsigned int'} from 'int' may change the sign of the result [-Wsign-conversion]
   28 |         fb_draw_line(x, y, x + w - 1, y, highlight);           /* 上 */
      |                         ^
kernel/arch/x86_64/gui.c:28:34: warning: conversion to 'uint32_t' {aka 'unsigned int'} from 'int' may change the sign of the result [-Wsign-conversion]
   28 |         fb_draw_line(x, y, x + w - 1, y, highlight);           /* 上 */
      |                            ~~~~~~^~~
kernel/arch/x86_64/gui.c:28:39: warning: conversion to 'uint32_t' {aka 'unsigned int'} from 'int' may change the sign of the result [-Wsign-conversion]
   28 |         fb_draw_line(x, y, x + w - 1, y, highlight);           /* 上 */
      |                                       ^
kernel/arch/x86_64/gui.c:29:22: warning: conversion to 'uint32_t' {aka 'unsigned int'} from 'int' may change the sign of the result [-Wsign-conversion]
   29 |         fb_draw_line(x, y, x, y + h - 1, highlight);           /* 左 */
      |                      ^
kernel/arch/x86_64/gui.c:29:25: warning: conversion to 'uint32_t' {aka 'unsigned int'} from 'int' may change the sign of the result [-Wsign-conversion]
   29 |         fb_draw_line(x, y, x, y + h - 1, highlight);           /* 左 */
      |                         ^
kernel/arch/x86_64/gui.c:29:28: warning: conversion to 'uint32_t' {aka 'unsigned int'} from 'int' may change the sign of the result [-Wsign-conversion]
   29 |         fb_draw_line(x, y, x, y + h - 1, highlight);           /* 左 */
      |                            ^
kernel/arch/x86_64/gui.c:29:37: warning: conversion to 'uint32_t' {aka 'unsigned int'} from 'int' may change the sign of the result [-Wsign-conversion]
   29 |         fb_draw_line(x, y, x, y + h - 1, highlight);           /* 左 */
      |                               ~~~~~~^~~
kernel/arch/x86_64/gui.c:30:22: warning: conversion to 'uint32_t' {aka 'unsigned int'} from 'int' may change the sign of the result [-Wsign-conversion]
   30 |         fb_draw_line(x, y + h - 1, x + w - 1, y + h - 1, shadow); /* 下 */
      |                      ^
kernel/arch/x86_64/gui.c:30:31: warning: conversion to 'uint32_t' {aka 'unsigned int'} from 'int' may change the sign of the result [-Wsign-conversion]
   30 |         fb_draw_line(x, y + h - 1, x + w - 1, y + h - 1, shadow); /* 下 */
      |                         ~~~~~~^~~
kernel/arch/x86_64/gui.c:30:42: warning: conversion to 'uint32_t' {aka 'unsigned int'} from 'int' may change the sign of the result [-Wsign-conversion]
   30 |         fb_draw_line(x, y + h - 1, x + w - 1, y + h - 1, shadow); /* 下 */
      |                                    ~~~~~~^~~
kernel/arch/x86_64/gui.c:30:53: warning: conversion to 'uint32_t' {aka 'unsigned int'} from 'int' may change the sign of the result [-Wsign-conversion]
   30 |         fb_draw_line(x, y + h - 1, x + w - 1, y + h - 1, shadow); /* 下 */
      |                                               ~~~~~~^~~
kernel/arch/x86_64/gui.c:31:28: warning: conversion to 'uint32_t' {aka 'unsigned int'} from 'int' may change the sign of the result [-Wsign-conversion]
   31 |         fb_draw_line(x + w - 1, y, x + w - 1, y + h - 1, shadow); /* 右 */
      |                      ~~~~~~^~~
kernel/arch/x86_64/gui.c:31:33: warning: conversion to 'uint32_t' {aka 'unsigned int'} from 'int' may change the sign of the result [-Wsign-conversion]
   31 |         fb_draw_line(x + w - 1, y, x + w - 1, y + h - 1, shadow); /* 右 */
      |                                 ^
kernel/arch/x86_64/gui.c:31:42: warning: conversion to 'uint32_t' {aka 'unsigned int'} from 'int' may change the sign of the result [-Wsign-conversion]
   31 |         fb_draw_line(x + w - 1, y, x + w - 1, y + h - 1, shadow); /* 右 */
      |                                    ~~~~~~^~~
kernel/arch/x86_64/gui.c:31:53: warning: conversion to 'uint32_t' {aka 'unsigned int'} from 'int' may change the sign of the result [-Wsign-conversion]
   31 |         fb_draw_line(x + w - 1, y, x + w - 1, y + h - 1, shadow); /* 右 */
      |                                               ~~~~~~^~~
kernel/arch/x86_64/gui.c:34:22: warning: conversion to 'uint32_t' {aka 'unsigned int'} from 'int' may change the sign of the result [-Wsign-conversion]
   34 |         fb_draw_line(x, y, x + w - 1, y, shadow);              /* 上 */
      |                      ^
kernel/arch/x86_64/gui.c:34:25: warning: conversion to 'uint32_t' {aka 'unsigned int'} from 'int' may change the sign of the result [-Wsign-conversion]
   34 |         fb_draw_line(x, y, x + w - 1, y, shadow);              /* 上 */
      |                         ^
kernel/arch/x86_64/gui.c:34:34: warning: conversion to 'uint32_t' {aka 'unsigned int'} from 'int' may change the sign of the result [-Wsign-conversion]
   34 |         fb_draw_line(x, y, x + w - 1, y, shadow);              /* 上 */
      |                            ~~~~~~^~~
kernel/arch/x86_64/gui.c:34:39: warning: conversion to 'uint32_t' {aka 'unsigned int'} from 'int' may change the sign of the result [-Wsign-conversion]
   34 |         fb_draw_line(x, y, x + w - 1, y, shadow);              /* 上 */
      |                                       ^
kernel/arch/x86_64/gui.c:35:22: warning: conversion to 'uint32_t' {aka 'unsigned int'} from 'int' may change the sign of the result [-Wsign-conversion]
   35 |         fb_draw_line(x, y, x, y + h - 1, shadow);              /* 左 */
      |                      ^
kernel/arch/x86_64/gui.c:35:25: warning: conversion to 'uint32_t' {aka 'unsigned int'} from 'int' may change the sign of the result [-Wsign-conversion]
   35 |         fb_draw_line(x, y, x, y + h - 1, shadow);              /* 左 */
      |                         ^
kernel/arch/x86_64/gui.c:35:28: warning: conversion to 'uint32_t' {aka 'unsigned int'} from 'int' may change the sign of the result [-Wsign-conversion]
   35 |         fb_draw_line(x, y, x, y + h - 1, shadow);              /* 左 */
      |                            ^
kernel/arch/x86_64/gui.c:35:37: warning: conversion to 'uint32_t' {aka 'unsigned int'} from 'int' may change the sign of the result [-Wsign-conversion]
   35 |         fb_draw_line(x, y, x, y + h - 1, shadow);              /* 左 */
      |                               ~~~~~~^~~
kernel/arch/x86_64/gui.c:36:22: warning: conversion to 'uint32_t' {aka 'unsigned int'} from 'int' may change the sign of the result [-Wsign-conversion]
   36 |         fb_draw_line(x, y + h - 1, x + w - 1, y + h - 1, highlight); /* 下 */
      |                      ^
kernel/arch/x86_64/gui.c:36:31: warning: conversion to 'uint32_t' {aka 'unsigned int'} from 'int' may change the sign of the result [-Wsign-conversion]
   36 |         fb_draw_line(x, y + h - 1, x + w - 1, y + h - 1, highlight); /* 下 */
      |                         ~~~~~~^~~
kernel/arch/x86_64/gui.c:36:42: warning: conversion to 'uint32_t' {aka 'unsigned int'} from 'int' may change the sign of the result [-Wsign-conversion]
   36 |         fb_draw_line(x, y + h - 1, x + w - 1, y + h - 1, highlight); /* 下 */
      |                                    ~~~~~~^~~
kernel/arch/x86_64/gui.c:36:53: warning: conversion to 'uint32_t' {aka 'unsigned int'} from 'int' may change the sign of the result [-Wsign-conversion]
   36 |         fb_draw_line(x, y + h - 1, x + w - 1, y + h - 1, highlight); /* 下 */
      |                                               ~~~~~~^~~
kernel/arch/x86_64/gui.c:37:28: warning: conversion to 'uint32_t' {aka 'unsigned int'} from 'int' may change the sign of the result [-Wsign-conversion]
   37 |         fb_draw_line(x + w - 1, y, x + w - 1, y + h - 1, highlight); /* 右 */
      |                      ~~~~~~^~~
kernel/arch/x86_64/gui.c:37:33: warning: conversion to 'uint32_t' {aka 'unsigned int'} from 'int' may change the sign of the result [-Wsign-conversion]
   37 |         fb_draw_line(x + w - 1, y, x + w - 1, y + h - 1, highlight); /* 右 */
      |                                 ^
kernel/arch/x86_64/gui.c:37:42: warning: conversion to 'uint32_t' {aka 'unsigned int'} from 'int' may change the sign of the result [-Wsign-conversion]
   37 |         fb_draw_line(x + w - 1, y, x + w - 1, y + h - 1, highlight); /* 右 */
      |                                    ~~~~~~^~~
kernel/arch/x86_64/gui.c:37:53: warning: conversion to 'uint32_t' {aka 'unsigned int'} from 'int' may change the sign of the result [-Wsign-conversion]
   37 |         fb_draw_line(x + w - 1, y, x + w - 1, y + h - 1, highlight); /* 右 */
      |                                               ~~~~~~^~~
kernel/arch/x86_64/gui.c: In function 'window_draw':
kernel/arch/x86_64/gui.c:138:18: warning: conversion to 'uint32_t' {aka 'unsigned int'} from 'int' may change the sign of the result [-Wsign-conversion]
  138 |     fb_fill_rect(x, y, (uint32_t)w, (uint32_t)h, GUI_COLOR_WINDOW_FRAME);
      |                  ^
kernel/arch/x86_64/gui.c:138:21: warning: conversion to 'uint32_t' {aka 'unsigned int'} from 'int' may change the sign of the result [-Wsign-conversion]
  138 |     fb_fill_rect(x, y, (uint32_t)w, (uint32_t)h, GUI_COLOR_WINDOW_FRAME);
      |                     ^
kernel/arch/x86_64/gui.c:141:20: warning: conversion to 'uint32_t' {aka 'unsigned int'} from 'int' may change the sign of the result [-Wsign-conversion]
  141 |     fb_fill_rect(x + 1, y + 1, (uint32_t)(w - 2), GUI_TITLEBAR_HEIGHT,
      |                  ~~^~~
kernel/arch/x86_64/gui.c:141:27: warning: conversion to 'uint32_t' {aka 'unsigned int'} from 'int' may change the sign of the result [-Wsign-conversion]
  141 |     fb_fill_rect(x + 1, y + 1, (uint32_t)(w - 2), GUI_TITLEBAR_HEIGHT,
      |                         ~~^~~
kernel/arch/x86_64/gui.c:160:20: warning: conversion to 'uint32_t' {aka 'unsigned int'} from 'int' may change the sign of the result [-Wsign-conversion]
  160 |     fb_fill_rect(x + 1, y + 1 + GUI_TITLEBAR_HEIGHT,
      |                  ~~^~~
kernel/arch/x86_64/gui.c:160:31: warning: conversion to 'uint32_t' {aka 'unsigned int'} from 'int' may change the sign of the result [-Wsign-conversion]
  160 |     fb_fill_rect(x + 1, y + 1 + GUI_TITLEBAR_HEIGHT,
kernel/arch/x86_64/gui.c: In function 'desktop_draw_taskbar':
kernel/arch/x86_64/gui.c:216:21: warning: conversion to 'uint32_t' {aka 'unsigned int'} from 'int' may change the sign of the result [-Wsign-conversion]
  216 |     fb_draw_line(0, tb_y, desktop.screen_w - 1, tb_y,
      |                     ^~~~
kernel/arch/x86_64/gui.c:216:44: warning: conversion to 'uint32_t' {aka 'unsigned int'} from 'int' may change the sign of the result [-Wsign-conversion]
  216 |     fb_draw_line(0, tb_y, desktop.screen_w - 1, tb_y,
      |                           ~~~~~~~~~~~~~~~~~^~~
kernel/arch/x86_64/gui.c:216:49: warning: conversion to 'uint32_t' {aka 'unsigned int'} from 'int' may change the sign of the result [-Wsign-conversion]
  216 |     fb_draw_line(0, tb_y, desktop.screen_w - 1, tb_y,
      |                                                 ^~~~
<1> Building kernel/arch/x86_64/gdt.c
<2> Building kernel/arch/x86_64/framebuffer.c
<0> Building kernel/arch/x86_64/ext2.c
kernel/arch/x86_64/framebuffer.c: In function 'fb_init_from_gop':
kernel/arch/x86_64/framebuffer.c:335:63: warning: unsigned conversion from 'int' to 'uint64_t' {aka 'long long unsigned int'} changes value from '-4096' to '18446744073709547520' [-Wsign-conversion]
  335 |     fb_info.total_size = (fb_info.total_size + PAGE_SIZE - 1) & ~(PAGE_SIZE - 1);
      |                                                               ^
kernel/arch/x86_64/framebuffer.c: In function 'fb_puts':
kernel/arch/x86_64/framebuffer.c:548:49: warning: unsigned conversion from 'int' to 'uint32_t' {aka 'unsigned int'} changes value from '-64' to '4294967232' [-Wsign-conversion]
  548 |             cur_x = (cur_x + FB_CHAR_WIDTH * 8) & ~(FB_CHAR_WIDTH * 8 - 1);
      |                                                 ^
kernel/arch/x86_64/framebuffer.c: In function 'fb_resolution_set':
kernel/arch/x86_64/framebuffer.c:580:63: warning: unsigned conversion from 'int' to 'uint64_t' {aka 'long long unsigned int'} changes value from '-4096' to '18446744073709547520' [-Wsign-conversion]
  580 |     fb_info.total_size = (fb_info.total_size + PAGE_SIZE - 1) & ~(PAGE_SIZE - 1);
      |                                                               ^
<1> Building kernel/arch/x86_64/elf.c
kernel/arch/x86_64/ext2.c: In function 'ext2_block_to_lba':
kernel/arch/x86_64/ext2.c:11:46: warning: unused parameter 'fs' [-Wunused-parameter]
   11 | static uint32_t ext2_block_to_lba(ext2_fs_t* fs, uint32_t block)
      |                                   ~~~~~~~~~~~^~
kernel/arch/x86_64/ext2.c: In function 'ext2_read_file':
kernel/arch/x86_64/ext2.c:120:30: warning: conversion from 'uint64_t' {aka 'long long unsigned int'} to 'uint32_t' {aka 'unsigned int'} may change value [-Wconversion]
  120 |         uint32_t block_num = current_offset / EXT2_BLOCK_SIZE;
      |                              ^~~~~~~~~~~~~~
kernel/arch/x86_64/ext2.c:125:25: warning: conversion from 'uint64_t' {aka 'long long unsigned int'} to 'uint32_t' {aka 'unsigned int'} may change value [-Wconversion]
  125 |             read_size = size - bytes_read;
<3> Building kernel/arch/x86_64/ehci.c
      |                         ^~~~
kernel/arch/x86_64/ext2.c:144:12: warning: conversion from 'uint64_t' {aka 'long long unsigned int'} to 'int' may change value [-Wconversion]
  144 |     return bytes_read;
      |            ^~~~~~~~~~
kernel/arch/x86_64/ext2.c: In function 'ext2_read':
kernel/arch/x86_64/ext2.c:306:28: warning: conversion to 'uint64_t' {aka 'long long unsigned int'} from 'int' may change the sign of the result [-Wsign-conversion]
  306 |     if (ret > 0) f->offset += ret;
      |                            ^~
kernel/arch/x86_64/ext2.c: At top level:
kernel/arch/x86_64/ext2.c:22:12: warning: 'ext2_write_block' defined but not used [-Wunused-function]
   22 | static int ext2_write_block(ext2_fs_t* fs, uint32_t block, const void* buffer)
      |            ^~~~~~~~~~~~~~~~
kernel/arch/x86_64/elf.c: In function 'elf_load_from_memory':
kernel/arch/x86_64/elf.c:78:38: warning: unsigned conversion from 'int' to 'uint64_t' {aka 'long long unsigned int'} changes value from '-4096' to '18446744073709547520' [-Wsign-conversion]
   78 |         uint64_t vaddr = ph->p_vaddr & ~(PAGE_SIZE - 1);
      |                                      ^
kernel/arch/x86_64/elf.c:79:40: warning: unsigned conversion from 'int' to 'uint64_t' {aka 'long long unsigned int'} changes value from '-4096' to '18446744073709547520' [-Wsign-conversion]
   79 |         uint64_t offset = ph->p_offset & ~(PAGE_SIZE - 1);
      |                                        ^
kernel/arch/x86_64/elf.c:82:55: warning: unsigned conversion from 'int' to 'uint64_t' {aka 'long long unsigned int'} changes value from '-4096' to '18446744073709547520' [-Wsign-conversion]
   82 |         uint64_t page_end = (mem_end + PAGE_SIZE - 1) & ~(PAGE_SIZE - 1);
      |                                                       ^
kernel/arch/x86_64/elf.c: In function 'elf_load_from_file':
kernel/arch/x86_64/elf.c:144:41: warning: conversion to 'uint64_t' {aka 'long long unsigned int'} from 'int' may change the sign of the result [-Wsign-conversion]
  144 |     int ret = elf_load_from_memory(buf, total, info);
      |                                         ^~~~~
kernel/arch/x86_64/elf.c: In function 'elf_setup_stack':
kernel/arch/x86_64/elf.c:167:15: warning: conversion to 'uint64_t' {aka 'long long unsigned int'} from 'int' may change the sign of the result [-Wsign-conversion]
  167 |     *(--sp) = argc;
      |               ^~~~
kernel/arch/x86_64/ehci.c: In function 'ehci_init':
kernel/arch/x86_64/ehci.c:17:59: warning: conversion from 'int' to 'uint8_t' {aka 'unsigned char'} may change value [-Wconversion]
   17 |                 uint32_t class_code_reg = pci_read_config(b, d, f, 0x08);
      |                                                           ^
kernel/arch/x86_64/ehci.c:17:62: warning: conversion from 'int' to 'uint8_t' {aka 'unsigned char'} may change value [-Wconversion]
   17 |                 uint32_t class_code_reg = pci_read_config(b, d, f, 0x08);
      |                                                              ^
kernel/arch/x86_64/ehci.c:17:65: warning: conversion from 'int' to 'uint8_t' {aka 'unsigned char'} may change value [-Wconversion]
   17 |                 uint32_t class_code_reg = pci_read_config(b, d, f, 0x08);
      |                                                                 ^
kernel/arch/x86_64/ehci.c:21:38: warning: conversion from 'uint32_t' {aka 'unsigned int'} to 'uint8_t' {aka 'unsigned char'} may change value [-Wconversion]
   21 |                 uint8_t class_code = (class_code_reg >> 24) & 0xFF;
      |                                      ^
kernel/arch/x86_64/ehci.c:27:37: warning: conversion from 'int' to 'uint8_t' {aka 'unsigned char'} may change value [-Wconversion]
   27 |                         ctrl->bus = b;
      |                                     ^
kernel/arch/x86_64/ehci.c:28:40: warning: conversion from 'int' to 'uint8_t' {aka 'unsigned char'} may change value [-Wconversion]
   28 |                         ctrl->device = d;
      |                                        ^
kernel/arch/x86_64/ehci.c:29:42: warning: conversion from 'int' to 'uint8_t' {aka 'unsigned char'} may change value [-Wconversion]
   29 |                         ctrl->function = f;
      |                                          ^
kernel/arch/x86_64/ehci.c:30:54: warning: conversion from 'int' to 'uint8_t' {aka 'unsigned char'} may change value [-Wconversion]
   30 |                         ctrl->base = pci_read_config(b, d, f, 0x10) & 0xFFFFFFF0;
      |                                                      ^
kernel/arch/x86_64/ehci.c:30:57: warning: conversion from 'int' to 'uint8_t' {aka 'unsigned char'} may change value [-Wconversion]
   30 |                         ctrl->base = pci_read_config(b, d, f, 0x10) & 0xFFFFFFF0;
      |                                                         ^
kernel/arch/x86_64/ehci.c:30:60: warning: conversion from 'int' to 'uint8_t' {aka 'unsigned char'} may change value [-Wconversion]
   30 |                         ctrl->base = pci_read_config(b, d, f, 0x10) & 0xFFFFFFF0;
      |                                                            ^
<3> Building kernel/arch/x86_64/efi_entry.c
<1> Building kernel/arch/x86_64/efi.c
<2> Building kernel/arch/x86_64/cfs.c
<0> Building kernel/arch/x86_64/buddy.c
kernel/arch/x86_64/efi_entry.c: In function 'efi_print_dec':
kernel/arch/x86_64/efi_entry.c:47:24: warning: conversion from 'uint64_t' {aka 'long long unsigned int'} to 'char' may change value [-Wconversion]
   47 |             buf[i--] = '0' + (value % 10);
      |                        ^~~
kernel/arch/x86_64/buddy.c: In function 'buddy_free_pages':
kernel/arch/x86_64/buddy.c:145:17: warning: unsigned conversion from 'int' to 'uint32_t' {aka 'unsigned int'} changes value from '-2' to '4294967294' [-Wsign-conversion]
  145 |     page->flags &= ~PAGE_FLAG_USED;
      |                 ^~
kernel/arch/x86_64/buddy.c: In function 'buddy_free_pages.part.0':
kernel/arch/x86_64/buddy.c:154:18: warning: potential null pointer dereference [-Wnull-dereference]
  154 |         if (buddy->pfn < zone->base_pfn || buddy->pfn >= zone->end_pfn) break;
      |             ~~~~~^~~~~
kernel/arch/x86_64/buddy.c:154:18: warning: potential null pointer dereference [-Wnull-dereference]
In function '__list_add',
    inlined from 'buddy_alloc_pages' at kernel/arch/x86_64/buddy.c:129:9,
    inlined from 'buddy_alloc_pages' at kernel/arch/x86_64/buddy.c:101:9:
kernel/arch/x86_64/buddy.c:20:16: warning: potential null pointer dereference [-Wnull-dereference]
   20 |     page->prev = NULL;
kernel/arch/x86_64/buddy.c:19:16: warning: potential null pointer dereference [-Wnull-dereference]
   19 |     page->next = zone->free_list[order];
      |     ~~~~~~~~~~~^~~~~~~~~~~~~~~~~~~~~~~~
In function 'buddy_alloc_pages',
    inlined from 'buddy_alloc_pages' at kernel/arch/x86_64/buddy.c:101:9:
kernel/arch/x86_64/buddy.c:128:22: warning: potential null pointer dereference [-Wnull-dereference]
  128 |         buddy->flags = 0;
      |         ~~~~~~~~~~~~~^~~
kernel/arch/x86_64/buddy.c:127:22: warning: potential null pointer dereference [-Wnull-dereference]
  127 |         buddy->order = current_order;
      |         ~~~~~~~~~~~~~^~~~~~~~~~~~~~~
In function '__list_add',
    inlined from 'buddy_alloc_pages' at kernel/arch/x86_64/buddy.c:129:9,
    inlined from 'buddy_alloc_pages' at kernel/arch/x86_64/buddy.c:101:9:
kernel/arch/x86_64/buddy.c:20:16: warning: potential null pointer dereference [-Wnull-dereference]
   20 |     page->prev = NULL;
kernel/arch/x86_64/buddy.c:19:16: warning: potential null pointer dereference [-Wnull-dereference]
   19 |     page->next = zone->free_list[order];
      |     ~~~~~~~~~~~^~~~~~~~~~~~~~~~~~~~~~~~
In function 'buddy_alloc_pages',
    inlined from 'buddy_alloc_pages' at kernel/arch/x86_64/buddy.c:101:9:
kernel/arch/x86_64/buddy.c:128:22: warning: potential null pointer dereference [-Wnull-dereference]
  128 |         buddy->flags = 0;
      |         ~~~~~~~~~~~~~^~~
kernel/arch/x86_64/buddy.c:127:22: warning: potential null pointer dereference [-Wnull-dereference]
  127 |         buddy->order = current_order;
      |         ~~~~~~~~~~~~~^~~~~~~~~~~~~~~
<3> Building kernel/arch/x86_64/apic.c
<1> Building kernel/arch/x86_64/ahci.c
kernel/arch/x86_64/apic.c: In function 'lapic_send_ipi':
kernel/arch/x86_64/apic.c:86:38: warning: unsigned conversion from 'int' to 'uint32_t' {aka 'unsigned int'} changes value from '-16777216' to '4278190080' [-Wsign-conversion]
   86 |         lapic_write(LAPIC_ICR1, 0xFF << 24);
      |                                 ~~~~~^~~~~
kernel/arch/x86_64/apic.c: In function 'lapic_timer_calibrate':
kernel/arch/x86_64/apic.c:128:44: warning: unsigned conversion from 'int' to 'uint8_t' {aka 'unsigned char'} changes the value of '-2' [-Wsign-conversion]
  128 |         outb(PIT_SPEAKER_PORT, speaker_val & ~0x01);
      |                                ~~~~~~~~~~~~^~~~~~~
kernel/arch/x86_64/apic.c: In function 'lapic_lvt_unmask':
kernel/arch/x86_64/apic.c:172:26: warning: unsigned conversion from 'int' to 'uint32_t' {aka 'unsigned int'} changes value from '-65537' to '4294901759' [-Wsign-conversion]
  172 |     lapic_write(reg, val & ~LAPIC_TIMER_MASKED);
      |                          ^
<2> Building kernel/arch/x86_64/acpi_pm.c
<0> Building kernel/arch/x86_64/acpi_madt.c
kernel/arch/x86_64/ahci.c: In function 'ahci_init':
kernel/arch/x86_64/ahci.c:152:59: warning: conversion from 'int' to 'uint8_t' {aka 'unsigned char'} may change value [-Wconversion]
  152 |                 uint32_t class_code_reg = pci_read_config(b, d, f, 0x08);
      |                                                           ^
kernel/arch/x86_64/ahci.c:152:62: warning: conversion from 'int' to 'uint8_t' {aka 'unsigned char'} may change value [-Wconversion]
  152 |                 uint32_t class_code_reg = pci_read_config(b, d, f, 0x08);
      |                                                              ^
kernel/arch/x86_64/ahci.c:152:65: warning: conversion from 'int' to 'uint8_t' {aka 'unsigned char'} may change value [-Wconversion]
  152 |                 uint32_t class_code_reg = pci_read_config(b, d, f, 0x08);
      |                                                                 ^
kernel/arch/x86_64/ahci.c:156:38: warning: conversion from 'uint32_t' {aka 'unsigned int'} to 'uint8_t' {aka 'unsigned char'} may change value [-Wconversion]
  156 |                 uint8_t class_code = (class_code_reg >> 24) & 0xFF;
      |                                      ^
kernel/arch/x86_64/ahci.c:161:37: warning: conversion from 'int' to 'uint8_t' {aka 'unsigned char'} may change value [-Wconversion]
  161 |                         ctrl->bus = b;
      |                                     ^
kernel/arch/x86_64/ahci.c:162:40: warning: conversion from 'int' to 'uint8_t' {aka 'unsigned char'} may change value [-Wconversion]
  162 |                         ctrl->device = d;
      |                                        ^
kernel/arch/x86_64/ahci.c:163:42: warning: conversion from 'int' to 'uint8_t' {aka 'unsigned char'} may change value [-Wconversion]
  163 |                         ctrl->function = f;
      |                                          ^
kernel/arch/x86_64/ahci.c:164:54: warning: conversion from 'int' to 'uint8_t' {aka 'unsigned char'} may change value [-Wconversion]
  164 |                         ctrl->base = pci_read_config(b, d, f, 0x24) & 0xFFFFFFF0;
      |                                                      ^
kernel/arch/x86_64/ahci.c:164:57: warning: conversion from 'int' to 'uint8_t' {aka 'unsigned char'} may change value [-Wconversion]
  164 |                         ctrl->base = pci_read_config(b, d, f, 0x24) & 0xFFFFFFF0;
      |                                                         ^
kernel/arch/x86_64/ahci.c:164:60: warning: conversion from 'int' to 'uint8_t' {aka 'unsigned char'} may change value [-Wconversion]
  164 |                         ctrl->base = pci_read_config(b, d, f, 0x24) & 0xFFFFFFF0;
      |                                                            ^
kernel/arch/x86_64/ahci.c:22:22: warning: conversion to 'uint32_t' {aka 'unsigned int'} from 'int' may change the sign of the result [-Wsign-conversion]
   22 | #define AHCI_POFF    0x100
      |                      ^~~~~
kernel/arch/x86_64/ahci.c:175:52: note: in expansion of macro 'AHCI_POFF'
  175 |                                 uint32_t cmd_off = AHCI_POFF + p * AHCI_PSIZE + AHCI_PCMD;
      |                                                    ^~~~~~~~~
kernel/arch/x86_64/ahci.c:178:71: warning: unsigned conversion from 'int' to 'uint32_t' {aka 'unsigned int'} changes value from '-2' to '4294967294' [-Wsign-conversion]
  178 |                                     ahci_w32(ctrl->base, cmd_off, cmd & ~CMD_ST);
      |                                                                       ^
kernel/arch/x86_64/ahci.c:182:71: warning: unsigned conversion from 'int' to 'uint32_t' {aka 'unsigned int'} changes value from '-17' to '4294967279' [-Wsign-conversion]
  182 |                                     ahci_w32(ctrl->base, cmd_off, cmd & ~CMD_FRE);
      |                                                                       ^
kernel/arch/x86_64/ahci.c:191:81: warning: conversion to 'uint32_t' {aka 'unsigned int'} from 'int' may change the sign of the result [-Wsign-conversion]
  191 |                                 ahci_w32(ctrl->base, AHCI_POFF + p * AHCI_PSIZE + 0x00, (uint32_t)phys);
      |                                                                                 ^
kernel/arch/x86_64/ahci.c:192:81: warning: conversion to 'uint32_t' {aka 'unsigned int'} from 'int' may change the sign of the result [-Wsign-conversion]
  192 |                                 ahci_w32(ctrl->base, AHCI_POFF + p * AHCI_PSIZE + 0x04, (uint32_t)(phys >> 32));
      |                                                                                 ^
kernel/arch/x86_64/ahci.c:193:81: warning: conversion to 'uint32_t' {aka 'unsigned int'} from 'int' may change the sign of the result [-Wsign-conversion]
  193 |                                 ahci_w32(ctrl->base, AHCI_POFF + p * AHCI_PSIZE + 0x08, (uint32_t)(phys + 0x400));
      |                                                                                 ^
kernel/arch/x86_64/ahci.c:194:81: warning: conversion to 'uint32_t' {aka 'unsigned int'} from 'int' may change the sign of the result [-Wsign-conversion]
  194 |                                 ahci_w32(ctrl->base, AHCI_POFF + p * AHCI_PSIZE + 0x0C, 0);
      |                                                                                 ^
kernel/arch/x86_64/ahci.c:195:81: warning: conversion to 'uint32_t' {aka 'unsigned int'} from 'int' may change the sign of the result [-Wsign-conversion]
  195 |                                 ahci_w32(ctrl->base, AHCI_POFF + p * AHCI_PSIZE + AHCI_PIS, 0xFFFFFFFF);
      |                                                                                 ^
kernel/arch/x86_64/ahci.c:198:99: warning: conversion to 'uint32_t' {aka 'unsigned int'} from 'int' may change the sign of the result [-Wsign-conversion]
  198 |                                 ctrl->ports[p] = (ahci_port_t*)(uintptr_t)(ctrl->base + AHCI_POFF + p * AHCI_PSIZE);
      |                                                                                                   ^
kernel/arch/x86_64/acpi_pm.c: In function 'acpi_pm_write_sleep':
kernel/arch/x86_64/acpi_pm.c:136:16: warning: conversion from 'unsigned int' to 'uint16_t' {aka 'short unsigned int'} changes the value of '4294965488' [-Wconversion]
  136 |         cnt &= ~(0x070FU);
      |                ^
kernel/arch/x86_64/acpi_pm.c:144:19: warning: conversion from 'uint32_t' {aka 'unsigned int'} to 'uint16_t' {aka 'short unsigned int'} may change value [-Wconversion]
  144 |         cnt = inw(pm1_cnt_port);
      |                   ^~~~~~~~~~~~
kernel/arch/x86_64/acpi_pm.c:145:16: warning: conversion from 'unsigned int' to 'uint16_t' {aka 'short unsigned int'} changes the value of '4294965488' [-Wconversion]
  145 |         cnt &= ~(0x070FU);
      |                ^
kernel/arch/x86_64/acpi_pm.c:149:14: warning: conversion from 'uint32_t' {aka 'unsigned int'} to 'uint16_t' {aka 'short unsigned int'} may change value [-Wconversion]
  149 |         outw(pm1_cnt_port, cnt);
      |              ^~~~~~~~~~~~
kernel/arch/x86_64/acpi_pm.c: In function 'acpi_pm_init':
kernel/arch/x86_64/acpi_pm.c:186:35: warning: conversion from 'uint32_t' {aka 'unsigned int'} to 'uint16_t' {aka 'short unsigned int'} may change value [-Wconversion]
  186 |         uint16_t cnt = inw(pm_fadt->pm1a_cnt_blk);
      |                            ~~~~~~~^~~~~~~~~~~~~~
kernel/arch/x86_64/acpi_pm.c:189:25: warning: conversion from 'uint32_t' {aka 'unsigned int'} to 'uint16_t' {aka 'short unsigned int'} may change value [-Wconversion]
  189 |             outw(pm_fadt->pm1a_cnt_blk, cnt);
      |                  ~~~~~~~^~~~~~~~~~~~~~
kernel/arch/x86_64/acpi_pm.c: In function 'acpi_pm_suspend':
kernel/arch/x86_64/acpi_pm.c:214:35: warning: conversion from 'uint32_t' {aka 'unsigned int'} to 'uint16_t' {aka 'short unsigned int'} may change value [-Wconversion]
  214 |         pm_saved_cnt = inw(pm_fadt->pm1a_cnt_blk);
      |                            ~~~~~~~^~~~~~~~~~~~~~
kernel/arch/x86_64/acpi_pm.c: In function 'acpi_pm_get_timer':
kernel/arch/x86_64/acpi_pm.c:325:32: warning: conversion from 'uint32_t' {aka 'unsigned int'} to 'uint16_t' {aka 'short unsigned int'} may change value [-Wconversion]
  325 |         timer_val = inl(pm_fadt->pm_tmr_blk) & ACPI_PM_TIMER_MAX;
      |                         ~~~~~~~^~~~~~~~~~~~
kernel/arch/x86_64/acpi_pm.c: At top level:
kernel/arch/x86_64/acpi_pm.c:153:17: warning: 'acpi_pm_get_slp_typ' defined but not used [-Wunused-function]
  153 | static uint16_t acpi_pm_get_slp_typ(uint8_t* fadt_raw, uint32_t offset)
      |                 ^~~~~~~~~~~~~~~~~~~
kernel/arch/x86_64/acpi_madt.c: In function '__find_acpi_table':
kernel/arch/x86_64/acpi_madt.c:52:23: warning: conversion from 'long long unsigned int' to 'uint32_t' {aka 'unsigned int'} may change value [-Wconversion]
   52 |         entry_count = (rsdt_len - sizeof(acpi_rsdt_t)) / 8;
      |                       ^
kernel/arch/x86_64/acpi_madt.c:54:23: warning: conversion from 'long long unsigned int' to 'uint32_t' {aka 'unsigned int'} may change value [-Wconversion]
   54 |         entry_count = (rsdt_len - sizeof(acpi_rsdt_t)) / 4;
      |                       ^
kernel/arch/x86_64/acpi_madt.c: In function 'acpi_madt_parse':
kernel/arch/x86_64/acpi_madt.c:102:59: warning: ISO C forbids zero-size array [-Wpedantic]
  102 |     uint32_t offset = sizeof(acpi_madt_t) - sizeof(uint8_t[0]);
      |                                                           ^
kernel/arch/x86_64/acpi_madt.c: In function 'acpi_find_rsdp':
kernel/arch/x86_64/acpi_madt.c:30:37: warning: array subscript 0 is outside array bounds of 'uint16_t[0]' {aka 'short unsigned int[]'} [-Warray-bounds=]
   30 |     uint64_t ebda_base = (uint64_t)(*ebda_seg) << 4;
      |                                    ~^~~~~~~~~~
cc1.exe: note: source object is likely at address zero
<3> Building kernel/arch/x86_64/acpi.c
<1> Building kernel/arch/x86_64/ac97.c
kernel/arch/x86_64/acpi.c: In function 'acpi_init':
kernel/arch/x86_64/acpi.c:28:24: warning: cast to pointer from integer of different size [-Wint-to-pointer-cast]
   28 |         uint8_t* ptr = (uint8_t*)addr;
      |                        ^
kernel/arch/x86_64/acpi.c:37:40: warning: cast to pointer from integer of different size [-Wint-to-pointer-cast]
   37 |                 acpi_header_t* table = (acpi_header_t*)tables[i];
      |                                        ^
-- Enter folder kernel/api --
<2> Building kernel/api/kapi_wait.c
kernel/arch/x86_64/acpi.c:21:26: warning: array subscript 0 is outside array bounds of 'uint8_t[0]' {aka 'unsigned char[]'} [-Warray-bounds=]
   21 |     uint32_t ebda_base = *(uint16_t*)ebda << 4;
      |                          ^~~~~~~~~~~~~~~~
cc1.exe: note: source object is likely at address zero
<0> Building kernel/api/kapi_vfs.c
kernel/arch/x86_64/ac97.c: In function 'ac97_init':
kernel/arch/x86_64/ac97.c:54:59: warning: conversion from 'int' to 'uint8_t' {aka 'unsigned char'} may change value [-Wconversion]
   54 |                 uint32_t class_code_reg = pci_read_config(b, d, f, 0x08);
      |                                                           ^
kernel/arch/x86_64/ac97.c:54:62: warning: conversion from 'int' to 'uint8_t' {aka 'unsigned char'} may change value [-Wconversion]
   54 |                 uint32_t class_code_reg = pci_read_config(b, d, f, 0x08);
      |                                                              ^
kernel/arch/x86_64/ac97.c:54:65: warning: conversion from 'int' to 'uint8_t' {aka 'unsigned char'} may change value [-Wconversion]
   54 |                 uint32_t class_code_reg = pci_read_config(b, d, f, 0x08);
      |                                                                 ^
kernel/arch/x86_64/ac97.c:58:38: warning: conversion from 'uint32_t' {aka 'unsigned int'} to 'uint8_t' {aka 'unsigned char'} may change value [-Wconversion]
   58 |                 uint8_t class_code = (class_code_reg >> 24) & 0xFF;
      |                                      ^
kernel/arch/x86_64/ac97.c:63:37: warning: conversion from 'int' to 'uint8_t' {aka 'unsigned char'} may change value [-Wconversion]
   63 |                         ctrl->bus = b;
      |                                     ^
kernel/arch/x86_64/ac97.c:64:40: warning: conversion from 'int' to 'uint8_t' {aka 'unsigned char'} may change value [-Wconversion]
   64 |                         ctrl->device = d;
      |                                        ^
kernel/arch/x86_64/ac97.c:65:42: warning: conversion from 'int' to 'uint8_t' {aka 'unsigned char'} may change value [-Wconversion]
   65 |                         ctrl->function = f;
      |                                          ^
kernel/arch/x86_64/ac97.c:66:62: warning: conversion from 'int' to 'uint8_t' {aka 'unsigned char'} may change value [-Wconversion]
   66 |                         ctrl->base_address = pci_read_config(b, d, f, 0x10) & 0xFFFFFFF0;
      |                                                              ^
kernel/arch/x86_64/ac97.c:66:65: warning: conversion from 'int' to 'uint8_t' {aka 'unsigned char'} may change value [-Wconversion]
   66 |                         ctrl->base_address = pci_read_config(b, d, f, 0x10) & 0xFFFFFFF0;
      |                                                                 ^
kernel/arch/x86_64/ac97.c:66:68: warning: conversion from 'int' to 'uint8_t' {aka 'unsigned char'} may change value [-Wconversion]
   66 |                         ctrl->base_address = pci_read_config(b, d, f, 0x10) & 0xFFFFFFF0;
      |                                                                    ^
kernel/arch/x86_64/ac97.c:67:58: warning: conversion from 'int' to 'uint8_t' {aka 'unsigned char'} may change value [-Wconversion]
   67 |                         ctrl->dma_base = pci_read_config(b, d, f, 0x14) & 0xFFFFFFF0;
      |                                                          ^
kernel/arch/x86_64/ac97.c:67:61: warning: conversion from 'int' to 'uint8_t' {aka 'unsigned char'} may change value [-Wconversion]
   67 |                         ctrl->dma_base = pci_read_config(b, d, f, 0x14) & 0xFFFFFFF0;
      |                                                             ^
kernel/arch/x86_64/ac97.c:67:64: warning: conversion from 'int' to 'uint8_t' {aka 'unsigned char'} may change value [-Wconversion]
   67 |                         ctrl->dma_base = pci_read_config(b, d, f, 0x14) & 0xFFFFFFF0;
      |                                                                ^
kernel/arch/x86_64/ac97.c:68:59: warning: conversion from 'int' to 'uint8_t' {aka 'unsigned char'} may change value [-Wconversion]
   68 |                         ctrl->vendor_id = pci_read_config(b, d, f, 0x00) & 0xFFFF;
      |                                                           ^
kernel/arch/x86_64/ac97.c:68:62: warning: conversion from 'int' to 'uint8_t' {aka 'unsigned char'} may change value [-Wconversion]
   68 |                         ctrl->vendor_id = pci_read_config(b, d, f, 0x00) & 0xFFFF;
      |                                                              ^
kernel/arch/x86_64/ac97.c:68:65: warning: conversion from 'int' to 'uint8_t' {aka 'unsigned char'} may change value [-Wconversion]
   68 |                         ctrl->vendor_id = pci_read_config(b, d, f, 0x00) & 0xFFFF;
      |                                                                 ^
kernel/arch/x86_64/ac97.c:69:60: warning: conversion from 'int' to 'uint8_t' {aka 'unsigned char'} may change value [-Wconversion]
   69 |                         ctrl->device_id = (pci_read_config(b, d, f, 0x00) >> 16) & 0xFFFF;
      |                                                            ^
kernel/arch/x86_64/ac97.c:69:63: warning: conversion from 'int' to 'uint8_t' {aka 'unsigned char'} may change value [-Wconversion]
   69 |                         ctrl->device_id = (pci_read_config(b, d, f, 0x00) >> 16) & 0xFFFF;
      |                                                               ^
kernel/arch/x86_64/ac97.c:69:66: warning: conversion from 'int' to 'uint8_t' {aka 'unsigned char'} may change value [-Wconversion]
   69 |                         ctrl->device_id = (pci_read_config(b, d, f, 0x00) >> 16) & 0xFFFF;
      |                                                                  ^
kernel/arch/x86_64/ac97.c:70:59: warning: conversion from 'int' to 'uint8_t' {aka 'unsigned char'} may change value [-Wconversion]
   70 |                         ctrl->interrupt = pci_read_config(b, d, f, 0x3C) & 0xFF;
      |                                                           ^
kernel/arch/x86_64/ac97.c:70:62: warning: conversion from 'int' to 'uint8_t' {aka 'unsigned char'} may change value [-Wconversion]
   70 |                         ctrl->interrupt = pci_read_config(b, d, f, 0x3C) & 0xFF;
      |                                                              ^
kernel/arch/x86_64/ac97.c:70:65: warning: conversion from 'int' to 'uint8_t' {aka 'unsigned char'} may change value [-Wconversion]
   70 |                         ctrl->interrupt = pci_read_config(b, d, f, 0x3C) & 0xFF;
      |                                                                 ^
kernel/arch/x86_64/ac97.c:50:26: warning: unused variable 'function' [-Wunused-variable]
   50 |     uint8_t bus, device, function;
      |                          ^~~~~~~~
kernel/arch/x86_64/ac97.c:50:18: warning: unused variable 'device' [-Wunused-variable]
   50 |     uint8_t bus, device, function;
      |                  ^~~~~~
kernel/arch/x86_64/ac97.c:50:13: warning: unused variable 'bus' [-Wunused-variable]
   50 |     uint8_t bus, device, function;
      |             ^~~
In file included from include/kapi.h:23,
                 from kernel/api/kapi_wait.c:4:
include/kapi_bitmap.h: In function 'kapi_bitmap_set_all':
include/kapi_bitmap.h:33:26: warning: conversion from 'long long unsigned int' to 'unsigned int' may change value [-Wconversion]
   33 |     unsigned int longs = (nbits + KAPI_BITS_PER_LONG - 1) / KAPI_BITS_PER_LONG;
      |                          ^
include/kapi_bitmap.h: In function 'kapi_bitmap_clear_all':
include/kapi_bitmap.h:41:26: warning: conversion from 'long long unsigned int' to 'unsigned int' may change value [-Wconversion]
   41 |     unsigned int longs = (nbits + KAPI_BITS_PER_LONG - 1) / KAPI_BITS_PER_LONG;
      |                          ^
include/kapi_bitmap.h: In function 'kapi_bitmap_find_first':
include/kapi_bitmap.h:49:26: warning: conversion from 'long long unsigned int' to 'unsigned int' may change value [-Wconversion]
   49 |     unsigned int longs = (nbits + KAPI_BITS_PER_LONG - 1) / KAPI_BITS_PER_LONG;
      |                          ^
include/kapi_bitmap.h:56:35: warning: conversion to 'int' from 'unsigned int' may change the sign of the result [-Wsign-conversion]
   56 |                     return offset + j;
      |                            ~~~~~~~^~~
include/kapi_bitmap.h: In function 'kapi_bitmap_find_first_zero':
include/kapi_bitmap.h:66:26: warning: conversion from 'long long unsigned int' to 'unsigned int' may change value [-Wconversion]
   66 |     unsigned int longs = (nbits + KAPI_BITS_PER_LONG - 1) / KAPI_BITS_PER_LONG;
      |                          ^
include/kapi_bitmap.h:73:35: warning: conversion to 'int' from 'unsigned int' may change the sign of the result [-Wsign-conversion]
   73 |                     return offset + j;
      |                            ~~~~~~~^~~
include/kapi_bitmap.h: In function 'kapi_bitmap_count':
include/kapi_bitmap.h:84:26: warning: conversion from 'long long unsigned int' to 'unsigned int' may change value [-Wconversion]
   84 |     unsigned int longs = (nbits + KAPI_BITS_PER_LONG - 1) / KAPI_BITS_PER_LONG;
      |                          ^
In file included from include/kapi.h:23,
                 from kernel/api/kapi_vfs.c:2:
include/kapi_bitmap.h: In function 'kapi_bitmap_set_all':
include/kapi_bitmap.h:33:26: warning: conversion from 'long long unsigned int' to 'unsigned int' may change value [-Wconversion]
   33 |     unsigned int longs = (nbits + KAPI_BITS_PER_LONG - 1) / KAPI_BITS_PER_LONG;
      |                          ^
include/kapi_bitmap.h: In function 'kapi_bitmap_clear_all':
include/kapi_bitmap.h:41:26: warning: conversion from 'long long unsigned int' to 'unsigned int' may change value [-Wconversion]
   41 |     unsigned int longs = (nbits + KAPI_BITS_PER_LONG - 1) / KAPI_BITS_PER_LONG;
      |                          ^
include/kapi_bitmap.h: In function 'kapi_bitmap_find_first':
include/kapi_bitmap.h:49:26: warning: conversion from 'long long unsigned int' to 'unsigned int' may change value [-Wconversion]
   49 |     unsigned int longs = (nbits + KAPI_BITS_PER_LONG - 1) / KAPI_BITS_PER_LONG;
      |                          ^
include/kapi_bitmap.h:56:35: warning: conversion to 'int' from 'unsigned int' may change the sign of the result [-Wsign-conversion]
   56 |                     return offset + j;
      |                            ~~~~~~~^~~
include/kapi_bitmap.h: In function 'kapi_bitmap_find_first_zero':
include/kapi_bitmap.h:66:26: warning: conversion from 'long long unsigned int' to 'unsigned int' may change value [-Wconversion]
   66 |     unsigned int longs = (nbits + KAPI_BITS_PER_LONG - 1) / KAPI_BITS_PER_LONG;
      |                          ^
include/kapi_bitmap.h:73:35: warning: conversion to 'int' from 'unsigned int' may change the sign of the result [-Wsign-conversion]
   73 |                     return offset + j;
      |                            ~~~~~~~^~~
include/kapi_bitmap.h: In function 'kapi_bitmap_count':
include/kapi_bitmap.h:84:26: warning: conversion from 'long long unsigned int' to 'unsigned int' may change value [-Wconversion]
   84 |     unsigned int longs = (nbits + KAPI_BITS_PER_LONG - 1) / KAPI_BITS_PER_LONG;
      |                          ^
In file included from include/kapi.h:59:
include/kapi_netlink.h: In function 'kapi_nlmsg_next':
include/kapi_netlink.h:19:37: warning: conversion to 'int' from 'uint32_t' {aka 'unsigned int'} may change the sign of the result [-Wsign-conversion]
   19 | #define KAPI_NLMSG_ALIGNTO          4
      |                                     ^
include/kapi_netlink.h:75:18: note: in expansion of macro 'KAPI_NLMSG_ALIGNTO'
   75 |     int totlen = KAPI_NLMSG_ALIGNTO * ((nlh->nlmsg_len + KAPI_NLMSG_ALIGNTO - 1) / KAPI_NLMSG_ALIGNTO);
      |                  ^~~~~~~~~~~~~~~~~~
In file included from include/kapi.h:59:
include/kapi_netlink.h: In function 'kapi_nlmsg_next':
include/kapi_netlink.h:19:37: warning: conversion to 'int' from 'uint32_t' {aka 'unsigned int'} may change the sign of the result [-Wsign-conversion]
   19 | #define KAPI_NLMSG_ALIGNTO          4
      |                                     ^
include/kapi_netlink.h:75:18: note: in expansion of macro 'KAPI_NLMSG_ALIGNTO'
   75 |     int totlen = KAPI_NLMSG_ALIGNTO * ((nlh->nlmsg_len + KAPI_NLMSG_ALIGNTO - 1) / KAPI_NLMSG_ALIGNTO);
      |                  ^~~~~~~~~~~~~~~~~~
kernel/arch/x86_64/ac97.c:76:41: warning: 'vendor1' may be used uninitialized [-Wmaybe-uninitialized]
   76 |                         ctrl->vendor_id = vendor1;
      |                         ~~~~~~~~~~~~~~~~^~~~~~~~~
kernel/arch/x86_64/ac97.c:73:34: note: 'vendor1' was declared here
   73 |                         uint16_t vendor1, vendor2;
      |                                  ^~~~~~~
kernel/arch/x86_64/ac97.c:77:41: warning: 'vendor2' may be used uninitialized [-Wmaybe-uninitialized]
   77 |                         ctrl->device_id = vendor2;
      |                         ~~~~~~~~~~~~~~~~^~~~~~~~~
kernel/arch/x86_64/ac97.c:73:43: note: 'vendor2' was declared here
   73 |                         uint16_t vendor1, vendor2;
      |                                           ^~~~~~~
<3> Building kernel/api/kapi_time.c
<2> Building kernel/api/kapi_syscall.c
In file included from include/kapi.h:23,
                 from kernel/api/kapi_time.c:4:
include/kapi_bitmap.h: In function 'kapi_bitmap_set_all':
include/kapi_bitmap.h:33:26: warning: conversion from 'long long unsigned int' to 'unsigned int' may change value [-Wconversion]
   33 |     unsigned int longs = (nbits + KAPI_BITS_PER_LONG - 1) / KAPI_BITS_PER_LONG;
      |                          ^
include/kapi_bitmap.h: In function 'kapi_bitmap_clear_all':
include/kapi_bitmap.h:41:26: warning: conversion from 'long long unsigned int' to 'unsigned int' may change value [-Wconversion]
   41 |     unsigned int longs = (nbits + KAPI_BITS_PER_LONG - 1) / KAPI_BITS_PER_LONG;
      |                          ^
include/kapi_bitmap.h: In function 'kapi_bitmap_find_first':
include/kapi_bitmap.h:49:26: warning: conversion from 'long long unsigned int' to 'unsigned int' may change value [-Wconversion]
   49 |     unsigned int longs = (nbits + KAPI_BITS_PER_LONG - 1) / KAPI_BITS_PER_LONG;
      |                          ^
include/kapi_bitmap.h:56:35: warning: conversion to 'int' from 'unsigned int' may change the sign of the result [-Wsign-conversion]
   56 |                     return offset + j;
      |                            ~~~~~~~^~~
include/kapi_bitmap.h: In function 'kapi_bitmap_find_first_zero':
include/kapi_bitmap.h:66:26: warning: conversion from 'long long unsigned int' to 'unsigned int' may change value [-Wconversion]
   66 |     unsigned int longs = (nbits + KAPI_BITS_PER_LONG - 1) / KAPI_BITS_PER_LONG;
      |                          ^
include/kapi_bitmap.h:73:35: warning: conversion to 'int' from 'unsigned int' may change the sign of the result [-Wsign-conversion]
   73 |                     return offset + j;
      |                            ~~~~~~~^~~
include/kapi_bitmap.h: In function 'kapi_bitmap_count':
include/kapi_bitmap.h:84:26: warning: conversion from 'long long unsigned int' to 'unsigned int' may change value [-Wconversion]
   84 |     unsigned int longs = (nbits + KAPI_BITS_PER_LONG - 1) / KAPI_BITS_PER_LONG;
      |                          ^
In file included from include/kapi.h:59:
include/kapi_netlink.h: In function 'kapi_nlmsg_next':
include/kapi_netlink.h:19:37: warning: conversion to 'int' from 'uint32_t' {aka 'unsigned int'} may change the sign of the result [-Wsign-conversion]
   19 | #define KAPI_NLMSG_ALIGNTO          4
      |                                     ^
include/kapi_netlink.h:75:18: note: in expansion of macro 'KAPI_NLMSG_ALIGNTO'
   75 |     int totlen = KAPI_NLMSG_ALIGNTO * ((nlh->nlmsg_len + KAPI_NLMSG_ALIGNTO - 1) / KAPI_NLMSG_ALIGNTO);
      |                  ^~~~~~~~~~~~~~~~~~
<1> Building kernel/api/kapi_string.c
In file included from kernel/api/kapi_syscall.c:3:
include/kapi_syscall.h: In function 'sys_read':
include/kapi_syscall.h:494:38: warning: cast from pointer to integer of different size [-Wpointer-to-int-cast]
  494 | { return kapi_syscall3(SYS_read, fd, (long)buf, count); }
      |                                      ^
include/kapi_syscall.h:494:49: warning: conversion from 'size_t' {aka 'long long unsigned int'} to 'long int' may change value [-Wconversion]
  494 | { return kapi_syscall3(SYS_read, fd, (long)buf, count); }
      |                                                 ^~~~~
include/kapi_syscall.h: In function 'sys_write':
include/kapi_syscall.h:497:39: warning: cast from pointer to integer of different size [-Wpointer-to-int-cast]
  497 | { return kapi_syscall3(SYS_write, fd, (long)buf, count); }
      |                                       ^
include/kapi_syscall.h:497:50: warning: conversion from 'size_t' {aka 'long long unsigned int'} to 'long int' may change value [-Wconversion]
  497 | { return kapi_syscall3(SYS_write, fd, (long)buf, count); }
      |                                                  ^~~~~
include/kapi_syscall.h: In function 'sys_open':
include/kapi_syscall.h:500:34: warning: cast from pointer to integer of different size [-Wpointer-to-int-cast]
  500 | { return kapi_syscall3(SYS_open, (long)pathname, flags, mode); }
      |                                  ^
include/kapi_syscall.h: In function 'sys_mmap':
include/kapi_syscall.h:509:34: warning: cast from pointer to integer of different size [-Wpointer-to-int-cast]
  509 | { return kapi_syscall6(SYS_mmap, (long)addr, length, prot, flags, fd, offset); }
      |                                  ^
include/kapi_syscall.h:509:46: warning: conversion from 'size_t' {aka 'long long unsigned int'} to 'long int' may change value [-Wconversion]
  509 | { return kapi_syscall6(SYS_mmap, (long)addr, length, prot, flags, fd, offset); }
      |                                              ^~~~~~
include/kapi_syscall.h: In function 'sys_munmap':
include/kapi_syscall.h:512:36: warning: cast from pointer to integer of different size [-Wpointer-to-int-cast]
  512 | { return kapi_syscall2(SYS_munmap, (long)addr, length); }
      |                                    ^
include/kapi_syscall.h:512:48: warning: conversion from 'size_t' {aka 'long long unsigned int'} to 'long int' may change value [-Wconversion]
  512 | { return kapi_syscall2(SYS_munmap, (long)addr, length); }
      |                                                ^~~~~~
include/kapi_syscall.h: In function 'sys_mprotect':
include/kapi_syscall.h:515:38: warning: cast from pointer to integer of different size [-Wpointer-to-int-cast]
  515 | { return kapi_syscall3(SYS_mprotect, (long)addr, len, prot); }
      |                                      ^
include/kapi_syscall.h:515:50: warning: conversion from 'size_t' {aka 'long long unsigned int'} to 'long int' may change value [-Wconversion]
  515 | { return kapi_syscall3(SYS_mprotect, (long)addr, len, prot); }
      |                                                  ^~~
include/kapi_syscall.h: In function 'sys_brk':
include/kapi_syscall.h:518:33: warning: cast from pointer to integer of different size [-Wpointer-to-int-cast]
  518 | { return kapi_syscall1(SYS_brk, (long)addr); }
      |                                 ^
include/kapi_syscall.h: In function 'sys_clone':
include/kapi_syscall.h:527:42: warning: cast from pointer to integer of different size [-Wpointer-to-int-cast]
  527 | { return kapi_syscall5(SYS_clone, flags, (long)stack, (long)ptid, (long)ctid, tls); }
      |                                          ^
include/kapi_syscall.h:527:55: warning: cast from pointer to integer of different size [-Wpointer-to-int-cast]
  527 | { return kapi_syscall5(SYS_clone, flags, (long)stack, (long)ptid, (long)ctid, tls); }
      |                                                       ^
include/kapi_syscall.h:527:67: warning: cast from pointer to integer of different size [-Wpointer-to-int-cast]
  527 | { return kapi_syscall5(SYS_clone, flags, (long)stack, (long)ptid, (long)ctid, tls); }
      |                                                                   ^
include/kapi_syscall.h:527:35: warning: conversion to 'long int' from 'long unsigned int' may change the sign of the result [-Wsign-conversion]
  527 | { return kapi_syscall5(SYS_clone, flags, (long)stack, (long)ptid, (long)ctid, tls); }
      |                                   ^~~~~
include/kapi_syscall.h:527:79: warning: conversion to 'long int' from 'long unsigned int' may change the sign of the result [-Wsign-conversion]
  527 | { return kapi_syscall5(SYS_clone, flags, (long)stack, (long)ptid, (long)ctid, tls); }
      |                                                                               ^~~
include/kapi_syscall.h: In function 'sys_execve':
include/kapi_syscall.h:530:36: warning: cast from pointer to integer of different size [-Wpointer-to-int-cast]
  530 | { return kapi_syscall3(SYS_execve, (long)filename, (long)argv, (long)envp); }
      |                                    ^
include/kapi_syscall.h:530:52: warning: cast from pointer to integer of different size [-Wpointer-to-int-cast]
  530 | { return kapi_syscall3(SYS_execve, (long)filename, (long)argv, (long)envp); }
      |                                                    ^
include/kapi_syscall.h:530:64: warning: cast from pointer to integer of different size [-Wpointer-to-int-cast]
  530 | { return kapi_syscall3(SYS_execve, (long)filename, (long)argv, (long)envp); }
      |                                                                ^
include/kapi_syscall.h: In function 'sys_wait4':
include/kapi_syscall.h:539:40: warning: cast from pointer to integer of different size [-Wpointer-to-int-cast]
  539 | { return kapi_syscall4(SYS_wait4, pid, (long)wstatus, options, (long)rusage); }
      |                                        ^
include/kapi_syscall.h:539:64: warning: cast from pointer to integer of different size [-Wpointer-to-int-cast]
  539 | { return kapi_syscall4(SYS_wait4, pid, (long)wstatus, options, (long)rusage); }
      |                                                                ^
include/kapi_syscall.h: In function 'sys_stat':
include/kapi_syscall.h:554:34: warning: cast from pointer to integer of different size [-Wpointer-to-int-cast]
  554 | { return kapi_syscall2(SYS_stat, (long)pathname, (long)statbuf); }
      |                                  ^
include/kapi_syscall.h:554:50: warning: cast from pointer to integer of different size [-Wpointer-to-int-cast]
  554 | { return kapi_syscall2(SYS_stat, (long)pathname, (long)statbuf); }
      |                                                  ^
include/kapi_syscall.h: In function 'sys_fstat':
include/kapi_syscall.h:557:39: warning: cast from pointer to integer of different size [-Wpointer-to-int-cast]
  557 | { return kapi_syscall2(SYS_fstat, fd, (long)statbuf); }
      |                                       ^
include/kapi_syscall.h: In function 'sys_lstat':
include/kapi_syscall.h:560:35: warning: cast from pointer to integer of different size [-Wpointer-to-int-cast]
  560 | { return kapi_syscall2(SYS_lstat, (long)pathname, (long)statbuf); }
      |                                   ^
include/kapi_syscall.h:560:51: warning: cast from pointer to integer of different size [-Wpointer-to-int-cast]
  560 | { return kapi_syscall2(SYS_lstat, (long)pathname, (long)statbuf); }
      |                                                   ^
include/kapi_syscall.h: In function 'sys_access':
include/kapi_syscall.h:563:36: warning: cast from pointer to integer of different size [-Wpointer-to-int-cast]
  563 | { return kapi_syscall2(SYS_access, (long)pathname, mode); }
      |                                    ^
include/kapi_syscall.h: In function 'sys_chdir':
include/kapi_syscall.h:566:35: warning: cast from pointer to integer of different size [-Wpointer-to-int-cast]
  566 | { return kapi_syscall1(SYS_chdir, (long)path); }
      |                                   ^
include/kapi_syscall.h: In function 'sys_getcwd':
include/kapi_syscall.h:569:36: warning: cast from pointer to integer of different size [-Wpointer-to-int-cast]
  569 | { return kapi_syscall2(SYS_getcwd, (long)buf, size); }
      |                                    ^
include/kapi_syscall.h:569:47: warning: conversion from 'size_t' {aka 'long long unsigned int'} to 'long int' may change value [-Wconversion]
  569 | { return kapi_syscall2(SYS_getcwd, (long)buf, size); }
      |                                               ^~~~
include/kapi_syscall.h: In function 'sys_mkdir':
include/kapi_syscall.h:572:35: warning: cast from pointer to integer of different size [-Wpointer-to-int-cast]
  572 | { return kapi_syscall2(SYS_mkdir, (long)pathname, mode); }
      |                                   ^
include/kapi_syscall.h: In function 'sys_rmdir':
include/kapi_syscall.h:575:35: warning: cast from pointer to integer of different size [-Wpointer-to-int-cast]
  575 | { return kapi_syscall1(SYS_rmdir, (long)pathname); }
      |                                   ^
include/kapi_syscall.h: In function 'sys_unlink':
include/kapi_syscall.h:578:36: warning: cast from pointer to integer of different size [-Wpointer-to-int-cast]
  578 | { return kapi_syscall1(SYS_unlink, (long)pathname); }
      |                                    ^
include/kapi_syscall.h: In function 'sys_rename':
include/kapi_syscall.h:581:36: warning: cast from pointer to integer of different size [-Wpointer-to-int-cast]
  581 | { return kapi_syscall2(SYS_rename, (long)oldpath, (long)newpath); }
      |                                    ^
include/kapi_syscall.h:581:51: warning: cast from pointer to integer of different size [-Wpointer-to-int-cast]
  581 | { return kapi_syscall2(SYS_rename, (long)oldpath, (long)newpath); }
      |                                                   ^
include/kapi_syscall.h: In function 'sys_creat':
include/kapi_syscall.h:584:35: warning: cast from pointer to integer of different size [-Wpointer-to-int-cast]
  584 | { return kapi_syscall2(SYS_creat, (long)pathname, mode); }
      |                                   ^
include/kapi_syscall.h: In function 'sys_link':
include/kapi_syscall.h:587:34: warning: cast from pointer to integer of different size [-Wpointer-to-int-cast]
  587 | { return kapi_syscall2(SYS_link, (long)oldpath, (long)newpath); }
      |                                  ^
include/kapi_syscall.h:587:49: warning: cast from pointer to integer of different size [-Wpointer-to-int-cast]
  587 | { return kapi_syscall2(SYS_link, (long)oldpath, (long)newpath); }
      |                                                 ^
include/kapi_syscall.h: In function 'sys_symlink':
include/kapi_syscall.h:590:37: warning: cast from pointer to integer of different size [-Wpointer-to-int-cast]
  590 | { return kapi_syscall2(SYS_symlink, (long)target, (long)linkpath); }
      |                                     ^
include/kapi_syscall.h:590:51: warning: cast from pointer to integer of different size [-Wpointer-to-int-cast]
  590 | { return kapi_syscall2(SYS_symlink, (long)target, (long)linkpath); }
      |                                                   ^
include/kapi_syscall.h: In function 'sys_readlink':
include/kapi_syscall.h:593:38: warning: cast from pointer to integer of different size [-Wpointer-to-int-cast]
  593 | { return kapi_syscall3(SYS_readlink, (long)pathname, (long)buf, bufsiz); }
      |                                      ^
include/kapi_syscall.h:593:54: warning: cast from pointer to integer of different size [-Wpointer-to-int-cast]
  593 | { return kapi_syscall3(SYS_readlink, (long)pathname, (long)buf, bufsiz); }
      |                                                      ^
include/kapi_syscall.h:593:65: warning: conversion from 'size_t' {aka 'long long unsigned int'} to 'long int' may change value [-Wconversion]
  593 | { return kapi_syscall3(SYS_readlink, (long)pathname, (long)buf, bufsiz); }
      |                                                                 ^~~~~~
include/kapi_syscall.h: In function 'sys_chmod':
include/kapi_syscall.h:596:35: warning: cast from pointer to integer of different size [-Wpointer-to-int-cast]
  596 | { return kapi_syscall2(SYS_chmod, (long)pathname, mode); }
      |                                   ^
include/kapi_syscall.h: In function 'sys_chown':
include/kapi_syscall.h:599:35: warning: cast from pointer to integer of different size [-Wpointer-to-int-cast]
  599 | { return kapi_syscall3(SYS_chown, (long)pathname, owner, group); }
      |                                   ^
include/kapi_syscall.h: In function 'sys_truncate':
include/kapi_syscall.h:602:38: warning: cast from pointer to integer of different size [-Wpointer-to-int-cast]
  602 | { return kapi_syscall2(SYS_truncate, (long)path, length); }
      |                                      ^
include/kapi_syscall.h: In function 'sys_pipe':
include/kapi_syscall.h:626:34: warning: cast from pointer to integer of different size [-Wpointer-to-int-cast]
  626 | { return kapi_syscall1(SYS_pipe, (long)pipefd); }
      |                                  ^
include/kapi_syscall.h: In function 'sys_pipe2':
include/kapi_syscall.h:629:35: warning: cast from pointer to integer of different size [-Wpointer-to-int-cast]
  629 | { return kapi_syscall2(SYS_pipe2, (long)pipefd, flags); }
      |                                   ^
include/kapi_syscall.h: In function 'sys_mount':
include/kapi_syscall.h:634:35: warning: cast from pointer to integer of different size [-Wpointer-to-int-cast]
  634 | { return kapi_syscall5(SYS_mount, (long)source, (long)target, (long)filesystemtype, mountflags, (long)data); }
      |                                   ^
include/kapi_syscall.h:634:49: warning: cast from pointer to integer of different size [-Wpointer-to-int-cast]
  634 | { return kapi_syscall5(SYS_mount, (long)source, (long)target, (long)filesystemtype, mountflags, (long)data); }
      |                                                 ^
include/kapi_syscall.h:634:63: warning: cast from pointer to integer of different size [-Wpointer-to-int-cast]
  634 | { return kapi_syscall5(SYS_mount, (long)source, (long)target, (long)filesystemtype, mountflags, (long)data); }
      |                                                               ^
include/kapi_syscall.h:634:97: warning: cast from pointer to integer of different size [-Wpointer-to-int-cast]
  634 | { return kapi_syscall5(SYS_mount, (long)source, (long)target, (long)filesystemtype, mountflags, (long)data); }
      |                                                                                                 ^
include/kapi_syscall.h:634:85: warning: conversion to 'long int' from 'long unsigned int' may change the sign of the result [-Wsign-conversion]
  634 | { return kapi_syscall5(SYS_mount, (long)source, (long)target, (long)filesystemtype, mountflags, (long)data); }
      |                                                                                     ^~~~~~~~~~
include/kapi_syscall.h: In function 'sys_umount2':
include/kapi_syscall.h:637:37: warning: cast from pointer to integer of different size [-Wpointer-to-int-cast]
  637 | { return kapi_syscall2(SYS_umount2, (long)target, flags); }
      |                                     ^
include/kapi_syscall.h: In function 'sys_swapon':
include/kapi_syscall.h:640:36: warning: cast from pointer to integer of different size [-Wpointer-to-int-cast]
  640 | { return kapi_syscall2(SYS_swapon, (long)path, swapflags); }
      |                                    ^
include/kapi_syscall.h: In function 'sys_swapoff':
include/kapi_syscall.h:643:37: warning: cast from pointer to integer of different size [-Wpointer-to-int-cast]
  643 | { return kapi_syscall1(SYS_swapoff, (long)path); }
      |                                     ^
include/kapi_syscall.h: In function 'sys_nanosleep':
include/kapi_syscall.h:646:39: warning: cast from pointer to integer of different size [-Wpointer-to-int-cast]
  646 | { return kapi_syscall2(SYS_nanosleep, (long)req, (long)rem); }
      |                                       ^
include/kapi_syscall.h:646:50: warning: cast from pointer to integer of different size [-Wpointer-to-int-cast]
  646 | { return kapi_syscall2(SYS_nanosleep, (long)req, (long)rem); }
      |                                                  ^
include/kapi_syscall.h: In function 'sys_gettimeofday':
include/kapi_syscall.h:649:42: warning: cast from pointer to integer of different size [-Wpointer-to-int-cast]
  649 | { return kapi_syscall2(SYS_gettimeofday, (long)tv, (long)tz); }
      |                                          ^
include/kapi_syscall.h:649:52: warning: cast from pointer to integer of different size [-Wpointer-to-int-cast]
  649 | { return kapi_syscall2(SYS_gettimeofday, (long)tv, (long)tz); }
      |                                                    ^
include/kapi_syscall.h: In function 'sys_settimeofday':
include/kapi_syscall.h:652:42: warning: cast from pointer to integer of different size [-Wpointer-to-int-cast]
  652 | { return kapi_syscall2(SYS_settimeofday, (long)tv, (long)tz); }
      |                                          ^
include/kapi_syscall.h:652:52: warning: cast from pointer to integer of different size [-Wpointer-to-int-cast]
  652 | { return kapi_syscall2(SYS_settimeofday, (long)tv, (long)tz); }
      |                                                    ^
include/kapi_syscall.h: In function 'sys_time':
include/kapi_syscall.h:655:34: warning: cast from pointer to integer of different size [-Wpointer-to-int-cast]
  655 | { return kapi_syscall1(SYS_time, (long)tloc); }
      |                                  ^
include/kapi_syscall.h: In function 'sys_clock_gettime':
include/kapi_syscall.h:658:51: warning: cast from pointer to integer of different size [-Wpointer-to-int-cast]
  658 | { return kapi_syscall2(SYS_clock_gettime, clk_id, (long)tp); }
      |                                                   ^
include/kapi_syscall.h: In function 'sys_clock_settime':
include/kapi_syscall.h:661:51: warning: cast from pointer to integer of different size [-Wpointer-to-int-cast]
  661 | { return kapi_syscall2(SYS_clock_settime, clk_id, (long)tp); }
      |                                                   ^
include/kapi_syscall.h: In function 'sys_clock_nanosleep':
include/kapi_syscall.h:664:60: warning: cast from pointer to integer of different size [-Wpointer-to-int-cast]
  664 | { return kapi_syscall4(SYS_clock_nanosleep, clk_id, flags, (long)req, (long)rem); }
      |                                                            ^
include/kapi_syscall.h:664:71: warning: cast from pointer to integer of different size [-Wpointer-to-int-cast]
  664 | { return kapi_syscall4(SYS_clock_nanosleep, clk_id, flags, (long)req, (long)rem); }
      |                                                                       ^
include/kapi_syscall.h: In function 'sys_rt_sigaction':
include/kapi_syscall.h:667:47: warning: cast from pointer to integer of different size [-Wpointer-to-int-cast]
  667 | { return kapi_syscall4(SYS_rt_sigaction, sig, (long)act, (long)oact, sigsetsize); }
      |                                               ^
include/kapi_syscall.h:667:58: warning: cast from pointer to integer of different size [-Wpointer-to-int-cast]
  667 | { return kapi_syscall4(SYS_rt_sigaction, sig, (long)act, (long)oact, sigsetsize); }
      |                                                          ^
include/kapi_syscall.h:667:70: warning: conversion from 'size_t' {aka 'long long unsigned int'} to 'long int' may change value [-Wconversion]
  667 | { return kapi_syscall4(SYS_rt_sigaction, sig, (long)act, (long)oact, sigsetsize); }
      |                                                                      ^~~~~~~~~~
include/kapi_syscall.h: In function 'sys_rt_sigprocmask':
include/kapi_syscall.h:670:49: warning: cast from pointer to integer of different size [-Wpointer-to-int-cast]
  670 | { return kapi_syscall4(SYS_rt_sigprocmask, how, (long)set, (long)oldset, sigsetsize); }
      |                                                 ^
include/kapi_syscall.h:670:60: warning: cast from pointer to integer of different size [-Wpointer-to-int-cast]
  670 | { return kapi_syscall4(SYS_rt_sigprocmask, how, (long)set, (long)oldset, sigsetsize); }
      |                                                            ^
include/kapi_syscall.h:670:74: warning: conversion from 'size_t' {aka 'long long unsigned int'} to 'long int' may change value [-Wconversion]
  670 | { return kapi_syscall4(SYS_rt_sigprocmask, how, (long)set, (long)oldset, sigsetsize); }
      |                                                                          ^~~~~~~~~~
include/kapi_syscall.h: In function 'sys_ioctl':
include/kapi_syscall.h:679:39: warning: conversion to 'long int' from 'long unsigned int' may change the sign of the result [-Wsign-conversion]
  679 | { return kapi_syscall3(SYS_ioctl, fd, request, arg); }
      |                                       ^~~~~~~
include/kapi_syscall.h: In function 'sys_pread64':
include/kapi_syscall.h:682:41: warning: cast from pointer to integer of different size [-Wpointer-to-int-cast]
  682 | { return kapi_syscall4(SYS_pread64, fd, (long)buf, count, offset); }
      |                                         ^
include/kapi_syscall.h:682:52: warning: conversion from 'size_t' {aka 'long long unsigned int'} to 'long int' may change value [-Wconversion]
  682 | { return kapi_syscall4(SYS_pread64, fd, (long)buf, count, offset); }
      |                                                    ^~~~~
include/kapi_syscall.h: In function 'sys_pwrite64':
include/kapi_syscall.h:685:42: warning: cast from pointer to integer of different size [-Wpointer-to-int-cast]
  685 | { return kapi_syscall4(SYS_pwrite64, fd, (long)buf, count, offset); }
      |                                          ^
include/kapi_syscall.h:685:53: warning: conversion from 'size_t' {aka 'long long unsigned int'} to 'long int' may change value [-Wconversion]
  685 | { return kapi_syscall4(SYS_pwrite64, fd, (long)buf, count, offset); }
      |                                                     ^~~~~
include/kapi_syscall.h: In function 'sys_readv':
include/kapi_syscall.h:688:39: warning: cast from pointer to integer of different size [-Wpointer-to-int-cast]
  688 | { return kapi_syscall3(SYS_readv, fd, (long)iov, iovcnt); }
      |                                       ^
include/kapi_syscall.h: In function 'sys_writev':
include/kapi_syscall.h:691:40: warning: cast from pointer to integer of different size [-Wpointer-to-int-cast]
  691 | { return kapi_syscall3(SYS_writev, fd, (long)iov, iovcnt); }
      |                                        ^
include/kapi_syscall.h: In function 'sys_getdents':
include/kapi_syscall.h:694:42: warning: cast from pointer to integer of different size [-Wpointer-to-int-cast]
  694 | { return kapi_syscall3(SYS_getdents, fd, (long)dirp, count); }
      |                                          ^
include/kapi_syscall.h:694:54: warning: conversion to 'long int' from 'unsigned int' may change the sign of the result [-Wsign-conversion]
  694 | { return kapi_syscall3(SYS_getdents, fd, (long)dirp, count); }
      |                                                      ^~~~~
include/kapi_syscall.h: In function 'sys_getdents64':
include/kapi_syscall.h:697:44: warning: cast from pointer to integer of different size [-Wpointer-to-int-cast]
  697 | { return kapi_syscall3(SYS_getdents64, fd, (long)dirp, count); }
      |                                            ^
include/kapi_syscall.h:697:56: warning: conversion to 'long int' from 'unsigned int' may change the sign of the result [-Wsign-conversion]
  697 | { return kapi_syscall3(SYS_getdents64, fd, (long)dirp, count); }
      |                                                        ^~~~~
include/kapi_syscall.h: In function 'sys_getgroups':
include/kapi_syscall.h:718:45: warning: cast from pointer to integer of different size [-Wpointer-to-int-cast]
  718 | { return kapi_syscall2(SYS_getgroups, size, (long)list); }
      |                                             ^
include/kapi_syscall.h: In function 'sys_setgroups':
include/kapi_syscall.h:721:45: warning: cast from pointer to integer of different size [-Wpointer-to-int-cast]
  721 | { return kapi_syscall2(SYS_setgroups, size, (long)list); }
      |                                             ^
include/kapi_syscall.h: In function 'sys_uname':
include/kapi_syscall.h:724:35: warning: cast from pointer to integer of different size [-Wpointer-to-int-cast]
  724 | { return kapi_syscall1(SYS_uname, (long)buf); }
      |                                   ^
include/kapi_syscall.h: In function 'sys_sysinfo':
include/kapi_syscall.h:727:37: warning: cast from pointer to integer of different size [-Wpointer-to-int-cast]
  727 | { return kapi_syscall1(SYS_sysinfo, (long)info); }
      |                                     ^
include/kapi_syscall.h: In function 'sys_getrlimit':
include/kapi_syscall.h:730:49: warning: cast from pointer to integer of different size [-Wpointer-to-int-cast]
  730 | { return kapi_syscall2(SYS_getrlimit, resource, (long)rlim); }
      |                                                 ^
include/kapi_syscall.h: In function 'sys_setrlimit':
include/kapi_syscall.h:733:49: warning: cast from pointer to integer of different size [-Wpointer-to-int-cast]
  733 | { return kapi_syscall2(SYS_setrlimit, resource, (long)rlim); }
      |                                                 ^
include/kapi_syscall.h: In function 'sys_getrusage':
include/kapi_syscall.h:736:44: warning: cast from pointer to integer of different size [-Wpointer-to-int-cast]
  736 | { return kapi_syscall2(SYS_getrusage, who, (long)usage); }
      |                                            ^
include/kapi_syscall.h: In function 'sys_times':
include/kapi_syscall.h:739:35: warning: cast from pointer to integer of different size [-Wpointer-to-int-cast]
  739 | { return kapi_syscall1(SYS_times, (long)tbuf); }
      |                                   ^
include/kapi_syscall.h: In function 'sys_reboot':
include/kapi_syscall.h:754:57: warning: cast from pointer to integer of different size [-Wpointer-to-int-cast]
  754 | { return kapi_syscall4(SYS_reboot, magic1, magic2, cmd, (long)arg); }
      |                                                         ^
include/kapi_syscall.h: In function 'sys_chroot':
include/kapi_syscall.h:757:36: warning: cast from pointer to integer of different size [-Wpointer-to-int-cast]
  757 | { return kapi_syscall1(SYS_chroot, (long)path); }
      |                                    ^
include/kapi_syscall.h: In function 'sys_sethostname':
include/kapi_syscall.h:760:41: warning: cast from pointer to integer of different size [-Wpointer-to-int-cast]
  760 | { return kapi_syscall2(SYS_sethostname, (long)name, len); }
      |                                         ^
include/kapi_syscall.h: In function 'sys_setdomainname':
include/kapi_syscall.h:763:43: warning: cast from pointer to integer of different size [-Wpointer-to-int-cast]
  763 | { return kapi_syscall2(SYS_setdomainname, (long)name, len); }
      |                                           ^
include/kapi_syscall.h: In function 'sys_init_module':
include/kapi_syscall.h:766:41: warning: cast from pointer to integer of different size [-Wpointer-to-int-cast]
  766 | { return kapi_syscall3(SYS_init_module, (long)module_image, len, (long)param_values); }
      |                                         ^
include/kapi_syscall.h:766:66: warning: cast from pointer to integer of different size [-Wpointer-to-int-cast]
  766 | { return kapi_syscall3(SYS_init_module, (long)module_image, len, (long)param_values); }
      |                                                                  ^
include/kapi_syscall.h:766:61: warning: conversion to 'long int' from 'long unsigned int' may change the sign of the result [-Wsign-conversion]
  766 | { return kapi_syscall3(SYS_init_module, (long)module_image, len, (long)param_values); }
      |                                                             ^~~
include/kapi_syscall.h: In function 'sys_delete_module':
include/kapi_syscall.h:769:43: warning: cast from pointer to integer of different size [-Wpointer-to-int-cast]
  769 | { return kapi_syscall2(SYS_delete_module, (long)name, flags); }
      |                                           ^
include/kapi_syscall.h:769:55: warning: conversion to 'long int' from 'unsigned int' may change the sign of the result [-Wsign-conversion]
  769 | { return kapi_syscall2(SYS_delete_module, (long)name, flags); }
      |                                                       ^~~~~
include/kapi_syscall.h: In function 'sys_finit_module':
include/kapi_syscall.h:772:46: warning: cast from pointer to integer of different size [-Wpointer-to-int-cast]
  772 | { return kapi_syscall3(SYS_finit_module, fd, (long)param_values, flags); }
      |                                              ^
In file included from include/kapi.h:23,
                 from kernel/api/kapi_syscall.c:4:
include/kapi_bitmap.h: In function 'kapi_bitmap_set_all':
include/kapi_bitmap.h:33:26: warning: conversion from 'long long unsigned int' to 'unsigned int' may change value [-Wconversion]
   33 |     unsigned int longs = (nbits + KAPI_BITS_PER_LONG - 1) / KAPI_BITS_PER_LONG;
      |                          ^
include/kapi_bitmap.h: In function 'kapi_bitmap_clear_all':
include/kapi_bitmap.h:41:26: warning: conversion from 'long long unsigned int' to 'unsigned int' may change value [-Wconversion]
   41 |     unsigned int longs = (nbits + KAPI_BITS_PER_LONG - 1) / KAPI_BITS_PER_LONG;
      |                          ^
include/kapi_bitmap.h: In function 'kapi_bitmap_find_first':
include/kapi_bitmap.h:49:26: warning: conversion from 'long long unsigned int' to 'unsigned int' may change value [-Wconversion]
   49 |     unsigned int longs = (nbits + KAPI_BITS_PER_LONG - 1) / KAPI_BITS_PER_LONG;
      |                          ^
include/kapi_bitmap.h:56:35: warning: conversion to 'int' from 'unsigned int' may change the sign of the result [-Wsign-conversion]
   56 |                     return offset + j;
      |                            ~~~~~~~^~~
include/kapi_bitmap.h: In function 'kapi_bitmap_find_first_zero':
include/kapi_bitmap.h:66:26: warning: conversion from 'long long unsigned int' to 'unsigned int' may change value [-Wconversion]
   66 |     unsigned int longs = (nbits + KAPI_BITS_PER_LONG - 1) / KAPI_BITS_PER_LONG;
      |                          ^
include/kapi_bitmap.h:73:35: warning: conversion to 'int' from 'unsigned int' may change the sign of the result [-Wsign-conversion]
   73 |                     return offset + j;
      |                            ~~~~~~~^~~
include/kapi_bitmap.h: In function 'kapi_bitmap_count':
include/kapi_bitmap.h:84:26: warning: conversion from 'long long unsigned int' to 'unsigned int' may change value [-Wconversion]
   84 |     unsigned int longs = (nbits + KAPI_BITS_PER_LONG - 1) / KAPI_BITS_PER_LONG;
      |                          ^
In file included from include/kapi.h:59:
include/kapi_netlink.h: In function 'kapi_nlmsg_next':
include/kapi_netlink.h:19:37: warning: conversion to 'int' from 'uint32_t' {aka 'unsigned int'} may change the sign of the result [-Wsign-conversion]
   19 | #define KAPI_NLMSG_ALIGNTO          4
      |                                     ^
include/kapi_netlink.h:75:18: note: in expansion of macro 'KAPI_NLMSG_ALIGNTO'
   75 |     int totlen = KAPI_NLMSG_ALIGNTO * ((nlh->nlmsg_len + KAPI_NLMSG_ALIGNTO - 1) / KAPI_NLMSG_ALIGNTO);
      |                  ^~~~~~~~~~~~~~~~~~
kernel/api/kapi_syscall.c: In function 'sys_read_impl':
kernel/api/kapi_syscall.c:197:46: warning: cast to pointer from integer of different size [-Wint-to-pointer-cast]
  197 |             ret = kapi_read(entry->obj.file, (void*)buf, (size_t)count);
      |                                              ^
kernel/api/kapi_syscall.c:203:46: warning: cast to pointer from integer of different size [-Wint-to-pointer-cast]
  203 |             ret = fifo_read(entry->obj.pipe, (void*)buf, (uint64_t)count);
      |                                              ^
kernel/api/kapi_syscall.c:211:43: warning: conversion from 'int64_t' {aka 'long long int'} to 'long int' may change value [-Wconversion]
  211 |     return ret < 0 ? KENUX_ERR(KENUX_EIO) : ret;
      |            ~~~~~~~~~~~~~~~~~~~~~~~~~~~~~~~^~~~~
kernel/api/kapi_syscall.c: In function 'sys_write_impl':
kernel/api/kapi_syscall.c:223:21: warning: cast to pointer from integer of different size [-Wint-to-pointer-cast]
  223 |         memcpy(tmp, (void*)buf, to_write);
      |                     ^
kernel/api/kapi_syscall.c:238:47: warning: cast to pointer from integer of different size [-Wint-to-pointer-cast]
  238 |             ret = kapi_write(entry->obj.file, (void*)buf, (size_t)count);
      |                                               ^
kernel/api/kapi_syscall.c:244:47: warning: cast to pointer from integer of different size [-Wint-to-pointer-cast]
  244 |             ret = fifo_write(entry->obj.pipe, (void*)buf, (uint64_t)count);
      |                                               ^
kernel/api/kapi_syscall.c:252:43: warning: conversion from 'int64_t' {aka 'long long int'} to 'long int' may change value [-Wconversion]
  252 |     return ret < 0 ? KENUX_ERR(KENUX_EIO) : ret;
      |            ~~~~~~~~~~~~~~~~~~~~~~~~~~~~~~~^~~~~
kernel/api/kapi_syscall.c: In function 'sys_open_impl':
kernel/api/kapi_syscall.c:270:37: warning: cast to pointer from integer of different size [-Wint-to-pointer-cast]
  270 |         kapi_dir_t d = kapi_opendir((const char*)pathname);
      |                                     ^
kernel/api/kapi_syscall.c:284:31: warning: cast to pointer from integer of different size [-Wint-to-pointer-cast]
  284 |     kapi_file_t f = kapi_open((const char*)pathname, kflags, (int)mode);
      |                               ^
kernel/api/kapi_syscall.c: In function 'sys_stat_impl':
kernel/api/kapi_syscall.c:348:25: warning: cast to pointer from integer of different size [-Wint-to-pointer-cast]
  348 |     int ret = kapi_stat((const char*)pathname, &kst);
      |                         ^
kernel/api/kapi_syscall.c:351:65: warning: cast to pointer from integer of different size [-Wint-to-pointer-cast]
  351 |     struct { uint64_t st_dev, st_ino; uint32_t st_mode; } *st = (void*)statbuf;
      |                                                                 ^
kernel/api/kapi_syscall.c: In function 'sys_fstat_impl':
kernel/api/kapi_syscall.c:366:12: warning: cast to pointer from integer of different size [-Wint-to-pointer-cast]
  366 |     memset((void*)statbuf, 0, 128);
      |            ^
kernel/api/kapi_syscall.c: In function 'sys_lseek_impl':
kernel/api/kapi_syscall.c:380:45: warning: conversion from 'int64_t' {aka 'long long int'} to 'long int' may change value [-Wconversion]
  380 |     return ret < 0 ? KENUX_ERR(KENUX_EBADF) : ret;
      |            ~~~~~~~~~~~~~~~~~~~~~~~~~~~~~~~~~^~~~~
kernel/api/kapi_syscall.c: In function 'sys_rt_sigaction_impl':
kernel/api/kapi_syscall.c:457:42: warning: cast to pointer from integer of different size [-Wint-to-pointer-cast]
  457 |     int ret = signal_sigaction((int)sig, (const k_sigaction_t*)act, (k_sigaction_t*)oact);
      |                                          ^
kernel/api/kapi_syscall.c:457:69: warning: cast to pointer from integer of different size [-Wint-to-pointer-cast]
  457 |     int ret = signal_sigaction((int)sig, (const k_sigaction_t*)act, (k_sigaction_t*)oact);
      |                                                                     ^
kernel/api/kapi_syscall.c: In function 'sys_rt_sigprocmask_impl':
kernel/api/kapi_syscall.c:468:44: warning: cast to pointer from integer of different size [-Wint-to-pointer-cast]
  468 |     int ret = signal_sigprocmask((int)how, (const k_sigset_t*)set, (k_sigset_t*)oset);
      |                                            ^
kernel/api/kapi_syscall.c:468:68: warning: cast to pointer from integer of different size [-Wint-to-pointer-cast]
  468 |     int ret = signal_sigprocmask((int)how, (const k_sigset_t*)set, (k_sigset_t*)oset);
      |                                                                    ^
kernel/api/kapi_syscall.c: In function 'sys_ioctl_impl':
kernel/api/kapi_syscall.c:484:54: warning: cast to pointer from integer of different size [-Wint-to-pointer-cast]
  484 |     int ret = kapi_dev_ioctl(dev, (uint32_t)request, (void*)arg);
      |                                                      ^
kernel/api/kapi_syscall.c: In function 'sys_access_impl':
kernel/api/kapi_syscall.c:495:25: warning: cast to pointer from integer of different size [-Wint-to-pointer-cast]
  495 |     int ret = kapi_stat((const char*)pathname, &st);
      |                         ^
kernel/api/kapi_syscall.c: In function 'sys_pipe_impl':
kernel/api/kapi_syscall.c:529:16: warning: cast to pointer from integer of different size [-Wint-to-pointer-cast]
  529 |     int* fds = (int*)pipefd;
      |                ^
kernel/api/kapi_syscall.c: In function 'sys_nanosleep_impl':
kernel/api/kapi_syscall.c:575:49: warning: cast to pointer from integer of different size [-Wint-to-pointer-cast]
  575 |     struct { long tv_sec; long tv_nsec; } *ts = (void*)req;
      |                                                 ^
kernel/api/kapi_syscall.c: In function 'sys_execve_impl':
kernel/api/kapi_syscall.c:709:34: warning: cast to pointer from integer of different size [-Wint-to-pointer-cast]
  709 |     int ret = elf_load_from_file((const char*)filename, &info);
      |                                  ^
kernel/api/kapi_syscall.c:714:39: warning: cast to pointer from integer of different size [-Wint-to-pointer-cast]
  714 |         const char* dummy_argv[2] = { (const char*)filename, NULL };
      |                                       ^
kernel/api/kapi_syscall.c: In function 'sys_wait4_impl':
kernel/api/kapi_syscall.c:739:10: warning: cast to pointer from integer of different size [-Wint-to-pointer-cast]
  739 |         *(int*)wstatus = status;
      |          ^
kernel/api/kapi_syscall.c: In function 'sys_uname_impl':
kernel/api/kapi_syscall.c:770:12: warning: cast to pointer from integer of different size [-Wint-to-pointer-cast]
  770 |     } *u = (void*)buf;
      |            ^
kernel/api/kapi_syscall.c: In function 'sys_getcwd_impl':
kernel/api/kapi_syscall.c:812:29: warning: cast to pointer from integer of different size [-Wint-to-pointer-cast]
  812 |     char* ret = kapi_getcwd((char*)buf, (size_t)size);
      |                             ^
kernel/api/kapi_syscall.c: In function 'sys_chdir_impl':
kernel/api/kapi_syscall.c:820:26: warning: cast to pointer from integer of different size [-Wint-to-pointer-cast]
  820 |     int ret = kapi_chdir((const char*)path);
      |                          ^
kernel/api/kapi_syscall.c: In function 'sys_rename_impl':
kernel/api/kapi_syscall.c:828:27: warning: cast to pointer from integer of different size [-Wint-to-pointer-cast]
  828 |     int ret = kapi_rename((const char*)oldpath, (const char*)newpath);
      |                           ^
kernel/api/kapi_syscall.c:828:49: warning: cast to pointer from integer of different size [-Wint-to-pointer-cast]
  828 |     int ret = kapi_rename((const char*)oldpath, (const char*)newpath);
      |                                                 ^
kernel/api/kapi_syscall.c: In function 'sys_mkdir_impl':
kernel/api/kapi_syscall.c:836:26: warning: cast to pointer from integer of different size [-Wint-to-pointer-cast]
  836 |     int ret = kapi_mkdir((const char*)pathname, (int)mode);
      |                          ^
kernel/api/kapi_syscall.c: In function 'sys_rmdir_impl':
kernel/api/kapi_syscall.c:844:26: warning: cast to pointer from integer of different size [-Wint-to-pointer-cast]
  844 |     int ret = kapi_rmdir((const char*)pathname);
      |                          ^
kernel/api/kapi_syscall.c: In function 'sys_unlink_impl':
kernel/api/kapi_syscall.c:865:27: warning: cast to pointer from integer of different size [-Wint-to-pointer-cast]
  865 |     int ret = kapi_unlink((const char*)pathname);
      |                           ^
kernel/api/kapi_syscall.c: In function 'sys_chmod_impl':
kernel/api/kapi_syscall.c:888:46: warning: cast to pointer from integer of different size [-Wint-to-pointer-cast]
  888 |     vfs_node_t* node = syscall_vfs_find_path((const char*)pathname);
      |                                              ^
kernel/api/kapi_syscall.c: In function 'sys_chown_impl':
kernel/api/kapi_syscall.c:899:46: warning: cast to pointer from integer of different size [-Wint-to-pointer-cast]
  899 |     vfs_node_t* node = syscall_vfs_find_path((const char*)pathname);
      |                                              ^
kernel/api/kapi_syscall.c: In function 'sys_gettimeofday_impl':
kernel/api/kapi_syscall.c:922:52: warning: cast to pointer from integer of different size [-Wint-to-pointer-cast]
  922 |         struct { long tv_sec; long tv_usec; } *t = (void*)tv;
      |                                                    ^
kernel/api/kapi_syscall.c: In function 'sys_getrlimit_impl':
kernel/api/kapi_syscall.c:935:51: warning: cast to pointer from integer of different size [-Wint-to-pointer-cast]
  935 |     struct { long rlim_cur; long rlim_max; } *r = (void*)rlim;
<3> Building kernel/api/kapi_sort.c
      |                                                   ^
kernel/api/kapi_syscall.c: In function 'sys_getrusage_impl':
kernel/api/kapi_syscall.c:945:23: warning: cast to pointer from integer of different size [-Wint-to-pointer-cast]
  945 |     if (usage) memset((void*)usage, 0, 144);
      |                       ^
kernel/api/kapi_syscall.c: In function 'sys_sysinfo_impl':
kernel/api/kapi_syscall.c:968:13: warning: cast to pointer from integer of different size [-Wint-to-pointer-cast]
  968 |     } *si = (void*)info;
      |             ^
kernel/api/kapi_syscall.c: In function 'sys_times_impl':
kernel/api/kapi_syscall.c:984:22: warning: cast to pointer from integer of different size [-Wint-to-pointer-cast]
  984 |     if (tbuf) memset((void*)tbuf, 0, 32);
      |                      ^
kernel/api/kapi_syscall.c: In function 'sys_getdents64_impl':
kernel/api/kapi_syscall.c:1091:32: warning: cast to pointer from integer of different size [-Wint-to-pointer-cast]
 1091 |     struct linux_dirent64* d = (struct linux_dirent64*)dirp;
      |                                ^
kernel/api/kapi_syscall.c: In function 'sys_clock_gettime_impl':
kernel/api/kapi_syscall.c:1109:48: warning: cast to pointer from integer of different size [-Wint-to-pointer-cast]
 1109 |     struct { long tv_sec; long tv_nsec; } *t = (void*)tp;
      |                                                ^
kernel/api/kapi_syscall.c: In function 'sys_chroot_impl':
kernel/api/kapi_syscall.c:1160:46: warning: cast to pointer from integer of different size [-Wint-to-pointer-cast]
 1160 |     vfs_node_t* node = syscall_vfs_find_path((const char*)path);
      |                                              ^
kernel/api/kapi_syscall.c:1164:41: warning: cast to pointer from integer of different size [-Wint-to-pointer-cast]
 1164 |     strncpy(proc_root[current_process], (const char*)path, sizeof(proc_root[0]) - 1);
      |                                         ^
kernel/api/kapi_syscall.c: In function 'sys_sethostname_impl':
kernel/api/kapi_syscall.c:1177:28: warning: cast to pointer from integer of different size [-Wint-to-pointer-cast]
 1177 |     memcpy(kenux_hostname, (const void*)name, (size_t)len);
      |                            ^
kernel/api/kapi_syscall.c: In function 'sys_init_module_impl':
kernel/api/kapi_syscall.c:1189:27: warning: cast to pointer from integer of different size [-Wint-to-pointer-cast]
 1189 |     int ret = module_load((const void*)module_image, (uint64_t)len, "unknown");
      |                           ^
kernel/api/kapi_syscall.c: In function 'sys_delete_module_impl':
kernel/api/kapi_syscall.c:1200:29: warning: cast to pointer from integer of different size [-Wint-to-pointer-cast]
 1200 |     int ret = module_unload((const char*)name);
      |                             ^
kernel/api/kapi_syscall.c: In function 'sys_getrandom_impl':
kernel/api/kapi_syscall.c:1236:18: warning: cast to pointer from integer of different size [-Wint-to-pointer-cast]
 1236 |     uint8_t* p = (uint8_t*)buf;
      |                  ^
kernel/api/kapi_syscall.c: In function 'sys_kenux_info_impl':
kernel/api/kapi_syscall.c:1258:15: warning: cast to pointer from integer of different size [-Wint-to-pointer-cast]
 1258 |     } *info = (void*)buf;
      |               ^
kernel/api/kapi_syscall.c: In function 'sys_kenux_get_loadavg_impl':
kernel/api/kapi_syscall.c:1294:15: warning: cast to pointer from integer of different size [-Wint-to-pointer-cast]
 1294 |     long* l = (long*)loads;
      |               ^
In file included from include/kapi.h:23,
                 from kernel/api/kapi_string.c:4:
include/kapi_bitmap.h: In function 'kapi_bitmap_set_all':
include/kapi_bitmap.h:33:26: warning: conversion from 'long long unsigned int' to 'unsigned int' may change value [-Wconversion]
   33 |     unsigned int longs = (nbits + KAPI_BITS_PER_LONG - 1) / KAPI_BITS_PER_LONG;
      |                          ^
include/kapi_bitmap.h: In function 'kapi_bitmap_clear_all':
include/kapi_bitmap.h:41:26: warning: conversion from 'long long unsigned int' to 'unsigned int' may change value [-Wconversion]
   41 |     unsigned int longs = (nbits + KAPI_BITS_PER_LONG - 1) / KAPI_BITS_PER_LONG;
      |                          ^
include/kapi_bitmap.h: In function 'kapi_bitmap_find_first':
include/kapi_bitmap.h:49:26: warning: conversion from 'long long unsigned int' to 'unsigned int' may change value [-Wconversion]
   49 |     unsigned int longs = (nbits + KAPI_BITS_PER_LONG - 1) / KAPI_BITS_PER_LONG;
      |                          ^
include/kapi_bitmap.h:56:35: warning: conversion to 'int' from 'unsigned int' may change the sign of the result [-Wsign-conversion]
   56 |                     return offset + j;
      |                            ~~~~~~~^~~
include/kapi_bitmap.h: In function 'kapi_bitmap_find_first_zero':
include/kapi_bitmap.h:66:26: warning: conversion from 'long long unsigned int' to 'unsigned int' may change value [-Wconversion]
   66 |     unsigned int longs = (nbits + KAPI_BITS_PER_LONG - 1) / KAPI_BITS_PER_LONG;
      |                          ^
include/kapi_bitmap.h:73:35: warning: conversion to 'int' from 'unsigned int' may change the sign of the result [-Wsign-conversion]
   73 |                     return offset + j;
      |                            ~~~~~~~^~~
include/kapi_bitmap.h: In function 'kapi_bitmap_count':
include/kapi_bitmap.h:84:26: warning: conversion from 'long long unsigned int' to 'unsigned int' may change value [-Wconversion]
   84 |     unsigned int longs = (nbits + KAPI_BITS_PER_LONG - 1) / KAPI_BITS_PER_LONG;
      |                          ^
kernel/api/kapi_syscall.c: At top level:
kernel/api/kapi_syscall.c:170:13: warning: 'sys_nosys' defined but not used [-Wunused-function]
  170 | static long sys_nosys(long a1, long a2, long a3, long a4, long a5, long a6)
      |             ^~~~~~~~~
In file included from include/kapi.h:59:
include/kapi_netlink.h: In function 'kapi_nlmsg_next':
include/kapi_netlink.h:19:37: warning: conversion to 'int' from 'uint32_t' {aka 'unsigned int'} may change the sign of the result [-Wsign-conversion]
   19 | #define KAPI_NLMSG_ALIGNTO          4
      |                                     ^
include/kapi_netlink.h:75:18: note: in expansion of macro 'KAPI_NLMSG_ALIGNTO'
   75 |     int totlen = KAPI_NLMSG_ALIGNTO * ((nlh->nlmsg_len + KAPI_NLMSG_ALIGNTO - 1) / KAPI_NLMSG_ALIGNTO);
      |                  ^~~~~~~~~~~~~~~~~~
kernel/api/kapi_string.c: In function 'kapi_vsnprintf':
kernel/api/kapi_string.c:78:35: warning: conversion from 'int' to 'char' may change value [-Wconversion]
   78 |                     buffer[i++] = '0' + (n % 10);
      |                                   ^~~
<0> Building kernel/api/kapi_socket.c
In file included from include/kapi.h:23,
                 from kernel/api/kapi_sort.c:2:
include/kapi_bitmap.h: In function 'kapi_bitmap_set_all':
include/kapi_bitmap.h:33:26: warning: conversion from 'long long unsigned int' to 'unsigned int' may change value [-Wconversion]
   33 |     unsigned int longs = (nbits + KAPI_BITS_PER_LONG - 1) / KAPI_BITS_PER_LONG;
      |                          ^
include/kapi_bitmap.h: In function 'kapi_bitmap_clear_all':
include/kapi_bitmap.h:41:26: warning: conversion from 'long long unsigned int' to 'unsigned int' may change value [-Wconversion]
   41 |     unsigned int longs = (nbits + KAPI_BITS_PER_LONG - 1) / KAPI_BITS_PER_LONG;
      |                          ^
include/kapi_bitmap.h: In function 'kapi_bitmap_find_first':
include/kapi_bitmap.h:49:26: warning: conversion from 'long long unsigned int' to 'unsigned int' may change value [-Wconversion]
   49 |     unsigned int longs = (nbits + KAPI_BITS_PER_LONG - 1) / KAPI_BITS_PER_LONG;
      |                          ^
include/kapi_bitmap.h:56:35: warning: conversion to 'int' from 'unsigned int' may change the sign of the result [-Wsign-conversion]
   56 |                     return offset + j;
      |                            ~~~~~~~^~~
include/kapi_bitmap.h: In function 'kapi_bitmap_find_first_zero':
include/kapi_bitmap.h:66:26: warning: conversion from 'long long unsigned int' to 'unsigned int' may change value [-Wconversion]
   66 |     unsigned int longs = (nbits + KAPI_BITS_PER_LONG - 1) / KAPI_BITS_PER_LONG;
      |                          ^
include/kapi_bitmap.h:73:35: warning: conversion to 'int' from 'unsigned int' may change the sign of the result [-Wsign-conversion]
   73 |                     return offset + j;
      |                            ~~~~~~~^~~
include/kapi_bitmap.h: In function 'kapi_bitmap_count':
include/kapi_bitmap.h:84:26: warning: conversion from 'long long unsigned int' to 'unsigned int' may change value [-Wconversion]
   84 |     unsigned int longs = (nbits + KAPI_BITS_PER_LONG - 1) / KAPI_BITS_PER_LONG;
      |                          ^
In file included from include/kapi.h:59:
include/kapi_netlink.h: In function 'kapi_nlmsg_next':
include/kapi_netlink.h:19:37: warning: conversion to 'int' from 'uint32_t' {aka 'unsigned int'} may change the sign of the result [-Wsign-conversion]
   19 | #define KAPI_NLMSG_ALIGNTO          4
      |                                     ^
include/kapi_netlink.h:75:18: note: in expansion of macro 'KAPI_NLMSG_ALIGNTO'
   75 |     int totlen = KAPI_NLMSG_ALIGNTO * ((nlh->nlmsg_len + KAPI_NLMSG_ALIGNTO - 1) / KAPI_NLMSG_ALIGNTO);
      |                  ^~~~~~~~~~~~~~~~~~
kernel/api/kapi_sort.c: In function 'kapi_list_sort':
kernel/api/kapi_sort.c:116:27: warning: unused parameter 'priv' [-Wunused-parameter]
  116 | void kapi_list_sort(void* priv, void* head, int (*cmp)(void* priv, void* a, void* b))
      |                     ~~~~~~^~~~
In file included from include/kapi.h:23,
                 from kernel/api/kapi_socket.c:1:
include/kapi_bitmap.h: In function 'kapi_bitmap_set_all':
include/kapi_bitmap.h:33:26: warning: conversion from 'long long unsigned int' to 'unsigned int' may change value [-Wconversion]
   33 |     unsigned int longs = (nbits + KAPI_BITS_PER_LONG - 1) / KAPI_BITS_PER_LONG;
      |                          ^
include/kapi_bitmap.h: In function 'kapi_bitmap_clear_all':
include/kapi_bitmap.h:41:26: warning: conversion from 'long long unsigned int' to 'unsigned int' may change value [-Wconversion]
   41 |     unsigned int longs = (nbits + KAPI_BITS_PER_LONG - 1) / KAPI_BITS_PER_LONG;
      |                          ^
include/kapi_bitmap.h: In function 'kapi_bitmap_find_first':
include/kapi_bitmap.h:49:26: warning: conversion from 'long long unsigned int' to 'unsigned int' may change value [-Wconversion]
   49 |     unsigned int longs = (nbits + KAPI_BITS_PER_LONG - 1) / KAPI_BITS_PER_LONG;
      |                          ^
include/kapi_bitmap.h:56:35: warning: conversion to 'int' from 'unsigned int' may change the sign of the result [-Wsign-conversion]
   56 |                     return offset + j;
      |                            ~~~~~~~^~~
include/kapi_bitmap.h: In function 'kapi_bitmap_find_first_zero':
include/kapi_bitmap.h:66:26: warning: conversion from 'long long unsigned int' to 'unsigned int' may change value [-Wconversion]
   66 |     unsigned int longs = (nbits + KAPI_BITS_PER_LONG - 1) / KAPI_BITS_PER_LONG;
      |                          ^
include/kapi_bitmap.h:73:35: warning: conversion to 'int' from 'unsigned int' may change the sign of the result [-Wsign-conversion]
   73 |                     return offset + j;
      |                            ~~~~~~~^~~
include/kapi_bitmap.h: In function 'kapi_bitmap_count':
include/kapi_bitmap.h:84:26: warning: conversion from 'long long unsigned int' to 'unsigned int' may change value [-Wconversion]
   84 |     unsigned int longs = (nbits + KAPI_BITS_PER_LONG - 1) / KAPI_BITS_PER_LONG;
      |                          ^
In file included from include/kapi.h:59:
include/kapi_netlink.h: In function 'kapi_nlmsg_next':
include/kapi_netlink.h:19:37: warning: conversion to 'int' from 'uint32_t' {aka 'unsigned int'} may change the sign of the result [-Wsign-conversion]
   19 | #define KAPI_NLMSG_ALIGNTO          4
      |                                     ^
include/kapi_netlink.h:75:18: note: in expansion of macro 'KAPI_NLMSG_ALIGNTO'
   75 |     int totlen = KAPI_NLMSG_ALIGNTO * ((nlh->nlmsg_len + KAPI_NLMSG_ALIGNTO - 1) / KAPI_NLMSG_ALIGNTO);
      |                  ^~~~~~~~~~~~~~~~~~
<1> Building kernel/api/kapi_smp.c
<0> Building kernel/api/kapi_skbuff.c
<3> Building kernel/api/kapi_seq_file.c
In file included from include/kapi.h:23,
                 from kernel/api/kapi_smp.c:4:
include/kapi_bitmap.h: In function 'kapi_bitmap_set_all':
include/kapi_bitmap.h:33:26: warning: conversion from 'long long unsigned int' to 'unsigned int' may change value [-Wconversion]
   33 |     unsigned int longs = (nbits + KAPI_BITS_PER_LONG - 1) / KAPI_BITS_PER_LONG;
      |                          ^
include/kapi_bitmap.h: In function 'kapi_bitmap_clear_all':
include/kapi_bitmap.h:41:26: warning: conversion from 'long long unsigned int' to 'unsigned int' may change value [-Wconversion]
   41 |     unsigned int longs = (nbits + KAPI_BITS_PER_LONG - 1) / KAPI_BITS_PER_LONG;
      |                          ^
include/kapi_bitmap.h: In function 'kapi_bitmap_find_first':
include/kapi_bitmap.h:49:26: warning: conversion from 'long long unsigned int' to 'unsigned int' may change value [-Wconversion]
   49 |     unsigned int longs = (nbits + KAPI_BITS_PER_LONG - 1) / KAPI_BITS_PER_LONG;
      |                          ^
include/kapi_bitmap.h:56:35: warning: conversion to 'int' from 'unsigned int' may change the sign of the result [-Wsign-conversion]
   56 |                     return offset + j;
      |                            ~~~~~~~^~~
include/kapi_bitmap.h: In function 'kapi_bitmap_find_first_zero':
include/kapi_bitmap.h:66:26: warning: conversion from 'long long unsigned int' to 'unsigned int' may change value [-Wconversion]
   66 |     unsigned int longs = (nbits + KAPI_BITS_PER_LONG - 1) / KAPI_BITS_PER_LONG;
      |                          ^
include/kapi_bitmap.h:73:35: warning: conversion to 'int' from 'unsigned int' may change the sign of the result [-Wsign-conversion]
   73 |                     return offset + j;
      |                            ~~~~~~~^~~
include/kapi_bitmap.h: In function 'kapi_bitmap_count':
include/kapi_bitmap.h:84:26: warning: conversion from 'long long unsigned int' to 'unsigned int' may change value [-Wconversion]
   84 |     unsigned int longs = (nbits + KAPI_BITS_PER_LONG - 1) / KAPI_BITS_PER_LONG;
      |                          ^
In file included from include/kapi.h:59:
include/kapi_netlink.h: In function 'kapi_nlmsg_next':
include/kapi_netlink.h:19:37: warning: conversion to 'int' from 'uint32_t' {aka 'unsigned int'} may change the sign of the result [-Wsign-conversion]
   19 | #define KAPI_NLMSG_ALIGNTO          4
      |                                     ^
include/kapi_netlink.h:75:18: note: in expansion of macro 'KAPI_NLMSG_ALIGNTO'
   75 |     int totlen = KAPI_NLMSG_ALIGNTO * ((nlh->nlmsg_len + KAPI_NLMSG_ALIGNTO - 1) / KAPI_NLMSG_ALIGNTO);
      |                  ^~~~~~~~~~~~~~~~~~
In file included from include/kapi.h:23,
                 from kernel/api/kapi_skbuff.c:1:
include/kapi_bitmap.h: In function 'kapi_bitmap_set_all':
include/kapi_bitmap.h:33:26: warning: conversion from 'long long unsigned int' to 'unsigned int' may change value [-Wconversion]
   33 |     unsigned int longs = (nbits + KAPI_BITS_PER_LONG - 1) / KAPI_BITS_PER_LONG;
      |                          ^
include/kapi_bitmap.h: In function 'kapi_bitmap_clear_all':
include/kapi_bitmap.h:41:26: warning: conversion from 'long long unsigned int' to 'unsigned int' may change value [-Wconversion]
   41 |     unsigned int longs = (nbits + KAPI_BITS_PER_LONG - 1) / KAPI_BITS_PER_LONG;
      |                          ^
include/kapi_bitmap.h: In function 'kapi_bitmap_find_first':
include/kapi_bitmap.h:49:26: warning: conversion from 'long long unsigned int' to 'unsigned int' may change value [-Wconversion]
   49 |     unsigned int longs = (nbits + KAPI_BITS_PER_LONG - 1) / KAPI_BITS_PER_LONG;
      |                          ^
include/kapi_bitmap.h:56:35: warning: conversion to 'int' from 'unsigned int' may change the sign of the result [-Wsign-conversion]
   56 |                     return offset + j;
      |                            ~~~~~~~^~~
include/kapi_bitmap.h: In function 'kapi_bitmap_find_first_zero':
include/kapi_bitmap.h:66:26: warning: conversion from 'long long unsigned int' to 'unsigned int' may change value [-Wconversion]
   66 |     unsigned int longs = (nbits + KAPI_BITS_PER_LONG - 1) / KAPI_BITS_PER_LONG;
      |                          ^
include/kapi_bitmap.h:73:35: warning: conversion to 'int' from 'unsigned int' may change the sign of the result [-Wsign-conversion]
   73 |                     return offset + j;
      |                            ~~~~~~~^~~
include/kapi_bitmap.h: In function 'kapi_bitmap_count':
include/kapi_bitmap.h:84:26: warning: conversion from 'long long unsigned int' to 'unsigned int' may change value [-Wconversion]
   84 |     unsigned int longs = (nbits + KAPI_BITS_PER_LONG - 1) / KAPI_BITS_PER_LONG;
      |                          ^
In file included from include/kapi.h:23,
                 from kernel/api/kapi_seq_file.c:2:
include/kapi_bitmap.h: In function 'kapi_bitmap_set_all':
include/kapi_bitmap.h:33:26: warning: conversion from 'long long unsigned int' to 'unsigned int' may change value [-Wconversion]
   33 |     unsigned int longs = (nbits + KAPI_BITS_PER_LONG - 1) / KAPI_BITS_PER_LONG;
      |                          ^
include/kapi_bitmap.h: In function 'kapi_bitmap_clear_all':
include/kapi_bitmap.h:41:26: warning: conversion from 'long long unsigned int' to 'unsigned int' may change value [-Wconversion]
   41 |     unsigned int longs = (nbits + KAPI_BITS_PER_LONG - 1) / KAPI_BITS_PER_LONG;
      |                          ^
include/kapi_bitmap.h: In function 'kapi_bitmap_find_first':
include/kapi_bitmap.h:49:26: warning: conversion from 'long long unsigned int' to 'unsigned int' may change value [-Wconversion]
   49 |     unsigned int longs = (nbits + KAPI_BITS_PER_LONG - 1) / KAPI_BITS_PER_LONG;
      |                          ^
include/kapi_bitmap.h:56:35: warning: conversion to 'int' from 'unsigned int' may change the sign of the result [-Wsign-conversion]
   56 |                     return offset + j;
      |                            ~~~~~~~^~~
include/kapi_bitmap.h: In function 'kapi_bitmap_find_first_zero':
include/kapi_bitmap.h:66:26: warning: conversion from 'long long unsigned int' to 'unsigned int' may change value [-Wconversion]
   66 |     unsigned int longs = (nbits + KAPI_BITS_PER_LONG - 1) / KAPI_BITS_PER_LONG;
      |                          ^
include/kapi_bitmap.h:73:35: warning: conversion to 'int' from 'unsigned int' may change the sign of the result [-Wsign-conversion]
   73 |                     return offset + j;
      |                            ~~~~~~~^~~
include/kapi_bitmap.h: In function 'kapi_bitmap_count':
include/kapi_bitmap.h:84:26: warning: conversion from 'long long unsigned int' to 'unsigned int' may change value [-Wconversion]
   84 |     unsigned int longs = (nbits + KAPI_BITS_PER_LONG - 1) / KAPI_BITS_PER_LONG;
      |                          ^
In file included from include/kapi.h:59:
include/kapi_netlink.h: In function 'kapi_nlmsg_next':
include/kapi_netlink.h:19:37: warning: conversion to 'int' from 'uint32_t' {aka 'unsigned int'} may change the sign of the result [-Wsign-conversion]
   19 | #define KAPI_NLMSG_ALIGNTO          4
      |                                     ^
include/kapi_netlink.h:75:18: note: in expansion of macro 'KAPI_NLMSG_ALIGNTO'
   75 |     int totlen = KAPI_NLMSG_ALIGNTO * ((nlh->nlmsg_len + KAPI_NLMSG_ALIGNTO - 1) / KAPI_NLMSG_ALIGNTO);
      |                  ^~~~~~~~~~~~~~~~~~
In file included from include/kapi.h:59:
include/kapi_netlink.h: In function 'kapi_nlmsg_next':
include/kapi_netlink.h:19:37: warning: conversion to 'int' from 'uint32_t' {aka 'unsigned int'} may change the sign of the result [-Wsign-conversion]
   19 | #define KAPI_NLMSG_ALIGNTO          4
      |                                     ^
include/kapi_netlink.h:75:18: note: in expansion of macro 'KAPI_NLMSG_ALIGNTO'
   75 |     int totlen = KAPI_NLMSG_ALIGNTO * ((nlh->nlmsg_len + KAPI_NLMSG_ALIGNTO - 1) / KAPI_NLMSG_ALIGNTO);
      |                  ^~~~~~~~~~~~~~~~~~
<1> Building kernel/api/kapi_security.c
<0> Building kernel/api/kapi_sched.c
In file included from include/kapi.h:23,
                 from kernel/api/kapi_security.c:1:
include/kapi_bitmap.h: In function 'kapi_bitmap_set_all':
include/kapi_bitmap.h:33:26: warning: conversion from 'long long unsigned int' to 'unsigned int' may change value [-Wconversion]
   33 |     unsigned int longs = (nbits + KAPI_BITS_PER_LONG - 1) / KAPI_BITS_PER_LONG;
      |                          ^
include/kapi_bitmap.h: In function 'kapi_bitmap_clear_all':
include/kapi_bitmap.h:41:26: warning: conversion from 'long long unsigned int' to 'unsigned int' may change value [-Wconversion]
   41 |     unsigned int longs = (nbits + KAPI_BITS_PER_LONG - 1) / KAPI_BITS_PER_LONG;
      |                          ^
include/kapi_bitmap.h: In function 'kapi_bitmap_find_first':
include/kapi_bitmap.h:49:26: warning: conversion from 'long long unsigned int' to 'unsigned int' may change value [-Wconversion]
   49 |     unsigned int longs = (nbits + KAPI_BITS_PER_LONG - 1) / KAPI_BITS_PER_LONG;
      |                          ^
include/kapi_bitmap.h:56:35: warning: conversion to 'int' from 'unsigned int' may change the sign of the result [-Wsign-conversion]
   56 |                     return offset + j;
      |                            ~~~~~~~^~~
include/kapi_bitmap.h: In function 'kapi_bitmap_find_first_zero':
include/kapi_bitmap.h:66:26: warning: conversion from 'long long unsigned int' to 'unsigned int' may change value [-Wconversion]
   66 |     unsigned int longs = (nbits + KAPI_BITS_PER_LONG - 1) / KAPI_BITS_PER_LONG;
      |                          ^
include/kapi_bitmap.h:73:35: warning: conversion to 'int' from 'unsigned int' may change the sign of the result [-Wsign-conversion]
   73 |                     return offset + j;
      |                            ~~~~~~~^~~
include/kapi_bitmap.h: In function 'kapi_bitmap_count':
include/kapi_bitmap.h:84:26: warning: conversion from 'long long unsigned int' to 'unsigned int' may change value [-Wconversion]
   84 |     unsigned int longs = (nbits + KAPI_BITS_PER_LONG - 1) / KAPI_BITS_PER_LONG;
      |                          ^
In file included from include/kapi.h:59:
include/kapi_netlink.h: In function 'kapi_nlmsg_next':
include/kapi_netlink.h:19:37: warning: conversion to 'int' from 'uint32_t' {aka 'unsigned int'} may change the sign of the result [-Wsign-conversion]
   19 | #define KAPI_NLMSG_ALIGNTO          4
      |                                     ^
include/kapi_netlink.h:75:18: note: in expansion of macro 'KAPI_NLMSG_ALIGNTO'
   75 |     int totlen = KAPI_NLMSG_ALIGNTO * ((nlh->nlmsg_len + KAPI_NLMSG_ALIGNTO - 1) / KAPI_NLMSG_ALIGNTO);
      |                  ^~~~~~~~~~~~~~~~~~
In file included from include/kapi.h:23,
                 from kernel/api/kapi_sched.c:4:
include/kapi_bitmap.h: In function 'kapi_bitmap_set_all':
include/kapi_bitmap.h:33:26: warning: conversion from 'long long unsigned int' to 'unsigned int' may change value [-Wconversion]
   33 |     unsigned int longs = (nbits + KAPI_BITS_PER_LONG - 1) / KAPI_BITS_PER_LONG;
      |                          ^
include/kapi_bitmap.h: In function 'kapi_bitmap_clear_all':
include/kapi_bitmap.h:41:26: warning: conversion from 'long long unsigned int' to 'unsigned int' may change value [-Wconversion]
   41 |     unsigned int longs = (nbits + KAPI_BITS_PER_LONG - 1) / KAPI_BITS_PER_LONG;
      |                          ^
include/kapi_bitmap.h: In function 'kapi_bitmap_find_first':
include/kapi_bitmap.h:49:26: warning: conversion from 'long long unsigned int' to 'unsigned int' may change value [-Wconversion]
   49 |     unsigned int longs = (nbits + KAPI_BITS_PER_LONG - 1) / KAPI_BITS_PER_LONG;
      |                          ^
include/kapi_bitmap.h:56:35: warning: conversion to 'int' from 'unsigned int' may change the sign of the result [-Wsign-conversion]
   56 |                     return offset + j;
      |                            ~~~~~~~^~~
include/kapi_bitmap.h: In function 'kapi_bitmap_find_first_zero':
include/kapi_bitmap.h:66:26: warning: conversion from 'long long unsigned int' to 'unsigned int' may change value [-Wconversion]
   66 |     unsigned int longs = (nbits + KAPI_BITS_PER_LONG - 1) / KAPI_BITS_PER_LONG;
      |                          ^
include/kapi_bitmap.h:73:35: warning: conversion to 'int' from 'unsigned int' may change the sign of the result [-Wsign-conversion]
   73 |                     return offset + j;
      |                            ~~~~~~~^~~
include/kapi_bitmap.h: In function 'kapi_bitmap_count':
include/kapi_bitmap.h:84:26: warning: conversion from 'long long unsigned int' to 'unsigned int' may change value [-Wconversion]
   84 |     unsigned int longs = (nbits + KAPI_BITS_PER_LONG - 1) / KAPI_BITS_PER_LONG;
      |                          ^
In file included from include/kapi.h:59:
include/kapi_netlink.h: In function 'kapi_nlmsg_next':
include/kapi_netlink.h:19:37: warning: conversion to 'int' from 'uint32_t' {aka 'unsigned int'} may change the sign of the result [-Wsign-conversion]
   19 | #define KAPI_NLMSG_ALIGNTO          4
      |                                     ^
include/kapi_netlink.h:75:18: note: in expansion of macro 'KAPI_NLMSG_ALIGNTO'
   75 |     int totlen = KAPI_NLMSG_ALIGNTO * ((nlh->nlmsg_len + KAPI_NLMSG_ALIGNTO - 1) / KAPI_NLMSG_ALIGNTO);
      |                  ^~~~~~~~~~~~~~~~~~
<3> Building kernel/api/kapi_rcu.c
<1> Building kernel/api/kapi_rbtree.c
<0> Building kernel/api/kapi_random.c
In file included from include/kapi.h:23,
                 from kernel/api/kapi_rcu.c:4:
include/kapi_bitmap.h: In function 'kapi_bitmap_set_all':
include/kapi_bitmap.h:33:26: warning: conversion from 'long long unsigned int' to 'unsigned int' may change value [-Wconversion]
   33 |     unsigned int longs = (nbits + KAPI_BITS_PER_LONG - 1) / KAPI_BITS_PER_LONG;
      |                          ^
include/kapi_bitmap.h: In function 'kapi_bitmap_clear_all':
include/kapi_bitmap.h:41:26: warning: conversion from 'long long unsigned int' to 'unsigned int' may change value [-Wconversion]
   41 |     unsigned int longs = (nbits + KAPI_BITS_PER_LONG - 1) / KAPI_BITS_PER_LONG;
      |                          ^
include/kapi_bitmap.h: In function 'kapi_bitmap_find_first':
include/kapi_bitmap.h:49:26: warning: conversion from 'long long unsigned int' to 'unsigned int' may change value [-Wconversion]
   49 |     unsigned int longs = (nbits + KAPI_BITS_PER_LONG - 1) / KAPI_BITS_PER_LONG;
      |                          ^
include/kapi_bitmap.h:56:35: warning: conversion to 'int' from 'unsigned int' may change the sign of the result [-Wsign-conversion]
   56 |                     return offset + j;
      |                            ~~~~~~~^~~
include/kapi_bitmap.h: In function 'kapi_bitmap_find_first_zero':
include/kapi_bitmap.h:66:26: warning: conversion from 'long long unsigned int' to 'unsigned int' may change value [-Wconversion]
   66 |     unsigned int longs = (nbits + KAPI_BITS_PER_LONG - 1) / KAPI_BITS_PER_LONG;
      |                          ^
include/kapi_bitmap.h:73:35: warning: conversion to 'int' from 'unsigned int' may change the sign of the result [-Wsign-conversion]
   73 |                     return offset + j;
      |                            ~~~~~~~^~~
include/kapi_bitmap.h: In function 'kapi_bitmap_count':
include/kapi_bitmap.h:84:26: warning: conversion from 'long long unsigned int' to 'unsigned int' may change value [-Wconversion]
   84 |     unsigned int longs = (nbits + KAPI_BITS_PER_LONG - 1) / KAPI_BITS_PER_LONG;
      |                          ^
In file included from include/kapi.h:23,
                 from kernel/api/kapi_rbtree.c:4:
include/kapi_bitmap.h: In function 'kapi_bitmap_set_all':
include/kapi_bitmap.h:33:26: warning: conversion from 'long long unsigned int' to 'unsigned int' may change value [-Wconversion]
   33 |     unsigned int longs = (nbits + KAPI_BITS_PER_LONG - 1) / KAPI_BITS_PER_LONG;
      |                          ^
include/kapi_bitmap.h: In function 'kapi_bitmap_clear_all':
include/kapi_bitmap.h:41:26: warning: conversion from 'long long unsigned int' to 'unsigned int' may change value [-Wconversion]
   41 |     unsigned int longs = (nbits + KAPI_BITS_PER_LONG - 1) / KAPI_BITS_PER_LONG;
      |                          ^
include/kapi_bitmap.h: In function 'kapi_bitmap_find_first':
include/kapi_bitmap.h:49:26: warning: conversion from 'long long unsigned int' to 'unsigned int' may change value [-Wconversion]
   49 |     unsigned int longs = (nbits + KAPI_BITS_PER_LONG - 1) / KAPI_BITS_PER_LONG;
      |                          ^
include/kapi_bitmap.h:56:35: warning: conversion to 'int' from 'unsigned int' may change the sign of the result [-Wsign-conversion]
   56 |                     return offset + j;
      |                            ~~~~~~~^~~
include/kapi_bitmap.h: In function 'kapi_bitmap_find_first_zero':
include/kapi_bitmap.h:66:26: warning: conversion from 'long long unsigned int' to 'unsigned int' may change value [-Wconversion]
   66 |     unsigned int longs = (nbits + KAPI_BITS_PER_LONG - 1) / KAPI_BITS_PER_LONG;
      |                          ^
include/kapi_bitmap.h:73:35: warning: conversion to 'int' from 'unsigned int' may change the sign of the result [-Wsign-conversion]
   73 |                     return offset + j;
      |                            ~~~~~~~^~~
include/kapi_bitmap.h: In function 'kapi_bitmap_count':
include/kapi_bitmap.h:84:26: warning: conversion from 'long long unsigned int' to 'unsigned int' may change value [-Wconversion]
   84 |     unsigned int longs = (nbits + KAPI_BITS_PER_LONG - 1) / KAPI_BITS_PER_LONG;
      |                          ^
In file included from include/kapi.h:59:
include/kapi_netlink.h: In function 'kapi_nlmsg_next':
include/kapi_netlink.h:19:37: warning: conversion to 'int' from 'uint32_t' {aka 'unsigned int'} may change the sign of the result [-Wsign-conversion]
   19 | #define KAPI_NLMSG_ALIGNTO          4
      |                                     ^
include/kapi_netlink.h:75:18: note: in expansion of macro 'KAPI_NLMSG_ALIGNTO'
   75 |     int totlen = KAPI_NLMSG_ALIGNTO * ((nlh->nlmsg_len + KAPI_NLMSG_ALIGNTO - 1) / KAPI_NLMSG_ALIGNTO);
      |                  ^~~~~~~~~~~~~~~~~~
In file included from include/kapi.h:59:
include/kapi_netlink.h: In function 'kapi_nlmsg_next':
include/kapi_netlink.h:19:37: warning: conversion to 'int' from 'uint32_t' {aka 'unsigned int'} may change the sign of the result [-Wsign-conversion]
   19 | #define KAPI_NLMSG_ALIGNTO          4
      |                                     ^
include/kapi_netlink.h:75:18: note: in expansion of macro 'KAPI_NLMSG_ALIGNTO'
   75 |     int totlen = KAPI_NLMSG_ALIGNTO * ((nlh->nlmsg_len + KAPI_NLMSG_ALIGNTO - 1) / KAPI_NLMSG_ALIGNTO);
      |                  ^~~~~~~~~~~~~~~~~~
In file included from include/kapi.h:23,
                 from kernel/api/kapi_random.c:4:
include/kapi_bitmap.h: In function 'kapi_bitmap_set_all':
include/kapi_bitmap.h:33:26: warning: conversion from 'long long unsigned int' to 'unsigned int' may change value [-Wconversion]
   33 |     unsigned int longs = (nbits + KAPI_BITS_PER_LONG - 1) / KAPI_BITS_PER_LONG;
      |                          ^
include/kapi_bitmap.h: In function 'kapi_bitmap_clear_all':
include/kapi_bitmap.h:41:26: warning: conversion from 'long long unsigned int' to 'unsigned int' may change value [-Wconversion]
   41 |     unsigned int longs = (nbits + KAPI_BITS_PER_LONG - 1) / KAPI_BITS_PER_LONG;
      |                          ^
include/kapi_bitmap.h: In function 'kapi_bitmap_find_first':
include/kapi_bitmap.h:49:26: warning: conversion from 'long long unsigned int' to 'unsigned int' may change value [-Wconversion]
   49 |     unsigned int longs = (nbits + KAPI_BITS_PER_LONG - 1) / KAPI_BITS_PER_LONG;
      |                          ^
include/kapi_bitmap.h:56:35: warning: conversion to 'int' from 'unsigned int' may change the sign of the result [-Wsign-conversion]
   56 |                     return offset + j;
      |                            ~~~~~~~^~~
include/kapi_bitmap.h: In function 'kapi_bitmap_find_first_zero':
include/kapi_bitmap.h:66:26: warning: conversion from 'long long unsigned int' to 'unsigned int' may change value [-Wconversion]
   66 |     unsigned int longs = (nbits + KAPI_BITS_PER_LONG - 1) / KAPI_BITS_PER_LONG;
      |                          ^
include/kapi_bitmap.h:73:35: warning: conversion to 'int' from 'unsigned int' may change the sign of the result [-Wsign-conversion]
   73 |                     return offset + j;
      |                            ~~~~~~~^~~
include/kapi_bitmap.h: In function 'kapi_bitmap_count':
include/kapi_bitmap.h:84:26: warning: conversion from 'long long unsigned int' to 'unsigned int' may change value [-Wconversion]
   84 |     unsigned int longs = (nbits + KAPI_BITS_PER_LONG - 1) / KAPI_BITS_PER_LONG;
      |                          ^
In file included from include/kapi.h:59:
include/kapi_netlink.h: In function 'kapi_nlmsg_next':
include/kapi_netlink.h:19:37: warning: conversion to 'int' from 'uint32_t' {aka 'unsigned int'} may change the sign of the result [-Wsign-conversion]
   19 | #define KAPI_NLMSG_ALIGNTO          4
      |                                     ^
include/kapi_netlink.h:75:18: note: in expansion of macro 'KAPI_NLMSG_ALIGNTO'
   75 |     int totlen = KAPI_NLMSG_ALIGNTO * ((nlh->nlmsg_len + KAPI_NLMSG_ALIGNTO - 1) / KAPI_NLMSG_ALIGNTO);
      |                  ^~~~~~~~~~~~~~~~~~
<3> Building kernel/api/kapi_process.c
<0> Building kernel/api/kapi_pci.c
In file included from include/kapi.h:23,
                 from kernel/api/kapi_process.c:4:
include/kapi_bitmap.h: In function 'kapi_bitmap_set_all':
include/kapi_bitmap.h:33:26: warning: conversion from 'long long unsigned int' to 'unsigned int' may change value [-Wconversion]
   33 |     unsigned int longs = (nbits + KAPI_BITS_PER_LONG - 1) / KAPI_BITS_PER_LONG;
      |                          ^
include/kapi_bitmap.h: In function 'kapi_bitmap_clear_all':
include/kapi_bitmap.h:41:26: warning: conversion from 'long long unsigned int' to 'unsigned int' may change value [-Wconversion]
   41 |     unsigned int longs = (nbits + KAPI_BITS_PER_LONG - 1) / KAPI_BITS_PER_LONG;
      |                          ^
include/kapi_bitmap.h: In function 'kapi_bitmap_find_first':
include/kapi_bitmap.h:49:26: warning: conversion from 'long long unsigned int' to 'unsigned int' may change value [-Wconversion]
   49 |     unsigned int longs = (nbits + KAPI_BITS_PER_LONG - 1) / KAPI_BITS_PER_LONG;
      |                          ^
include/kapi_bitmap.h:56:35: warning: conversion to 'int' from 'unsigned int' may change the sign of the result [-Wsign-conversion]
   56 |                     return offset + j;
      |                            ~~~~~~~^~~
include/kapi_bitmap.h: In function 'kapi_bitmap_find_first_zero':
include/kapi_bitmap.h:66:26: warning: conversion from 'long long unsigned int' to 'unsigned int' may change value [-Wconversion]
   66 |     unsigned int longs = (nbits + KAPI_BITS_PER_LONG - 1) / KAPI_BITS_PER_LONG;
      |                          ^
include/kapi_bitmap.h:73:35: warning: conversion to 'int' from 'unsigned int' may change the sign of the result [-Wsign-conversion]
   73 |                     return offset + j;
      |                            ~~~~~~~^~~
include/kapi_bitmap.h: In function 'kapi_bitmap_count':
include/kapi_bitmap.h:84:26: warning: conversion from 'long long unsigned int' to 'unsigned int' may change value [-Wconversion]
   84 |     unsigned int longs = (nbits + KAPI_BITS_PER_LONG - 1) / KAPI_BITS_PER_LONG;
      |                          ^
In file included from include/kapi.h:59:
include/kapi_netlink.h: In function 'kapi_nlmsg_next':
include/kapi_netlink.h:19:37: warning: conversion to 'int' from 'uint32_t' {aka 'unsigned int'} may change the sign of the result [-Wsign-conversion]
   19 | #define KAPI_NLMSG_ALIGNTO          4
      |                                     ^
include/kapi_netlink.h:75:18: note: in expansion of macro 'KAPI_NLMSG_ALIGNTO'
   75 |     int totlen = KAPI_NLMSG_ALIGNTO * ((nlh->nlmsg_len + KAPI_NLMSG_ALIGNTO - 1) / KAPI_NLMSG_ALIGNTO);
      |                  ^~~~~~~~~~~~~~~~~~
kernel/api/kapi_process.c: In function 'kapi_proc_create':
kernel/api/kapi_process.c:58:26: warning: ISO C forbids conversion of function pointer to object pointer type [-Wpedantic]
   58 |     process_create(name, (void*)entry, kernel_prio);
      |                          ^
kernel/api/kapi_process.c:43:76: warning: unused parameter 'arg' [-Wunused-parameter]
   43 | kapi_proc_t kapi_proc_create(const char* name, void (*entry)(void*), void* arg, int prio)
      |                                                                      ~~~~~~^~~
kernel/api/kapi_process.c: In function 'kapi_proc_kill':
kernel/api/kapi_process.c:77:42: warning: unused parameter 'force' [-Wunused-parameter]
   77 | int kapi_proc_kill(kapi_proc_t proc, int force)
      |                                      ~~~~^~~~~
kernel/api/kapi_process.c: In function 'kapi_proc_kill_by_pid':
kernel/api/kapi_process.c:92:40: warning: unused parameter 'force' [-Wunused-parameter]
   92 | int kapi_proc_kill_by_pid(int pid, int force)
      |                                    ~~~~^~~~~
kernel/api/kapi_process.c: In function 'kapi_thread_create':
kernel/api/kapi_process.c:214:29: warning: ISO C forbids conversion of function pointer to object pointer type [-Wpedantic]
  214 |     int tid = thread_create((void*)entry, arg);
      |                             ^
kernel/api/kapi_process.c: In function 'kapi_ipc_recv':
kernel/api/kapi_process.c:249:52: warning: unused parameter 'timeout_ms' [-Wunused-parameter]
  249 | int kapi_ipc_recv(void* msg, size_t size, uint64_t timeout_ms)
      |                                           ~~~~~~~~~^~~~~~~~~~
<1> Building kernel/api/kapi_params.c
<2> Building kernel/api/kapi_notifier.c
In file included from include/kapi.h:23,
                 from kernel/api/kapi_pci.c:2:
include/kapi_bitmap.h: In function 'kapi_bitmap_set_all':
include/kapi_bitmap.h:33:26: warning: conversion from 'long long unsigned int' to 'unsigned int' may change value [-Wconversion]
   33 |     unsigned int longs = (nbits + KAPI_BITS_PER_LONG - 1) / KAPI_BITS_PER_LONG;
      |                          ^
include/kapi_bitmap.h: In function 'kapi_bitmap_clear_all':
include/kapi_bitmap.h:41:26: warning: conversion from 'long long unsigned int' to 'unsigned int' may change value [-Wconversion]
   41 |     unsigned int longs = (nbits + KAPI_BITS_PER_LONG - 1) / KAPI_BITS_PER_LONG;
      |                          ^
include/kapi_bitmap.h: In function 'kapi_bitmap_find_first':
include/kapi_bitmap.h:49:26: warning: conversion from 'long long unsigned int' to 'unsigned int' may change value [-Wconversion]
   49 |     unsigned int longs = (nbits + KAPI_BITS_PER_LONG - 1) / KAPI_BITS_PER_LONG;
      |                          ^
include/kapi_bitmap.h:56:35: warning: conversion to 'int' from 'unsigned int' may change the sign of the result [-Wsign-conversion]
   56 |                     return offset + j;
      |                            ~~~~~~~^~~
include/kapi_bitmap.h: In function 'kapi_bitmap_find_first_zero':
include/kapi_bitmap.h:66:26: warning: conversion from 'long long unsigned int' to 'unsigned int' may change value [-Wconversion]
   66 |     unsigned int longs = (nbits + KAPI_BITS_PER_LONG - 1) / KAPI_BITS_PER_LONG;
      |                          ^
include/kapi_bitmap.h:73:35: warning: conversion to 'int' from 'unsigned int' may change the sign of the result [-Wsign-conversion]
   73 |                     return offset + j;
      |                            ~~~~~~~^~~
include/kapi_bitmap.h: In function 'kapi_bitmap_count':
include/kapi_bitmap.h:84:26: warning: conversion from 'long long unsigned int' to 'unsigned int' may change value [-Wconversion]
   84 |     unsigned int longs = (nbits + KAPI_BITS_PER_LONG - 1) / KAPI_BITS_PER_LONG;
      |                          ^
In file included from include/kapi.h:59:
include/kapi_netlink.h: In function 'kapi_nlmsg_next':
include/kapi_netlink.h:19:37: warning: conversion to 'int' from 'uint32_t' {aka 'unsigned int'} may change the sign of the result [-Wsign-conversion]
   19 | #define KAPI_NLMSG_ALIGNTO          4
      |                                     ^
include/kapi_netlink.h:75:18: note: in expansion of macro 'KAPI_NLMSG_ALIGNTO'
   75 |     int totlen = KAPI_NLMSG_ALIGNTO * ((nlh->nlmsg_len + KAPI_NLMSG_ALIGNTO - 1) / KAPI_NLMSG_ALIGNTO);
      |                  ^~~~~~~~~~~~~~~~~~
kernel/api/kapi_pci.c: In function 'kapi_pci_disable_device':
kernel/api/kapi_pci.c:104:12: warning: unsigned conversion from 'int' to 'uint16_t' {aka 'short unsigned int'} changes the value of '-8' [-Wsign-conversion]
  104 |     cmd &= ~(KAPI_PCI_COMMAND_IO | KAPI_PCI_COMMAND_MEMORY | KAPI_PCI_COMMAND_MASTER);
      |            ^
kernel/api/kapi_pci.c: In function 'kapi_pci_get_device_info':
kernel/api/kapi_pci.c:182:13: warning: comparison is always false due to limited range of data type [-Wtype-limits]
  182 |     if (bus >= KAPI_PCI_MAX_BUSES || dev >= KAPI_PCI_MAX_DEVICES || func >= KAPI_PCI_MAX_FUNCTIONS) {
      |             ^~
In file included from include/kapi.h:23,
                 from kernel/api/kapi_notifier.c:4:
include/kapi_bitmap.h: In function 'kapi_bitmap_set_all':
include/kapi_bitmap.h:33:26: warning: conversion from 'long long unsigned int' to 'unsigned int' may change value [-Wconversion]
   33 |     unsigned int longs = (nbits + KAPI_BITS_PER_LONG - 1) / KAPI_BITS_PER_LONG;
      |                          ^
include/kapi_bitmap.h: In function 'kapi_bitmap_clear_all':
include/kapi_bitmap.h:41:26: warning: conversion from 'long long unsigned int' to 'unsigned int' may change value [-Wconversion]
   41 |     unsigned int longs = (nbits + KAPI_BITS_PER_LONG - 1) / KAPI_BITS_PER_LONG;
      |                          ^
include/kapi_bitmap.h: In function 'kapi_bitmap_find_first':
include/kapi_bitmap.h:49:26: warning: conversion from 'long long unsigned int' to 'unsigned int' may change value [-Wconversion]
   49 |     unsigned int longs = (nbits + KAPI_BITS_PER_LONG - 1) / KAPI_BITS_PER_LONG;
      |                          ^
include/kapi_bitmap.h:56:35: warning: conversion to 'int' from 'unsigned int' may change the sign of the result [-Wsign-conversion]
   56 |                     return offset + j;
      |                            ~~~~~~~^~~
include/kapi_bitmap.h: In function 'kapi_bitmap_find_first_zero':
include/kapi_bitmap.h:66:26: warning: conversion from 'long long unsigned int' to 'unsigned int' may change value [-Wconversion]
   66 |     unsigned int longs = (nbits + KAPI_BITS_PER_LONG - 1) / KAPI_BITS_PER_LONG;
      |                          ^
include/kapi_bitmap.h:73:35: warning: conversion to 'int' from 'unsigned int' may change the sign of the result [-Wsign-conversion]
   73 |                     return offset + j;
      |                            ~~~~~~~^~~
include/kapi_bitmap.h: In function 'kapi_bitmap_count':
include/kapi_bitmap.h:84:26: warning: conversion from 'long long unsigned int' to 'unsigned int' may change value [-Wconversion]
   84 |     unsigned int longs = (nbits + KAPI_BITS_PER_LONG - 1) / KAPI_BITS_PER_LONG;
      |                          ^
In file included from include/kapi.h:23,
                 from kernel/api/kapi_params.c:2:
include/kapi_bitmap.h: In function 'kapi_bitmap_set_all':
include/kapi_bitmap.h:33:26: warning: conversion from 'long long unsigned int' to 'unsigned int' may change value [-Wconversion]
   33 |     unsigned int longs = (nbits + KAPI_BITS_PER_LONG - 1) / KAPI_BITS_PER_LONG;
      |                          ^
include/kapi_bitmap.h: In function 'kapi_bitmap_clear_all':
include/kapi_bitmap.h:41:26: warning: conversion from 'long long unsigned int' to 'unsigned int' may change value [-Wconversion]
   41 |     unsigned int longs = (nbits + KAPI_BITS_PER_LONG - 1) / KAPI_BITS_PER_LONG;
      |                          ^
include/kapi_bitmap.h: In function 'kapi_bitmap_find_first':
include/kapi_bitmap.h:49:26: warning: conversion from 'long long unsigned int' to 'unsigned int' may change value [-Wconversion]
   49 |     unsigned int longs = (nbits + KAPI_BITS_PER_LONG - 1) / KAPI_BITS_PER_LONG;
      |                          ^
include/kapi_bitmap.h:56:35: warning: conversion to 'int' from 'unsigned int' may change the sign of the result [-Wsign-conversion]
   56 |                     return offset + j;
      |                            ~~~~~~~^~~
include/kapi_bitmap.h: In function 'kapi_bitmap_find_first_zero':
include/kapi_bitmap.h:66:26: warning: conversion from 'long long unsigned int' to 'unsigned int' may change value [-Wconversion]
   66 |     unsigned int longs = (nbits + KAPI_BITS_PER_LONG - 1) / KAPI_BITS_PER_LONG;
      |                          ^
include/kapi_bitmap.h:73:35: warning: conversion to 'int' from 'unsigned int' may change the sign of the result [-Wsign-conversion]
   73 |                     return offset + j;
      |                            ~~~~~~~^~~
include/kapi_bitmap.h: In function 'kapi_bitmap_count':
include/kapi_bitmap.h:84:26: warning: conversion from 'long long unsigned int' to 'unsigned int' may change value [-Wconversion]
   84 |     unsigned int longs = (nbits + KAPI_BITS_PER_LONG - 1) / KAPI_BITS_PER_LONG;
      |                          ^
In file included from include/kapi.h:59:
include/kapi_netlink.h: In function 'kapi_nlmsg_next':
include/kapi_netlink.h:19:37: warning: conversion to 'int' from 'uint32_t' {aka 'unsigned int'} may change the sign of the result [-Wsign-conversion]
   19 | #define KAPI_NLMSG_ALIGNTO          4
      |                                     ^
include/kapi_netlink.h:75:18: note: in expansion of macro 'KAPI_NLMSG_ALIGNTO'
   75 |     int totlen = KAPI_NLMSG_ALIGNTO * ((nlh->nlmsg_len + KAPI_NLMSG_ALIGNTO - 1) / KAPI_NLMSG_ALIGNTO);
      |                  ^~~~~~~~~~~~~~~~~~
In file included from include/kapi.h:59:
include/kapi_netlink.h: In function 'kapi_nlmsg_next':
include/kapi_netlink.h:19:37: warning: conversion to 'int' from 'uint32_t' {aka 'unsigned int'} may change the sign of the result [-Wsign-conversion]
   19 | #define KAPI_NLMSG_ALIGNTO          4
      |                                     ^
include/kapi_netlink.h:75:18: note: in expansion of macro 'KAPI_NLMSG_ALIGNTO'
   75 |     int totlen = KAPI_NLMSG_ALIGNTO * ((nlh->nlmsg_len + KAPI_NLMSG_ALIGNTO - 1) / KAPI_NLMSG_ALIGNTO);
      |                  ^~~~~~~~~~~~~~~~~~
<2> Building kernel/api/kapi_netlink.c
<0> Building kernel/api/kapi_netdevice.c
<3> Building kernel/api/kapi_mutex.c
In file included from include/kapi.h:23,
                 from kernel/api/kapi_netlink.c:1:
include/kapi_bitmap.h: In function 'kapi_bitmap_set_all':
include/kapi_bitmap.h:33:26: warning: conversion from 'long long unsigned int' to 'unsigned int' may change value [-Wconversion]
   33 |     unsigned int longs = (nbits + KAPI_BITS_PER_LONG - 1) / KAPI_BITS_PER_LONG;
      |                          ^
include/kapi_bitmap.h: In function 'kapi_bitmap_clear_all':
include/kapi_bitmap.h:41:26: warning: conversion from 'long long unsigned int' to 'unsigned int' may change value [-Wconversion]
   41 |     unsigned int longs = (nbits + KAPI_BITS_PER_LONG - 1) / KAPI_BITS_PER_LONG;
      |                          ^
include/kapi_bitmap.h: In function 'kapi_bitmap_find_first':
include/kapi_bitmap.h:49:26: warning: conversion from 'long long unsigned int' to 'unsigned int' may change value [-Wconversion]
   49 |     unsigned int longs = (nbits + KAPI_BITS_PER_LONG - 1) / KAPI_BITS_PER_LONG;
      |                          ^
include/kapi_bitmap.h:56:35: warning: conversion to 'int' from 'unsigned int' may change the sign of the result [-Wsign-conversion]
   56 |                     return offset + j;
      |                            ~~~~~~~^~~
include/kapi_bitmap.h: In function 'kapi_bitmap_find_first_zero':
include/kapi_bitmap.h:66:26: warning: conversion from 'long long unsigned int' to 'unsigned int' may change value [-Wconversion]
   66 |     unsigned int longs = (nbits + KAPI_BITS_PER_LONG - 1) / KAPI_BITS_PER_LONG;
      |                          ^
include/kapi_bitmap.h:73:35: warning: conversion to 'int' from 'unsigned int' may change the sign of the result [-Wsign-conversion]
   73 |                     return offset + j;
      |                            ~~~~~~~^~~
include/kapi_bitmap.h: In function 'kapi_bitmap_count':
include/kapi_bitmap.h:84:26: warning: conversion from 'long long unsigned int' to 'unsigned int' may change value [-Wconversion]
   84 |     unsigned int longs = (nbits + KAPI_BITS_PER_LONG - 1) / KAPI_BITS_PER_LONG;
      |                          ^
In file included from include/kapi.h:59:
include/kapi_netlink.h: In function 'kapi_nlmsg_next':
include/kapi_netlink.h:19:37: warning: conversion to 'int' from 'uint32_t' {aka 'unsigned int'} may change the sign of the result [-Wsign-conversion]
   19 | #define KAPI_NLMSG_ALIGNTO          4
      |                                     ^
include/kapi_netlink.h:75:18: note: in expansion of macro 'KAPI_NLMSG_ALIGNTO'
   75 |     int totlen = KAPI_NLMSG_ALIGNTO * ((nlh->nlmsg_len + KAPI_NLMSG_ALIGNTO - 1) / KAPI_NLMSG_ALIGNTO);
      |                  ^~~~~~~~~~~~~~~~~~
In file included from include/kapi.h:23,
                 from kernel/api/kapi_netdevice.c:1:
include/kapi_bitmap.h: In function 'kapi_bitmap_set_all':
include/kapi_bitmap.h:33:26: warning: conversion from 'long long unsigned int' to 'unsigned int' may change value [-Wconversion]
   33 |     unsigned int longs = (nbits + KAPI_BITS_PER_LONG - 1) / KAPI_BITS_PER_LONG;
      |                          ^
include/kapi_bitmap.h: In function 'kapi_bitmap_clear_all':
include/kapi_bitmap.h:41:26: warning: conversion from 'long long unsigned int' to 'unsigned int' may change value [-Wconversion]
   41 |     unsigned int longs = (nbits + KAPI_BITS_PER_LONG - 1) / KAPI_BITS_PER_LONG;
      |                          ^
include/kapi_bitmap.h: In function 'kapi_bitmap_find_first':
include/kapi_bitmap.h:49:26: warning: conversion from 'long long unsigned int' to 'unsigned int' may change value [-Wconversion]
   49 |     unsigned int longs = (nbits + KAPI_BITS_PER_LONG - 1) / KAPI_BITS_PER_LONG;
      |                          ^
include/kapi_bitmap.h:56:35: warning: conversion to 'int' from 'unsigned int' may change the sign of the result [-Wsign-conversion]
   56 |                     return offset + j;
      |                            ~~~~~~~^~~
include/kapi_bitmap.h: In function 'kapi_bitmap_find_first_zero':
include/kapi_bitmap.h:66:26: warning: conversion from 'long long unsigned int' to 'unsigned int' may change value [-Wconversion]
   66 |     unsigned int longs = (nbits + KAPI_BITS_PER_LONG - 1) / KAPI_BITS_PER_LONG;
      |                          ^
include/kapi_bitmap.h:73:35: warning: conversion to 'int' from 'unsigned int' may change the sign of the result [-Wsign-conversion]
   73 |                     return offset + j;
      |                            ~~~~~~~^~~
include/kapi_bitmap.h: In function 'kapi_bitmap_count':
include/kapi_bitmap.h:84:26: warning: conversion from 'long long unsigned int' to 'unsigned int' may change value [-Wconversion]
   84 |     unsigned int longs = (nbits + KAPI_BITS_PER_LONG - 1) / KAPI_BITS_PER_LONG;
      |                          ^
In file included from include/kapi.h:23,
                 from kernel/api/kapi_mutex.c:4:
include/kapi_bitmap.h: In function 'kapi_bitmap_set_all':
include/kapi_bitmap.h:33:26: warning: conversion from 'long long unsigned int' to 'unsigned int' may change value [-Wconversion]
   33 |     unsigned int longs = (nbits + KAPI_BITS_PER_LONG - 1) / KAPI_BITS_PER_LONG;
      |                          ^
include/kapi_bitmap.h: In function 'kapi_bitmap_clear_all':
include/kapi_bitmap.h:41:26: warning: conversion from 'long long unsigned int' to 'unsigned int' may change value [-Wconversion]
   41 |     unsigned int longs = (nbits + KAPI_BITS_PER_LONG - 1) / KAPI_BITS_PER_LONG;
      |                          ^
include/kapi_bitmap.h: In function 'kapi_bitmap_find_first':
include/kapi_bitmap.h:49:26: warning: conversion from 'long long unsigned int' to 'unsigned int' may change value [-Wconversion]
In file included from include/kapi.h:59:
   49 |     unsigned int longs = (nbits + KAPI_BITS_PER_LONG - 1) / KAPI_BITS_PER_LONG;
include/kapi_netlink.h: In function 'kapi_nlmsg_next':
      |                          ^
include/kapi_netlink.h:19:37: warning: conversion to 'int' from 'uint32_t' {aka 'unsigned int'} may change the sign of the result [-Wsign-conversion]
include/kapi_bitmap.h:56:35: warning: conversion to 'int' from 'unsigned int' may change the sign of the result [-Wsign-conversion]
   19 | #define KAPI_NLMSG_ALIGNTO          4
   56 |                     return offset + j;
      |                                     ^
      |                            ~~~~~~~^~~
include/kapi_netlink.h:75:18: note: in expansion of macro 'KAPI_NLMSG_ALIGNTO'
include/kapi_bitmap.h: In function 'kapi_bitmap_find_first_zero':
   75 |     int totlen = KAPI_NLMSG_ALIGNTO * ((nlh->nlmsg_len + KAPI_NLMSG_ALIGNTO - 1) / KAPI_NLMSG_ALIGNTO);
include/kapi_bitmap.h:66:26: warning: conversion from 'long long unsigned int' to 'unsigned int' may change value [-Wconversion]
      |                  ^~~~~~~~~~~~~~~~~~
   66 |     unsigned int longs = (nbits + KAPI_BITS_PER_LONG - 1) / KAPI_BITS_PER_LONG;
      |                          ^
include/kapi_bitmap.h:73:35: warning: conversion to 'int' from 'unsigned int' may change the sign of the result [-Wsign-conversion]
   73 |                     return offset + j;
      |                            ~~~~~~~^~~
include/kapi_bitmap.h: In function 'kapi_bitmap_count':
include/kapi_bitmap.h:84:26: warning: conversion from 'long long unsigned int' to 'unsigned int' may change value [-Wconversion]
   84 |     unsigned int longs = (nbits + KAPI_BITS_PER_LONG - 1) / KAPI_BITS_PER_LONG;
      |                          ^
In file included from include/kapi.h:59:
<2> Building kernel/api/kapi_module.c
include/kapi_netlink.h: In function 'kapi_nlmsg_next':
include/kapi_netlink.h:19:37: warning: conversion to 'int' from 'uint32_t' {aka 'unsigned int'} may change the sign of the result [-Wsign-conversion]
   19 | #define KAPI_NLMSG_ALIGNTO          4
      |                                     ^
include/kapi_netlink.h:75:18: note: in expansion of macro 'KAPI_NLMSG_ALIGNTO'
   75 |     int totlen = KAPI_NLMSG_ALIGNTO * ((nlh->nlmsg_len + KAPI_NLMSG_ALIGNTO - 1) / KAPI_NLMSG_ALIGNTO);
      |                  ^~~~~~~~~~~~~~~~~~
<1> Building kernel/api/kapi_mempool.c
<0> Building kernel/api/kapi_memory.c
In file included from include/kapi.h:23,
                 from kernel/api/kapi_module.c:4:
include/kapi_bitmap.h: In function 'kapi_bitmap_set_all':
include/kapi_bitmap.h:33:26: warning: conversion from 'long long unsigned int' to 'unsigned int' may change value [-Wconversion]
   33 |     unsigned int longs = (nbits + KAPI_BITS_PER_LONG - 1) / KAPI_BITS_PER_LONG;
      |                          ^
include/kapi_bitmap.h: In function 'kapi_bitmap_clear_all':
include/kapi_bitmap.h:41:26: warning: conversion from 'long long unsigned int' to 'unsigned int' may change value [-Wconversion]
   41 |     unsigned int longs = (nbits + KAPI_BITS_PER_LONG - 1) / KAPI_BITS_PER_LONG;
      |                          ^
include/kapi_bitmap.h: In function 'kapi_bitmap_find_first':
include/kapi_bitmap.h:49:26: warning: conversion from 'long long unsigned int' to 'unsigned int' may change value [-Wconversion]
   49 |     unsigned int longs = (nbits + KAPI_BITS_PER_LONG - 1) / KAPI_BITS_PER_LONG;
      |                          ^
include/kapi_bitmap.h:56:35: warning: conversion to 'int' from 'unsigned int' may change the sign of the result [-Wsign-conversion]
   56 |                     return offset + j;
      |                            ~~~~~~~^~~
include/kapi_bitmap.h: In function 'kapi_bitmap_find_first_zero':
include/kapi_bitmap.h:66:26: warning: conversion from 'long long unsigned int' to 'unsigned int' may change value [-Wconversion]
   66 |     unsigned int longs = (nbits + KAPI_BITS_PER_LONG - 1) / KAPI_BITS_PER_LONG;
      |                          ^
include/kapi_bitmap.h:73:35: warning: conversion to 'int' from 'unsigned int' may change the sign of the result [-Wsign-conversion]
   73 |                     return offset + j;
      |                            ~~~~~~~^~~
include/kapi_bitmap.h: In function 'kapi_bitmap_count':
include/kapi_bitmap.h:84:26: warning: conversion from 'long long unsigned int' to 'unsigned int' may change value [-Wconversion]
   84 |     unsigned int longs = (nbits + KAPI_BITS_PER_LONG - 1) / KAPI_BITS_PER_LONG;
      |                          ^
In file included from include/kapi.h:59:
include/kapi_netlink.h: In function 'kapi_nlmsg_next':
include/kapi_netlink.h:19:37: warning: conversion to 'int' from 'uint32_t' {aka 'unsigned int'} may change the sign of the result [-Wsign-conversion]
   19 | #define KAPI_NLMSG_ALIGNTO          4
      |                                     ^
include/kapi_netlink.h:75:18: note: in expansion of macro 'KAPI_NLMSG_ALIGNTO'
   75 |     int totlen = KAPI_NLMSG_ALIGNTO * ((nlh->nlmsg_len + KAPI_NLMSG_ALIGNTO - 1) / KAPI_NLMSG_ALIGNTO);
      |                  ^~~~~~~~~~~~~~~~~~
<3> Building kernel/api/kapi_list.c
In file included from include/kapi.h:23,
                 from kernel/api/kapi_memory.c:4:
include/kapi_bitmap.h: In function 'kapi_bitmap_set_all':
include/kapi_bitmap.h:33:26: warning: conversion from 'long long unsigned int' to 'unsigned int' may change value [-Wconversion]
   33 |     unsigned int longs = (nbits + KAPI_BITS_PER_LONG - 1) / KAPI_BITS_PER_LONG;
      |                          ^
include/kapi_bitmap.h: In function 'kapi_bitmap_clear_all':
include/kapi_bitmap.h:41:26: warning: conversion from 'long long unsigned int' to 'unsigned int' may change value [-Wconversion]
   41 |     unsigned int longs = (nbits + KAPI_BITS_PER_LONG - 1) / KAPI_BITS_PER_LONG;
      |                          ^
include/kapi_bitmap.h: In function 'kapi_bitmap_find_first':
include/kapi_bitmap.h:49:26: warning: conversion from 'long long unsigned int' to 'unsigned int' may change value [-Wconversion]
   49 |     unsigned int longs = (nbits + KAPI_BITS_PER_LONG - 1) / KAPI_BITS_PER_LONG;
      |                          ^
include/kapi_bitmap.h:56:35: warning: conversion to 'int' from 'unsigned int' may change the sign of the result [-Wsign-conversion]
   56 |                     return offset + j;
      |                            ~~~~~~~^~~
include/kapi_bitmap.h: In function 'kapi_bitmap_find_first_zero':
include/kapi_bitmap.h:66:26: warning: conversion from 'long long unsigned int' to 'unsigned int' may change value [-Wconversion]
   66 |     unsigned int longs = (nbits + KAPI_BITS_PER_LONG - 1) / KAPI_BITS_PER_LONG;
      |                          ^
include/kapi_bitmap.h:73:35: warning: conversion to 'int' from 'unsigned int' may change the sign of the result [-Wsign-conversion]
   73 |                     return offset + j;
      |                            ~~~~~~~^~~
include/kapi_bitmap.h: In function 'kapi_bitmap_count':
include/kapi_bitmap.h:84:26: warning: conversion from 'long long unsigned int' to 'unsigned int' may change value [-Wconversion]
   84 |     unsigned int longs = (nbits + KAPI_BITS_PER_LONG - 1) / KAPI_BITS_PER_LONG;
      |                          ^
In file included from include/kapi.h:23,
                 from kernel/api/kapi_mempool.c:2:
include/kapi_bitmap.h: In function 'kapi_bitmap_set_all':
include/kapi_bitmap.h:33:26: warning: conversion from 'long long unsigned int' to 'unsigned int' may change value [-Wconversion]
   33 |     unsigned int longs = (nbits + KAPI_BITS_PER_LONG - 1) / KAPI_BITS_PER_LONG;
      |                          ^
include/kapi_bitmap.h: In function 'kapi_bitmap_clear_all':
include/kapi_bitmap.h:41:26: warning: conversion from 'long long unsigned int' to 'unsigned int' may change value [-Wconversion]
   41 |     unsigned int longs = (nbits + KAPI_BITS_PER_LONG - 1) / KAPI_BITS_PER_LONG;
      |                          ^
include/kapi_bitmap.h: In function 'kapi_bitmap_find_first':
include/kapi_bitmap.h:49:26: warning: conversion from 'long long unsigned int' to 'unsigned int' may change value [-Wconversion]
   49 |     unsigned int longs = (nbits + KAPI_BITS_PER_LONG - 1) / KAPI_BITS_PER_LONG;
      |                          ^
include/kapi_bitmap.h:56:35: warning: conversion to 'int' from 'unsigned int' may change the sign of the result [-Wsign-conversion]
   56 |                     return offset + j;
      |                            ~~~~~~~^~~
include/kapi_bitmap.h: In function 'kapi_bitmap_find_first_zero':
include/kapi_bitmap.h:66:26: warning: conversion from 'long long unsigned int' to 'unsigned int' may change value [-Wconversion]
   66 |     unsigned int longs = (nbits + KAPI_BITS_PER_LONG - 1) / KAPI_BITS_PER_LONG;
      |                          ^
include/kapi_bitmap.h:73:35: warning: conversion to 'int' from 'unsigned int' may change the sign of the result [-Wsign-conversion]
   73 |                     return offset + j;
      |                            ~~~~~~~^~~
include/kapi_bitmap.h: In function 'kapi_bitmap_count':
include/kapi_bitmap.h:84:26: warning: conversion from 'long long unsigned int' to 'unsigned int' may change value [-Wconversion]
   84 |     unsigned int longs = (nbits + KAPI_BITS_PER_LONG - 1) / KAPI_BITS_PER_LONG;
      |                          ^
In file included from include/kapi.h:59:
include/kapi_netlink.h: In function 'kapi_nlmsg_next':
include/kapi_netlink.h:19:37: warning: conversion to 'int' from 'uint32_t' {aka 'unsigned int'} may change the sign of the result [-Wsign-conversion]
   19 | #define KAPI_NLMSG_ALIGNTO          4
      |                                     ^
include/kapi_netlink.h:75:18: note: in expansion of macro 'KAPI_NLMSG_ALIGNTO'
   75 |     int totlen = KAPI_NLMSG_ALIGNTO * ((nlh->nlmsg_len + KAPI_NLMSG_ALIGNTO - 1) / KAPI_NLMSG_ALIGNTO);
      |                  ^~~~~~~~~~~~~~~~~~
In file included from include/kapi.h:59:
include/kapi_netlink.h: In function 'kapi_nlmsg_next':
include/kapi_netlink.h:19:37: warning: conversion to 'int' from 'uint32_t' {aka 'unsigned int'} may change the sign of the result [-Wsign-conversion]
   19 | #define KAPI_NLMSG_ALIGNTO          4
      |                                     ^
include/kapi_netlink.h:75:18: note: in expansion of macro 'KAPI_NLMSG_ALIGNTO'
   75 |     int totlen = KAPI_NLMSG_ALIGNTO * ((nlh->nlmsg_len + KAPI_NLMSG_ALIGNTO - 1) / KAPI_NLMSG_ALIGNTO);
      |                  ^~~~~~~~~~~~~~~~~~
<2> Building kernel/api/kapi_kthread.c
In file included from include/kapi.h:23,
                 from kernel/api/kapi_list.c:4:
include/kapi_bitmap.h: In function 'kapi_bitmap_set_all':
include/kapi_bitmap.h:33:26: warning: conversion from 'long long unsigned int' to 'unsigned int' may change value [-Wconversion]
   33 |     unsigned int longs = (nbits + KAPI_BITS_PER_LONG - 1) / KAPI_BITS_PER_LONG;
      |                          ^
include/kapi_bitmap.h: In function 'kapi_bitmap_clear_all':
include/kapi_bitmap.h:41:26: warning: conversion from 'long long unsigned int' to 'unsigned int' may change value [-Wconversion]
   41 |     unsigned int longs = (nbits + KAPI_BITS_PER_LONG - 1) / KAPI_BITS_PER_LONG;
      |                          ^
include/kapi_bitmap.h: In function 'kapi_bitmap_find_first':
include/kapi_bitmap.h:49:26: warning: conversion from 'long long unsigned int' to 'unsigned int' may change value [-Wconversion]
   49 |     unsigned int longs = (nbits + KAPI_BITS_PER_LONG - 1) / KAPI_BITS_PER_LONG;
      |                          ^
include/kapi_bitmap.h:56:35: warning: conversion to 'int' from 'unsigned int' may change the sign of the result [-Wsign-conversion]
   56 |                     return offset + j;
      |                            ~~~~~~~^~~
include/kapi_bitmap.h: In function 'kapi_bitmap_find_first_zero':
include/kapi_bitmap.h:66:26: warning: conversion from 'long long unsigned int' to 'unsigned int' may change value [-Wconversion]
   66 |     unsigned int longs = (nbits + KAPI_BITS_PER_LONG - 1) / KAPI_BITS_PER_LONG;
      |                          ^
include/kapi_bitmap.h:73:35: warning: conversion to 'int' from 'unsigned int' may change the sign of the result [-Wsign-conversion]
   73 |                     return offset + j;
      |                            ~~~~~~~^~~
include/kapi_bitmap.h: In function 'kapi_bitmap_count':
include/kapi_bitmap.h:84:26: warning: conversion from 'long long unsigned int' to 'unsigned int' may change value [-Wconversion]
   84 |     unsigned int longs = (nbits + KAPI_BITS_PER_LONG - 1) / KAPI_BITS_PER_LONG;
      |                          ^
In file included from include/kapi.h:59:
include/kapi_netlink.h: In function 'kapi_nlmsg_next':
include/kapi_netlink.h:19:37: warning: conversion to 'int' from 'uint32_t' {aka 'unsigned int'} may change the sign of the result [-Wsign-conversion]
   19 | #define KAPI_NLMSG_ALIGNTO          4
      |                                     ^
include/kapi_netlink.h:75:18: note: in expansion of macro 'KAPI_NLMSG_ALIGNTO'
   75 |     int totlen = KAPI_NLMSG_ALIGNTO * ((nlh->nlmsg_len + KAPI_NLMSG_ALIGNTO - 1) / KAPI_NLMSG_ALIGNTO);
      |                  ^~~~~~~~~~~~~~~~~~
In file included from include/kapi.h:23,
                 from kernel/api/kapi_kthread.c:4:
include/kapi_bitmap.h: In function 'kapi_bitmap_set_all':
include/kapi_bitmap.h:33:26: warning: conversion from 'long long unsigned int' to 'unsigned int' may change value [-Wconversion]
   33 |     unsigned int longs = (nbits + KAPI_BITS_PER_LONG - 1) / KAPI_BITS_PER_LONG;
      |                          ^
include/kapi_bitmap.h: In function 'kapi_bitmap_clear_all':
include/kapi_bitmap.h:41:26: warning: conversion from 'long long unsigned int' to 'unsigned int' may change value [-Wconversion]
<3> Building kernel/api/kapi_kobject.c
   41 |     unsigned int longs = (nbits + KAPI_BITS_PER_LONG - 1) / KAPI_BITS_PER_LONG;
      |                          ^
include/kapi_bitmap.h: In function 'kapi_bitmap_find_first':
include/kapi_bitmap.h:49:26: warning: conversion from 'long long unsigned int' to 'unsigned int' may change value [-Wconversion]
   49 |     unsigned int longs = (nbits + KAPI_BITS_PER_LONG - 1) / KAPI_BITS_PER_LONG;
      |                          ^
include/kapi_bitmap.h:56:35: warning: conversion to 'int' from 'unsigned int' may change the sign of the result [-Wsign-conversion]
   56 |                     return offset + j;
      |                            ~~~~~~~^~~
include/kapi_bitmap.h: In function 'kapi_bitmap_find_first_zero':
include/kapi_bitmap.h:66:26: warning: conversion from 'long long unsigned int' to 'unsigned int' may change value [-Wconversion]
   66 |     unsigned int longs = (nbits + KAPI_BITS_PER_LONG - 1) / KAPI_BITS_PER_LONG;
      |                          ^
include/kapi_bitmap.h:73:35: warning: conversion to 'int' from 'unsigned int' may change the sign of the result [-Wsign-conversion]
   73 |                     return offset + j;
      |                            ~~~~~~~^~~
include/kapi_bitmap.h: In function 'kapi_bitmap_count':
include/kapi_bitmap.h:84:26: warning: conversion from 'long long unsigned int' to 'unsigned int' may change value [-Wconversion]
   84 |     unsigned int longs = (nbits + KAPI_BITS_PER_LONG - 1) / KAPI_BITS_PER_LONG;
      |                          ^
In file included from include/kapi.h:59:
include/kapi_netlink.h: In function 'kapi_nlmsg_next':
include/kapi_netlink.h:19:37: warning: conversion to 'int' from 'uint32_t' {aka 'unsigned int'} may change the sign of the result [-Wsign-conversion]
   19 | #define KAPI_NLMSG_ALIGNTO          4
      |                                     ^
include/kapi_netlink.h:75:18: note: in expansion of macro 'KAPI_NLMSG_ALIGNTO'
   75 |     int totlen = KAPI_NLMSG_ALIGNTO * ((nlh->nlmsg_len + KAPI_NLMSG_ALIGNTO - 1) / KAPI_NLMSG_ALIGNTO);
      |                  ^~~~~~~~~~~~~~~~~~
<0> Building kernel/api/kapi_kfifo.c
In file included from include/kapi.h:23,
                 from kernel/api/kapi_kobject.c:2:
include/kapi_bitmap.h: In function 'kapi_bitmap_set_all':
include/kapi_bitmap.h:33:26: warning: conversion from 'long long unsigned int' to 'unsigned int' may change value [-Wconversion]
   33 |     unsigned int longs = (nbits + KAPI_BITS_PER_LONG - 1) / KAPI_BITS_PER_LONG;
      |                          ^
include/kapi_bitmap.h: In function 'kapi_bitmap_clear_all':
include/kapi_bitmap.h:41:26: warning: conversion from 'long long unsigned int' to 'unsigned int' may change value [-Wconversion]
   41 |     unsigned int longs = (nbits + KAPI_BITS_PER_LONG - 1) / KAPI_BITS_PER_LONG;
      |                          ^
include/kapi_bitmap.h: In function 'kapi_bitmap_find_first':
include/kapi_bitmap.h:49:26: warning: conversion from 'long long unsigned int' to 'unsigned int' may change value [-Wconversion]
   49 |     unsigned int longs = (nbits + KAPI_BITS_PER_LONG - 1) / KAPI_BITS_PER_LONG;
      |                          ^
include/kapi_bitmap.h:56:35: warning: conversion to 'int' from 'unsigned int' may change the sign of the result [-Wsign-conversion]
   56 |                     return offset + j;
      |                            ~~~~~~~^~~
include/kapi_bitmap.h: In function 'kapi_bitmap_find_first_zero':
include/kapi_bitmap.h:66:26: warning: conversion from 'long long unsigned int' to 'unsigned int' may change value [-Wconversion]
   66 |     unsigned int longs = (nbits + KAPI_BITS_PER_LONG - 1) / KAPI_BITS_PER_LONG;
      |                          ^
include/kapi_bitmap.h:73:35: warning: conversion to 'int' from 'unsigned int' may change the sign of the result [-Wsign-conversion]
   73 |                     return offset + j;
      |                            ~~~~~~~^~~
include/kapi_bitmap.h: In function 'kapi_bitmap_count':
include/kapi_bitmap.h:84:26: warning: conversion from 'long long unsigned int' to 'unsigned int' may change value [-Wconversion]
   84 |     unsigned int longs = (nbits + KAPI_BITS_PER_LONG - 1) / KAPI_BITS_PER_LONG;
      |                          ^
<1> Building kernel/api/kapi_irq.c
In file included from include/kapi.h:59:
include/kapi_netlink.h: In function 'kapi_nlmsg_next':
include/kapi_netlink.h:19:37: warning: conversion to 'int' from 'uint32_t' {aka 'unsigned int'} may change the sign of the result [-Wsign-conversion]
   19 | #define KAPI_NLMSG_ALIGNTO          4
      |                                     ^
include/kapi_netlink.h:75:18: note: in expansion of macro 'KAPI_NLMSG_ALIGNTO'
   75 |     int totlen = KAPI_NLMSG_ALIGNTO * ((nlh->nlmsg_len + KAPI_NLMSG_ALIGNTO - 1) / KAPI_NLMSG_ALIGNTO);
      |                  ^~~~~~~~~~~~~~~~~~
In file included from include/kapi.h:23,
<2> Building kernel/api/kapi_io.c
                 from kernel/api/kapi_kfifo.c:4:
include/kapi_bitmap.h: In function 'kapi_bitmap_set_all':
include/kapi_bitmap.h:33:26: warning: conversion from 'long long unsigned int' to 'unsigned int' may change value [-Wconversion]
   33 |     unsigned int longs = (nbits + KAPI_BITS_PER_LONG - 1) / KAPI_BITS_PER_LONG;
      |                          ^
include/kapi_bitmap.h: In function 'kapi_bitmap_clear_all':
include/kapi_bitmap.h:41:26: warning: conversion from 'long long unsigned int' to 'unsigned int' may change value [-Wconversion]
   41 |     unsigned int longs = (nbits + KAPI_BITS_PER_LONG - 1) / KAPI_BITS_PER_LONG;
      |                          ^
include/kapi_bitmap.h: In function 'kapi_bitmap_find_first':
include/kapi_bitmap.h:49:26: warning: conversion from 'long long unsigned int' to 'unsigned int' may change value [-Wconversion]
   49 |     unsigned int longs = (nbits + KAPI_BITS_PER_LONG - 1) / KAPI_BITS_PER_LONG;
      |                          ^
include/kapi_bitmap.h:56:35: warning: conversion to 'int' from 'unsigned int' may change the sign of the result [-Wsign-conversion]
   56 |                     return offset + j;
      |                            ~~~~~~~^~~
include/kapi_bitmap.h: In function 'kapi_bitmap_find_first_zero':
include/kapi_bitmap.h:66:26: warning: conversion from 'long long unsigned int' to 'unsigned int' may change value [-Wconversion]
   66 |     unsigned int longs = (nbits + KAPI_BITS_PER_LONG - 1) / KAPI_BITS_PER_LONG;
      |                          ^
include/kapi_bitmap.h:73:35: warning: conversion to 'int' from 'unsigned int' may change the sign of the result [-Wsign-conversion]
   73 |                     return offset + j;
      |                            ~~~~~~~^~~
include/kapi_bitmap.h: In function 'kapi_bitmap_count':
include/kapi_bitmap.h:84:26: warning: conversion from 'long long unsigned int' to 'unsigned int' may change value [-Wconversion]
   84 |     unsigned int longs = (nbits + KAPI_BITS_PER_LONG - 1) / KAPI_BITS_PER_LONG;
      |                          ^
In file included from include/kapi.h:59:
include/kapi_netlink.h: In function 'kapi_nlmsg_next':
include/kapi_netlink.h:19:37: warning: conversion to 'int' from 'uint32_t' {aka 'unsigned int'} may change the sign of the result [-Wsign-conversion]
   19 | #define KAPI_NLMSG_ALIGNTO          4
      |                                     ^
include/kapi_netlink.h:75:18: note: in expansion of macro 'KAPI_NLMSG_ALIGNTO'
   75 |     int totlen = KAPI_NLMSG_ALIGNTO * ((nlh->nlmsg_len + KAPI_NLMSG_ALIGNTO - 1) / KAPI_NLMSG_ALIGNTO);
      |                  ^~~~~~~~~~~~~~~~~~
In file included from include/kapi.h:23,
                 from kernel/api/kapi_irq.c:1:
include/kapi_bitmap.h: In function 'kapi_bitmap_set_all':
include/kapi_bitmap.h:33:26: warning: conversion from 'long long unsigned int' to 'unsigned int' may change value [-Wconversion]
   33 |     unsigned int longs = (nbits + KAPI_BITS_PER_LONG - 1) / KAPI_BITS_PER_LONG;
      |                          ^
include/kapi_bitmap.h: In function 'kapi_bitmap_clear_all':
include/kapi_bitmap.h:41:26: warning: conversion from 'long long unsigned int' to 'unsigned int' may change value [-Wconversion]
   41 |     unsigned int longs = (nbits + KAPI_BITS_PER_LONG - 1) / KAPI_BITS_PER_LONG;
      |                          ^
include/kapi_bitmap.h: In function 'kapi_bitmap_find_first':
include/kapi_bitmap.h:49:26: warning: conversion from 'long long unsigned int' to 'unsigned int' may change value [-Wconversion]
   49 |     unsigned int longs = (nbits + KAPI_BITS_PER_LONG - 1) / KAPI_BITS_PER_LONG;
      |                          ^
include/kapi_bitmap.h:56:35: warning: conversion to 'int' from 'unsigned int' may change the sign of the result [-Wsign-conversion]
   56 |                     return offset + j;
      |                            ~~~~~~~^~~
include/kapi_bitmap.h: In function 'kapi_bitmap_find_first_zero':
include/kapi_bitmap.h:66:26: warning: conversion from 'long long unsigned int' to 'unsigned int' may change value [-Wconversion]
   66 |     unsigned int longs = (nbits + KAPI_BITS_PER_LONG - 1) / KAPI_BITS_PER_LONG;
      |                          ^
include/kapi_bitmap.h:73:35: warning: conversion to 'int' from 'unsigned int' may change the sign of the result [-Wsign-conversion]
   73 |                     return offset + j;
      |                            ~~~~~~~^~~
include/kapi_bitmap.h: In function 'kapi_bitmap_count':
include/kapi_bitmap.h:84:26: warning: conversion from 'long long unsigned int' to 'unsigned int' may change value [-Wconversion]
   84 |     unsigned int longs = (nbits + KAPI_BITS_PER_LONG - 1) / KAPI_BITS_PER_LONG;
      |                          ^
In file included from include/kapi.h:59:
include/kapi_netlink.h: In function 'kapi_nlmsg_next':
include/kapi_netlink.h:19:37: warning: conversion to 'int' from 'uint32_t' {aka 'unsigned int'} may change the sign of the result [-Wsign-conversion]
   19 | #define KAPI_NLMSG_ALIGNTO          4
      |                                     ^
include/kapi_netlink.h:75:18: note: in expansion of macro 'KAPI_NLMSG_ALIGNTO'
   75 |     int totlen = KAPI_NLMSG_ALIGNTO * ((nlh->nlmsg_len + KAPI_NLMSG_ALIGNTO - 1) / KAPI_NLMSG_ALIGNTO);
      |                  ^~~~~~~~~~~~~~~~~~
In file included from include/kapi.h:23,
                 from kernel/api/kapi_io.c:2:
include/kapi_bitmap.h: In function 'kapi_bitmap_set_all':
include/kapi_bitmap.h:33:26: warning: conversion from 'long long unsigned int' to 'unsigned int' may change value [-Wconversion]
   33 |     unsigned int longs = (nbits + KAPI_BITS_PER_LONG - 1) / KAPI_BITS_PER_LONG;
      |                          ^
include/kapi_bitmap.h: In function 'kapi_bitmap_clear_all':
include/kapi_bitmap.h:41:26: warning: conversion from 'long long unsigned int' to 'unsigned int' may change value [-Wconversion]
   41 |     unsigned int longs = (nbits + KAPI_BITS_PER_LONG - 1) / KAPI_BITS_PER_LONG;
      |                          ^
include/kapi_bitmap.h: In function 'kapi_bitmap_find_first':
include/kapi_bitmap.h:49:26: warning: conversion from 'long long unsigned int' to 'unsigned int' may change value [-Wconversion]
   49 |     unsigned int longs = (nbits + KAPI_BITS_PER_LONG - 1) / KAPI_BITS_PER_LONG;
      |                          ^
include/kapi_bitmap.h:56:35: warning: conversion to 'int' from 'unsigned int' may change the sign of the result [-Wsign-conversion]
   56 |                     return offset + j;
      |                            ~~~~~~~^~~
include/kapi_bitmap.h: In function 'kapi_bitmap_find_first_zero':
include/kapi_bitmap.h:66:26: warning: conversion from 'long long unsigned int' to 'unsigned int' may change value [-Wconversion]
   66 |     unsigned int longs = (nbits + KAPI_BITS_PER_LONG - 1) / KAPI_BITS_PER_LONG;
      |                          ^
include/kapi_bitmap.h:73:35: warning: conversion to 'int' from 'unsigned int' may change the sign of the result [-Wsign-conversion]
   73 |                     return offset + j;
      |                            ~~~~~~~^~~
include/kapi_bitmap.h: In function 'kapi_bitmap_count':
include/kapi_bitmap.h:84:26: warning: conversion from 'long long unsigned int' to 'unsigned int' may change value [-Wconversion]
   84 |     unsigned int longs = (nbits + KAPI_BITS_PER_LONG - 1) / KAPI_BITS_PER_LONG;
      |                          ^
In file included from include/kapi.h:59:
include/kapi_netlink.h: In function 'kapi_nlmsg_next':
include/kapi_netlink.h:19:37: warning: conversion to 'int' from 'uint32_t' {aka 'unsigned int'} may change the sign of the result [-Wsign-conversion]
   19 | #define KAPI_NLMSG_ALIGNTO          4
      |                                     ^
include/kapi_netlink.h:75:18: note: in expansion of macro 'KAPI_NLMSG_ALIGNTO'
   75 |     int totlen = KAPI_NLMSG_ALIGNTO * ((nlh->nlmsg_len + KAPI_NLMSG_ALIGNTO - 1) / KAPI_NLMSG_ALIGNTO);
      |                  ^~~~~~~~~~~~~~~~~~
<1> Building kernel/api/kapi_init.c
<0> Building kernel/api/kapi_idr.c
<3> Building kernel/api/kapi_hash.c
In file included from include/kapi.h:23,
                 from kernel/api/kapi_init.c:1:
include/kapi_bitmap.h: In function 'kapi_bitmap_set_all':
include/kapi_bitmap.h:33:26: warning: conversion from 'long long unsigned int' to 'unsigned int' may change value [-Wconversion]
   33 |     unsigned int longs = (nbits + KAPI_BITS_PER_LONG - 1) / KAPI_BITS_PER_LONG;
      |                          ^
include/kapi_bitmap.h: In function 'kapi_bitmap_clear_all':
include/kapi_bitmap.h:41:26: warning: conversion from 'long long unsigned int' to 'unsigned int' may change value [-Wconversion]
   41 |     unsigned int longs = (nbits + KAPI_BITS_PER_LONG - 1) / KAPI_BITS_PER_LONG;
      |                          ^
include/kapi_bitmap.h: In function 'kapi_bitmap_find_first':
include/kapi_bitmap.h:49:26: warning: conversion from 'long long unsigned int' to 'unsigned int' may change value [-Wconversion]
   49 |     unsigned int longs = (nbits + KAPI_BITS_PER_LONG - 1) / KAPI_BITS_PER_LONG;
      |                          ^
include/kapi_bitmap.h:56:35: warning: conversion to 'int' from 'unsigned int' may change the sign of the result [-Wsign-conversion]
   56 |                     return offset + j;
      |                            ~~~~~~~^~~
include/kapi_bitmap.h: In function 'kapi_bitmap_find_first_zero':
include/kapi_bitmap.h:66:26: warning: conversion from 'long long unsigned int' to 'unsigned int' may change value [-Wconversion]
   66 |     unsigned int longs = (nbits + KAPI_BITS_PER_LONG - 1) / KAPI_BITS_PER_LONG;
      |                          ^
include/kapi_bitmap.h:73:35: warning: conversion to 'int' from 'unsigned int' may change the sign of the result [-Wsign-conversion]
   73 |                     return offset + j;
      |                            ~~~~~~~^~~
include/kapi_bitmap.h: In function 'kapi_bitmap_count':
include/kapi_bitmap.h:84:26: warning: conversion from 'long long unsigned int' to 'unsigned int' may change value [-Wconversion]
   84 |     unsigned int longs = (nbits + KAPI_BITS_PER_LONG - 1) / KAPI_BITS_PER_LONG;
      |                          ^
In file included from include/kapi.h:59:
include/kapi_netlink.h: In function 'kapi_nlmsg_next':
include/kapi_netlink.h:19:37: warning: conversion to 'int' from 'uint32_t' {aka 'unsigned int'} may change the sign of the result [-Wsign-conversion]
   19 | #define KAPI_NLMSG_ALIGNTO          4
      |                                     ^
include/kapi_netlink.h:75:18: note: in expansion of macro 'KAPI_NLMSG_ALIGNTO'
   75 |     int totlen = KAPI_NLMSG_ALIGNTO * ((nlh->nlmsg_len + KAPI_NLMSG_ALIGNTO - 1) / KAPI_NLMSG_ALIGNTO);
      |                  ^~~~~~~~~~~~~~~~~~
In file included from include/kapi.h:23,
                 from kernel/api/kapi_idr.c:4:
include/kapi_bitmap.h: In function 'kapi_bitmap_set_all':
include/kapi_bitmap.h:33:26: warning: conversion from 'long long unsigned int' to 'unsigned int' may change value [-Wconversion]
   33 |     unsigned int longs = (nbits + KAPI_BITS_PER_LONG - 1) / KAPI_BITS_PER_LONG;
      |                          ^
include/kapi_bitmap.h: In function 'kapi_bitmap_clear_all':
include/kapi_bitmap.h:41:26: warning: conversion from 'long long unsigned int' to 'unsigned int' may change value [-Wconversion]
   41 |     unsigned int longs = (nbits + KAPI_BITS_PER_LONG - 1) / KAPI_BITS_PER_LONG;
      |                          ^
include/kapi_bitmap.h: In function 'kapi_bitmap_find_first':
include/kapi_bitmap.h:49:26: warning: conversion from 'long long unsigned int' to 'unsigned int' may change value [-Wconversion]
   49 |     unsigned int longs = (nbits + KAPI_BITS_PER_LONG - 1) / KAPI_BITS_PER_LONG;
      |                          ^
include/kapi_bitmap.h:56:35: warning: conversion to 'int' from 'unsigned int' may change the sign of the result [-Wsign-conversion]
   56 |                     return offset + j;
      |                            ~~~~~~~^~~
include/kapi_bitmap.h: In function 'kapi_bitmap_find_first_zero':
include/kapi_bitmap.h:66:26: warning: conversion from 'long long unsigned int' to 'unsigned int' may change value [-Wconversion]
   66 |     unsigned int longs = (nbits + KAPI_BITS_PER_LONG - 1) / KAPI_BITS_PER_LONG;
      |                          ^
include/kapi_bitmap.h:73:35: warning: conversion to 'int' from 'unsigned int' may change the sign of the result [-Wsign-conversion]
   73 |                     return offset + j;
      |                            ~~~~~~~^~~
include/kapi_bitmap.h: In function 'kapi_bitmap_count':
include/kapi_bitmap.h:84:26: warning: conversion from 'long long unsigned int' to 'unsigned int' may change value [-Wconversion]
   84 |     unsigned int longs = (nbits + KAPI_BITS_PER_LONG - 1) / KAPI_BITS_PER_LONG;
      |                          ^
In file included from include/kapi.h:59:
include/kapi_netlink.h: In function 'kapi_nlmsg_next':
include/kapi_netlink.h:19:37: warning: conversion to 'int' from 'uint32_t' {aka 'unsigned int'} may change the sign of the result [-Wsign-conversion]
   19 | #define KAPI_NLMSG_ALIGNTO          4
      |                                     ^
include/kapi_netlink.h:75:18: note: in expansion of macro 'KAPI_NLMSG_ALIGNTO'
   75 |     int totlen = KAPI_NLMSG_ALIGNTO * ((nlh->nlmsg_len + KAPI_NLMSG_ALIGNTO - 1) / KAPI_NLMSG_ALIGNTO);
      |                  ^~~~~~~~~~~~~~~~~~
kernel/api/kapi_idr.c: In function 'kapi_idr_alloc':
kernel/api/kapi_idr.c:41:28: warning: conversion to 'long long unsigned int' from 'int' may change the sign of the result [-Wsign-conversion]
   41 |             idr->bitmap[id / (sizeof(unsigned long) * 8)] |= (1UL << (id % (sizeof(unsigned long) * 8)));
      |                            ^
kernel/api/kapi_idr.c:41:74: warning: conversion to 'long long unsigned int' from 'int' may change the sign of the result [-Wsign-conversion]
   41 |             idr->bitmap[id / (sizeof(unsigned long) * 8)] |= (1UL << (id % (sizeof(unsigned long) * 8)));
      |                                                                          ^
kernel/api/kapi_idr.c: In function 'kapi_idr_free':
kernel/api/kapi_idr.c:57:20: warning: conversion to 'long long unsigned int' from 'int' may change the sign of the result [-Wsign-conversion]
   57 |     idr->bitmap[id / (sizeof(unsigned long) * 8)] &= ~(1UL << (id % (sizeof(unsigned long) * 8)));
      |                    ^
kernel/api/kapi_idr.c:57:67: warning: conversion to 'long long unsigned int' from 'int' may change the sign of the result [-Wsign-conversion]
   57 |     idr->bitmap[id / (sizeof(unsigned long) * 8)] &= ~(1UL << (id % (sizeof(unsigned long) * 8)));
      |                                                                   ^
kernel/api/kapi_idr.c: In function 'kapi_idr_alloc_fixed':
kernel/api/kapi_idr.c:80:20: warning: conversion to 'long long unsigned int' from 'int' may change the sign of the result [-Wsign-conversion]
   80 |     idr->bitmap[id / (sizeof(unsigned long) * 8)] |= (1UL << (id % (sizeof(unsigned long) * 8)));
      |                    ^
kernel/api/kapi_idr.c:80:66: warning: conversion to 'long long unsigned int' from 'int' may change the sign of the result [-Wsign-conversion]
   80 |     idr->bitmap[id / (sizeof(unsigned long) * 8)] |= (1UL << (id % (sizeof(unsigned long) * 8)));
      |                                                                  ^
In file included from include/kapi.h:23,
<2> Building kernel/api/kapi_ftrace.c
                 from kernel/api/kapi_hash.c:2:
include/kapi_bitmap.h: In function 'kapi_bitmap_set_all':
include/kapi_bitmap.h:33:26: warning: conversion from 'long long unsigned int' to 'unsigned int' may change value [-Wconversion]
   33 |     unsigned int longs = (nbits + KAPI_BITS_PER_LONG - 1) / KAPI_BITS_PER_LONG;
      |                          ^
include/kapi_bitmap.h: In function 'kapi_bitmap_clear_all':
include/kapi_bitmap.h:41:26: warning: conversion from 'long long unsigned int' to 'unsigned int' may change value [-Wconversion]
   41 |     unsigned int longs = (nbits + KAPI_BITS_PER_LONG - 1) / KAPI_BITS_PER_LONG;
      |                          ^
include/kapi_bitmap.h: In function 'kapi_bitmap_find_first':
include/kapi_bitmap.h:49:26: warning: conversion from 'long long unsigned int' to 'unsigned int' may change value [-Wconversion]
   49 |     unsigned int longs = (nbits + KAPI_BITS_PER_LONG - 1) / KAPI_BITS_PER_LONG;
      |                          ^
include/kapi_bitmap.h:56:35: warning: conversion to 'int' from 'unsigned int' may change the sign of the result [-Wsign-conversion]
   56 |                     return offset + j;
      |                            ~~~~~~~^~~
include/kapi_bitmap.h: In function 'kapi_bitmap_find_first_zero':
include/kapi_bitmap.h:66:26: warning: conversion from 'long long unsigned int' to 'unsigned int' may change value [-Wconversion]
   66 |     unsigned int longs = (nbits + KAPI_BITS_PER_LONG - 1) / KAPI_BITS_PER_LONG;
      |                          ^
include/kapi_bitmap.h:73:35: warning: conversion to 'int' from 'unsigned int' may change the sign of the result [-Wsign-conversion]
   73 |                     return offset + j;
      |                            ~~~~~~~^~~
include/kapi_bitmap.h: In function 'kapi_bitmap_count':
include/kapi_bitmap.h:84:26: warning: conversion from 'long long unsigned int' to 'unsigned int' may change value [-Wconversion]
   84 |     unsigned int longs = (nbits + KAPI_BITS_PER_LONG - 1) / KAPI_BITS_PER_LONG;
      |                          ^
In file included from include/kapi.h:59:
include/kapi_netlink.h: In function 'kapi_nlmsg_next':
include/kapi_netlink.h:19:37: warning: conversion to 'int' from 'uint32_t' {aka 'unsigned int'} may change the sign of the result [-Wsign-conversion]
   19 | #define KAPI_NLMSG_ALIGNTO          4
      |                                     ^
include/kapi_netlink.h:75:18: note: in expansion of macro 'KAPI_NLMSG_ALIGNTO'
   75 |     int totlen = KAPI_NLMSG_ALIGNTO * ((nlh->nlmsg_len + KAPI_NLMSG_ALIGNTO - 1) / KAPI_NLMSG_ALIGNTO);
      |                  ^~~~~~~~~~~~~~~~~~
In file included from kernel/api/kapi_hash.c:1:
kernel/api/kapi_hash.c: In function 'kapi_hash_resize':
include/kapi_hash.h:107:38: warning: ISO C forbids braced-groups within expressions [-Wpedantic]
  107 |     for (pos = (head)->first; pos && ({ n = pos->next; 1; }); pos = n)
      |                                      ^
kernel/api/kapi_hash.c:185:9: note: in expansion of macro 'kapi_hlist_for_each_safe'
  185 |         kapi_hlist_for_each_safe(pos, n, &ht->buckets[i]) {
      |         ^~~~~~~~~~~~~~~~~~~~~~~~
<1> Building kernel/api/kapi_fs.c
In file included from include/kapi.h:23,
                 from kernel/api/kapi_ftrace.c:2:
include/kapi_bitmap.h: In function 'kapi_bitmap_set_all':
include/kapi_bitmap.h:33:26: warning: conversion from 'long long unsigned int' to 'unsigned int' may change value [-Wconversion]
   33 |     unsigned int longs = (nbits + KAPI_BITS_PER_LONG - 1) / KAPI_BITS_PER_LONG;
      |                          ^
include/kapi_bitmap.h: In function 'kapi_bitmap_clear_all':
include/kapi_bitmap.h:41:26: warning: conversion from 'long long unsigned int' to 'unsigned int' may change value [-Wconversion]
   41 |     unsigned int longs = (nbits + KAPI_BITS_PER_LONG - 1) / KAPI_BITS_PER_LONG;
      |                          ^
include/kapi_bitmap.h: In function 'kapi_bitmap_find_first':
include/kapi_bitmap.h:49:26: warning: conversion from 'long long unsigned int' to 'unsigned int' may change value [-Wconversion]
   49 |     unsigned int longs = (nbits + KAPI_BITS_PER_LONG - 1) / KAPI_BITS_PER_LONG;
      |                          ^
include/kapi_bitmap.h:56:35: warning: conversion to 'int' from 'unsigned int' may change the sign of the result [-Wsign-conversion]
   56 |                     return offset + j;
      |                            ~~~~~~~^~~
include/kapi_bitmap.h: In function 'kapi_bitmap_find_first_zero':
include/kapi_bitmap.h:66:26: warning: conversion from 'long long unsigned int' to 'unsigned int' may change value [-Wconversion]
   66 |     unsigned int longs = (nbits + KAPI_BITS_PER_LONG - 1) / KAPI_BITS_PER_LONG;
      |                          ^
include/kapi_bitmap.h:73:35: warning: conversion to 'int' from 'unsigned int' may change the sign of the result [-Wsign-conversion]
   73 |                     return offset + j;
      |                            ~~~~~~~^~~
include/kapi_bitmap.h: In function 'kapi_bitmap_count':
include/kapi_bitmap.h:84:26: warning: conversion from 'long long unsigned int' to 'unsigned int' may change value [-Wconversion]
   84 |     unsigned int longs = (nbits + KAPI_BITS_PER_LONG - 1) / KAPI_BITS_PER_LONG;
      |                          ^
In file included from include/kapi.h:59:
include/kapi_netlink.h: In function 'kapi_nlmsg_next':
include/kapi_netlink.h:19:37: warning: conversion to 'int' from 'uint32_t' {aka 'unsigned int'} may change the sign of the result [-Wsign-conversion]
   19 | #define KAPI_NLMSG_ALIGNTO          4
      |                                     ^
include/kapi_netlink.h:75:18: note: in expansion of macro 'KAPI_NLMSG_ALIGNTO'
   75 |     int totlen = KAPI_NLMSG_ALIGNTO * ((nlh->nlmsg_len + KAPI_NLMSG_ALIGNTO - 1) / KAPI_NLMSG_ALIGNTO);
      |                  ^~~~~~~~~~~~~~~~~~
<0> Building kernel/api/kapi_dma.c
In file included from include/kapi.h:23,
                 from kernel/api/kapi_fs.c:4:
include/kapi_bitmap.h: In function 'kapi_bitmap_set_all':
include/kapi_bitmap.h:33:26: warning: conversion from 'long long unsigned int' to 'unsigned int' may change value [-Wconversion]
   33 |     unsigned int longs = (nbits + KAPI_BITS_PER_LONG - 1) / KAPI_BITS_PER_LONG;
      |                          ^
include/kapi_bitmap.h: In function 'kapi_bitmap_clear_all':
include/kapi_bitmap.h:41:26: warning: conversion from 'long long unsigned int' to 'unsigned int' may change value [-Wconversion]
   41 |     unsigned int longs = (nbits + KAPI_BITS_PER_LONG - 1) / KAPI_BITS_PER_LONG;
      |                          ^
include/kapi_bitmap.h: In function 'kapi_bitmap_find_first':
include/kapi_bitmap.h:49:26: warning: conversion from 'long long unsigned int' to 'unsigned int' may change value [-Wconversion]
   49 |     unsigned int longs = (nbits + KAPI_BITS_PER_LONG - 1) / KAPI_BITS_PER_LONG;
      |                          ^
include/kapi_bitmap.h:56:35: warning: conversion to 'int' from 'unsigned int' may change the sign of the result [-Wsign-conversion]
   56 |                     return offset + j;
      |                            ~~~~~~~^~~
include/kapi_bitmap.h: In function 'kapi_bitmap_find_first_zero':
include/kapi_bitmap.h:66:26: warning: conversion from 'long long unsigned int' to 'unsigned int' may change value [-Wconversion]
   66 |     unsigned int longs = (nbits + KAPI_BITS_PER_LONG - 1) / KAPI_BITS_PER_LONG;
      |                          ^
include/kapi_bitmap.h:73:35: warning: conversion to 'int' from 'unsigned int' may change the sign of the result [-Wsign-conversion]
   73 |                     return offset + j;
      |                            ~~~~~~~^~~
include/kapi_bitmap.h: In function 'kapi_bitmap_count':
include/kapi_bitmap.h:84:26: warning: conversion from 'long long unsigned int' to 'unsigned int' may change value [-Wconversion]
   84 |     unsigned int longs = (nbits + KAPI_BITS_PER_LONG - 1) / KAPI_BITS_PER_LONG;
      |                          ^
In file included from include/kapi.h:59:
include/kapi_netlink.h: In function 'kapi_nlmsg_next':
include/kapi_netlink.h:19:37: warning: conversion to 'int' from 'uint32_t' {aka 'unsigned int'} may change the sign of the result [-Wsign-conversion]
   19 | #define KAPI_NLMSG_ALIGNTO          4
      |                                     ^
include/kapi_netlink.h:75:18: note: in expansion of macro 'KAPI_NLMSG_ALIGNTO'
   75 |     int totlen = KAPI_NLMSG_ALIGNTO * ((nlh->nlmsg_len + KAPI_NLMSG_ALIGNTO - 1) / KAPI_NLMSG_ALIGNTO);
      |                  ^~~~~~~~~~~~~~~~~~
kernel/api/kapi_fs.c: In function 'kapi_open':
kernel/api/kapi_fs.c:121:45: warning: unused parameter 'flags' [-Wunused-parameter]
  121 | kapi_file_t kapi_open(const char* path, int flags, int mode)
      |                                         ~~~~^~~~~
kernel/api/kapi_fs.c:121:56: warning: unused parameter 'mode' [-Wunused-parameter]
  121 | kapi_file_t kapi_open(const char* path, int flags, int mode)
      |                                                    ~~~~^~~~
kernel/api/kapi_fs.c: In function 'kapi_seek':
kernel/api/kapi_fs.c:180:57: warning: unused parameter 'whence' [-Wunused-parameter]
  180 | int64_t kapi_seek(kapi_file_t file, int64_t offset, int whence)
      |                                                     ~~~~^~~~~~
In file included from include/kapi.h:23,
                 from kernel/api/kapi_dma.c:2:
include/kapi_bitmap.h: In function 'kapi_bitmap_set_all':
include/kapi_bitmap.h:33:26: warning: conversion from 'long long unsigned int' to 'unsigned int' may change value [-Wconversion]
   33 |     unsigned int longs = (nbits + KAPI_BITS_PER_LONG - 1) / KAPI_BITS_PER_LONG;
      |                          ^
include/kapi_bitmap.h: In function 'kapi_bitmap_clear_all':
include/kapi_bitmap.h:41:26: warning: conversion from 'long long unsigned int' to 'unsigned int' may change value [-Wconversion]
   41 |     unsigned int longs = (nbits + KAPI_BITS_PER_LONG - 1) / KAPI_BITS_PER_LONG;
      |                          ^
include/kapi_bitmap.h: In function 'kapi_bitmap_find_first':
include/kapi_bitmap.h:49:26: warning: conversion from 'long long unsigned int' to 'unsigned int' may change value [-Wconversion]
   49 |     unsigned int longs = (nbits + KAPI_BITS_PER_LONG - 1) / KAPI_BITS_PER_LONG;
      |                          ^
include/kapi_bitmap.h:56:35: warning: conversion to 'int' from 'unsigned int' may change the sign of the result [-Wsign-conversion]
   56 |                     return offset + j;
      |                            ~~~~~~~^~~
include/kapi_bitmap.h: In function 'kapi_bitmap_find_first_zero':
include/kapi_bitmap.h:66:26: warning: conversion from 'long long unsigned int' to 'unsigned int' may change value [-Wconversion]
   66 |     unsigned int longs = (nbits + KAPI_BITS_PER_LONG - 1) / KAPI_BITS_PER_LONG;
      |                          ^
include/kapi_bitmap.h:73:35: warning: conversion to 'int' from 'unsigned int' may change the sign of the result [-Wsign-conversion]
   73 |                     return offset + j;
      |                            ~~~~~~~^~~
include/kapi_bitmap.h: In function 'kapi_bitmap_count':
include/kapi_bitmap.h:84:26: warning: conversion from 'long long unsigned int' to 'unsigned int' may change value [-Wconversion]
   84 |     unsigned int longs = (nbits + KAPI_BITS_PER_LONG - 1) / KAPI_BITS_PER_LONG;
      |                          ^
In file included from include/kapi.h:59:
include/kapi_netlink.h: In function 'kapi_nlmsg_next':
include/kapi_netlink.h:19:37: warning: conversion to 'int' from 'uint32_t' {aka 'unsigned int'} may change the sign of the result [-Wsign-conversion]
   19 | #define KAPI_NLMSG_ALIGNTO          4
      |                                     ^
include/kapi_netlink.h:75:18: note: in expansion of macro 'KAPI_NLMSG_ALIGNTO'
   75 |     int totlen = KAPI_NLMSG_ALIGNTO * ((nlh->nlmsg_len + KAPI_NLMSG_ALIGNTO - 1) / KAPI_NLMSG_ALIGNTO);
      |                  ^~~~~~~~~~~~~~~~~~
<3> Building kernel/api/kapi_device.c
<2> Building kernel/api/kapi_debugfs.c
In file included from include/kapi.h:23,
                 from kernel/api/kapi_device.c:4:
include/kapi_bitmap.h: In function 'kapi_bitmap_set_all':
include/kapi_bitmap.h:33:26: warning: conversion from 'long long unsigned int' to 'unsigned int' may change value [-Wconversion]
   33 |     unsigned int longs = (nbits + KAPI_BITS_PER_LONG - 1) / KAPI_BITS_PER_LONG;
      |                          ^
include/kapi_bitmap.h: In function 'kapi_bitmap_clear_all':
include/kapi_bitmap.h:41:26: warning: conversion from 'long long unsigned int' to 'unsigned int' may change value [-Wconversion]
   41 |     unsigned int longs = (nbits + KAPI_BITS_PER_LONG - 1) / KAPI_BITS_PER_LONG;
      |                          ^
include/kapi_bitmap.h: In function 'kapi_bitmap_find_first':
include/kapi_bitmap.h:49:26: warning: conversion from 'long long unsigned int' to 'unsigned int' may change value [-Wconversion]
   49 |     unsigned int longs = (nbits + KAPI_BITS_PER_LONG - 1) / KAPI_BITS_PER_LONG;
      |                          ^
include/kapi_bitmap.h:56:35: warning: conversion to 'int' from 'unsigned int' may change the sign of the result [-Wsign-conversion]
   56 |                     return offset + j;
      |                            ~~~~~~~^~~
include/kapi_bitmap.h: In function 'kapi_bitmap_find_first_zero':
include/kapi_bitmap.h:66:26: warning: conversion from 'long long unsigned int' to 'unsigned int' may change value [-Wconversion]
   66 |     unsigned int longs = (nbits + KAPI_BITS_PER_LONG - 1) / KAPI_BITS_PER_LONG;
      |                          ^
include/kapi_bitmap.h:73:35: warning: conversion to 'int' from 'unsigned int' may change the sign of the result [-Wsign-conversion]
   73 |                     return offset + j;
      |                            ~~~~~~~^~~
include/kapi_bitmap.h: In function 'kapi_bitmap_count':
include/kapi_bitmap.h:84:26: warning: conversion from 'long long unsigned int' to 'unsigned int' may change value [-Wconversion]
   84 |     unsigned int longs = (nbits + KAPI_BITS_PER_LONG - 1) / KAPI_BITS_PER_LONG;
      |                          ^
In file included from include/kapi.h:59:
include/kapi_netlink.h: In function 'kapi_nlmsg_next':
include/kapi_netlink.h:19:37: warning: conversion to 'int' from 'uint32_t' {aka 'unsigned int'} may change the sign of the result [-Wsign-conversion]
   19 | #define KAPI_NLMSG_ALIGNTO          4
      |                                     ^
include/kapi_netlink.h:75:18: note: in expansion of macro 'KAPI_NLMSG_ALIGNTO'
   75 |     int totlen = KAPI_NLMSG_ALIGNTO * ((nlh->nlmsg_len + KAPI_NLMSG_ALIGNTO - 1) / KAPI_NLMSG_ALIGNTO);
      |                  ^~~~~~~~~~~~~~~~~~
kernel/api/kapi_device.c: In function 'kapi_dev_open':
kernel/api/kapi_device.c:134:48: warning: unused parameter 'mode' [-Wunused-parameter]
  134 | kapi_dev_t kapi_dev_open(const char* name, int mode)
      |                                            ~~~~^~~~
kernel/api/kapi_device.c: In function 'kapi_dev_ioctl':
kernel/api/kapi_device.c:282:45: warning: unused parameter 'cmd' [-Wunused-parameter]
  282 | int kapi_dev_ioctl(kapi_dev_t dev, uint32_t cmd, void* arg)
      |                                    ~~~~~~~~~^~~
kernel/api/kapi_device.c:282:56: warning: unused parameter 'arg' [-Wunused-parameter]
  282 | int kapi_dev_ioctl(kapi_dev_t dev, uint32_t cmd, void* arg)
      |                                                  ~~~~~~^~~
kernel/api/kapi_device.c: In function 'kapi_dma_wait':
kernel/api/kapi_device.c:366:28: warning: unused parameter 'timeout_ms' [-Wunused-parameter]
  366 | int kapi_dma_wait(uint64_t timeout_ms)
      |                   ~~~~~~~~~^~~~~~~~~~
In file included from include/kapi.h:23,
                 from kernel/api/kapi_debugfs.c:2:
include/kapi_bitmap.h: In function 'kapi_bitmap_set_all':
include/kapi_bitmap.h:33:26: warning: conversion from 'long long unsigned int' to 'unsigned int' may change value [-Wconversion]
   33 |     unsigned int longs = (nbits + KAPI_BITS_PER_LONG - 1) / KAPI_BITS_PER_LONG;
      |                          ^
include/kapi_bitmap.h: In function 'kapi_bitmap_clear_all':
include/kapi_bitmap.h:41:26: warning: conversion from 'long long unsigned int' to 'unsigned int' may change value [-Wconversion]
   41 |     unsigned int longs = (nbits + KAPI_BITS_PER_LONG - 1) / KAPI_BITS_PER_LONG;
      |                          ^
include/kapi_bitmap.h: In function 'kapi_bitmap_find_first':
include/kapi_bitmap.h:49:26: warning: conversion from 'long long unsigned int' to 'unsigned int' may change value [-Wconversion]
   49 |     unsigned int longs = (nbits + KAPI_BITS_PER_LONG - 1) / KAPI_BITS_PER_LONG;
      |                          ^
include/kapi_bitmap.h:56:35: warning: conversion to 'int' from 'unsigned int' may change the sign of the result [-Wsign-conversion]
   56 |                     return offset + j;
      |                            ~~~~~~~^~~
include/kapi_bitmap.h: In function 'kapi_bitmap_find_first_zero':
include/kapi_bitmap.h:66:26: warning: conversion from 'long long unsigned int' to 'unsigned int' may change value [-Wconversion]
   66 |     unsigned int longs = (nbits + KAPI_BITS_PER_LONG - 1) / KAPI_BITS_PER_LONG;
      |                          ^
include/kapi_bitmap.h:73:35: warning: conversion to 'int' from 'unsigned int' may change the sign of the result [-Wsign-conversion]
   73 |                     return offset + j;
      |                            ~~~~~~~^~~
include/kapi_bitmap.h: In function 'kapi_bitmap_count':
include/kapi_bitmap.h:84:26: warning: conversion from 'long long unsigned int' to 'unsigned int' may change value [-Wconversion]
   84 |     unsigned int longs = (nbits + KAPI_BITS_PER_LONG - 1) / KAPI_BITS_PER_LONG;
      |                          ^
In file included from include/kapi.h:59:
include/kapi_netlink.h: In function 'kapi_nlmsg_next':
include/kapi_netlink.h:19:37: warning: conversion to 'int' from 'uint32_t' {aka 'unsigned int'} may change the sign of the result [-Wsign-conversion]
   19 | #define KAPI_NLMSG_ALIGNTO          4
      |                                     ^
include/kapi_netlink.h:75:18: note: in expansion of macro 'KAPI_NLMSG_ALIGNTO'
   75 |     int totlen = KAPI_NLMSG_ALIGNTO * ((nlh->nlmsg_len + KAPI_NLMSG_ALIGNTO - 1) / KAPI_NLMSG_ALIGNTO);
      |                  ^~~~~~~~~~~~~~~~~~
<0> Building kernel/api/kapi_crc.c
<1> Building kernel/api/kapi_cpumask.c
In file included from include/kapi.h:23,
                 from kernel/api/kapi_crc.c:1:
include/kapi_bitmap.h: In function 'kapi_bitmap_set_all':
include/kapi_bitmap.h:33:26: warning: conversion from 'long long unsigned int' to 'unsigned int' may change value [-Wconversion]
   33 |     unsigned int longs = (nbits + KAPI_BITS_PER_LONG - 1) / KAPI_BITS_PER_LONG;
      |                          ^
include/kapi_bitmap.h: In function 'kapi_bitmap_clear_all':
include/kapi_bitmap.h:41:26: warning: conversion from 'long long unsigned int' to 'unsigned int' may change value [-Wconversion]
   41 |     unsigned int longs = (nbits + KAPI_BITS_PER_LONG - 1) / KAPI_BITS_PER_LONG;
      |                          ^
include/kapi_bitmap.h: In function 'kapi_bitmap_find_first':
include/kapi_bitmap.h:49:26: warning: conversion from 'long long unsigned int' to 'unsigned int' may change value [-Wconversion]
   49 |     unsigned int longs = (nbits + KAPI_BITS_PER_LONG - 1) / KAPI_BITS_PER_LONG;
      |                          ^
include/kapi_bitmap.h:56:35: warning: conversion to 'int' from 'unsigned int' may change the sign of the result [-Wsign-conversion]
   56 |                     return offset + j;
      |                            ~~~~~~~^~~
include/kapi_bitmap.h: In function 'kapi_bitmap_find_first_zero':
include/kapi_bitmap.h:66:26: warning: conversion from 'long long unsigned int' to 'unsigned int' may change value [-Wconversion]
   66 |     unsigned int longs = (nbits + KAPI_BITS_PER_LONG - 1) / KAPI_BITS_PER_LONG;
      |                          ^
include/kapi_bitmap.h:73:35: warning: conversion to 'int' from 'unsigned int' may change the sign of the result [-Wsign-conversion]
   73 |                     return offset + j;
      |                            ~~~~~~~^~~
include/kapi_bitmap.h: In function 'kapi_bitmap_count':
include/kapi_bitmap.h:84:26: warning: conversion from 'long long unsigned int' to 'unsigned int' may change value [-Wconversion]
   84 |     unsigned int longs = (nbits + KAPI_BITS_PER_LONG - 1) / KAPI_BITS_PER_LONG;
      |                          ^
In file included from include/kapi.h:23,
                 from kernel/api/kapi_cpumask.c:4:
include/kapi_bitmap.h: In function 'kapi_bitmap_set_all':
include/kapi_bitmap.h:33:26: warning: conversion from 'long long unsigned int' to 'unsigned int' may change value [-Wconversion]
   33 |     unsigned int longs = (nbits + KAPI_BITS_PER_LONG - 1) / KAPI_BITS_PER_LONG;
      |                          ^
include/kapi_bitmap.h: In function 'kapi_bitmap_clear_all':
include/kapi_bitmap.h:41:26: warning: conversion from 'long long unsigned int' to 'unsigned int' may change value [-Wconversion]
   41 |     unsigned int longs = (nbits + KAPI_BITS_PER_LONG - 1) / KAPI_BITS_PER_LONG;
      |                          ^
include/kapi_bitmap.h: In function 'kapi_bitmap_find_first':
include/kapi_bitmap.h:49:26: warning: conversion from 'long long unsigned int' to 'unsigned int' may change value [-Wconversion]
   49 |     unsigned int longs = (nbits + KAPI_BITS_PER_LONG - 1) / KAPI_BITS_PER_LONG;
      |                          ^
include/kapi_bitmap.h:56:35: warning: conversion to 'int' from 'unsigned int' may change the sign of the result [-Wsign-conversion]
   56 |                     return offset + j;
      |                            ~~~~~~~^~~
include/kapi_bitmap.h: In function 'kapi_bitmap_find_first_zero':
include/kapi_bitmap.h:66:26: warning: conversion from 'long long unsigned int' to 'unsigned int' may change value [-Wconversion]
   66 |     unsigned int longs = (nbits + KAPI_BITS_PER_LONG - 1) / KAPI_BITS_PER_LONG;
      |                          ^
include/kapi_bitmap.h:73:35: warning: conversion to 'int' from 'unsigned int' may change the sign of the result [-Wsign-conversion]
   73 |                     return offset + j;
      |                            ~~~~~~~^~~
include/kapi_bitmap.h: In function 'kapi_bitmap_count':
include/kapi_bitmap.h:84:26: warning: conversion from 'long long unsigned int' to 'unsigned int' may change value [-Wconversion]
   84 |     unsigned int longs = (nbits + KAPI_BITS_PER_LONG - 1) / KAPI_BITS_PER_LONG;
      |                          ^
In file included from include/kapi.h:59:
include/kapi_netlink.h: In function 'kapi_nlmsg_next':
include/kapi_netlink.h:19:37: warning: conversion to 'int' from 'uint32_t' {aka 'unsigned int'} may change the sign of the result [-Wsign-conversion]
   19 | #define KAPI_NLMSG_ALIGNTO          4
      |                                     ^
include/kapi_netlink.h:75:18: note: in expansion of macro 'KAPI_NLMSG_ALIGNTO'
   75 |     int totlen = KAPI_NLMSG_ALIGNTO * ((nlh->nlmsg_len + KAPI_NLMSG_ALIGNTO - 1) / KAPI_NLMSG_ALIGNTO);
      |                  ^~~~~~~~~~~~~~~~~~
In file included from include/kapi.h:59:
include/kapi_netlink.h: In function 'kapi_nlmsg_next':
include/kapi_netlink.h:19:37: warning: conversion to 'int' from 'uint32_t' {aka 'unsigned int'} may change the sign of the result [-Wsign-conversion]
   19 | #define KAPI_NLMSG_ALIGNTO          4
      |                                     ^
include/kapi_netlink.h:75:18: note: in expansion of macro 'KAPI_NLMSG_ALIGNTO'
   75 |     int totlen = KAPI_NLMSG_ALIGNTO * ((nlh->nlmsg_len + KAPI_NLMSG_ALIGNTO - 1) / KAPI_NLMSG_ALIGNTO);
      |                  ^~~~~~~~~~~~~~~~~~
<3> Building kernel/api/kapi_completion.c
<0> Building kernel/api/kapi_cdev.c
In file included from include/kapi.h:23,
                 from kernel/api/kapi_completion.c:4:
include/kapi_bitmap.h: In function 'kapi_bitmap_set_all':
include/kapi_bitmap.h:33:26: warning: conversion from 'long long unsigned int' to 'unsigned int' may change value [-Wconversion]
   33 |     unsigned int longs = (nbits + KAPI_BITS_PER_LONG - 1) / KAPI_BITS_PER_LONG;
      |                          ^
include/kapi_bitmap.h: In function 'kapi_bitmap_clear_all':
include/kapi_bitmap.h:41:26: warning: conversion from 'long long unsigned int' to 'unsigned int' may change value [-Wconversion]
   41 |     unsigned int longs = (nbits + KAPI_BITS_PER_LONG - 1) / KAPI_BITS_PER_LONG;
      |                          ^
include/kapi_bitmap.h: In function 'kapi_bitmap_find_first':
include/kapi_bitmap.h:49:26: warning: conversion from 'long long unsigned int' to 'unsigned int' may change value [-Wconversion]
   49 |     unsigned int longs = (nbits + KAPI_BITS_PER_LONG - 1) / KAPI_BITS_PER_LONG;
      |                          ^
include/kapi_bitmap.h:56:35: warning: conversion to 'int' from 'unsigned int' may change the sign of the result [-Wsign-conversion]
   56 |                     return offset + j;
      |                            ~~~~~~~^~~
include/kapi_bitmap.h: In function 'kapi_bitmap_find_first_zero':
include/kapi_bitmap.h:66:26: warning: conversion from 'long long unsigned int' to 'unsigned int' may change value [-Wconversion]
   66 |     unsigned int longs = (nbits + KAPI_BITS_PER_LONG - 1) / KAPI_BITS_PER_LONG;
      |                          ^
include/kapi_bitmap.h:73:35: warning: conversion to 'int' from 'unsigned int' may change the sign of the result [-Wsign-conversion]
   73 |                     return offset + j;
      |                            ~~~~~~~^~~
include/kapi_bitmap.h: In function 'kapi_bitmap_count':
include/kapi_bitmap.h:84:26: warning: conversion from 'long long unsigned int' to 'unsigned int' may change value [-Wconversion]
   84 |     unsigned int longs = (nbits + KAPI_BITS_PER_LONG - 1) / KAPI_BITS_PER_LONG;
      |                          ^
<2> Building kernel/api/kapi_blkdev.c
In file included from include/kapi.h:59:
include/kapi_netlink.h: In function 'kapi_nlmsg_next':
include/kapi_netlink.h:19:37: warning: conversion to 'int' from 'uint32_t' {aka 'unsigned int'} may change the sign of the result [-Wsign-conversion]
   19 | #define KAPI_NLMSG_ALIGNTO          4
      |                                     ^
include/kapi_netlink.h:75:18: note: in expansion of macro 'KAPI_NLMSG_ALIGNTO'
   75 |     int totlen = KAPI_NLMSG_ALIGNTO * ((nlh->nlmsg_len + KAPI_NLMSG_ALIGNTO - 1) / KAPI_NLMSG_ALIGNTO);
      |                  ^~~~~~~~~~~~~~~~~~
In file included from include/kapi.h:23,
                 from kernel/api/kapi_cdev.c:2:
include/kapi_bitmap.h: In function 'kapi_bitmap_set_all':
include/kapi_bitmap.h:33:26: warning: conversion from 'long long unsigned int' to 'unsigned int' may change value [-Wconversion]
   33 |     unsigned int longs = (nbits + KAPI_BITS_PER_LONG - 1) / KAPI_BITS_PER_LONG;
      |                          ^
include/kapi_bitmap.h: In function 'kapi_bitmap_clear_all':
include/kapi_bitmap.h:41:26: warning: conversion from 'long long unsigned int' to 'unsigned int' may change value [-Wconversion]
   41 |     unsigned int longs = (nbits + KAPI_BITS_PER_LONG - 1) / KAPI_BITS_PER_LONG;
      |                          ^
include/kapi_bitmap.h: In function 'kapi_bitmap_find_first':
include/kapi_bitmap.h:49:26: warning: conversion from 'long long unsigned int' to 'unsigned int' may change value [-Wconversion]
   49 |     unsigned int longs = (nbits + KAPI_BITS_PER_LONG - 1) / KAPI_BITS_PER_LONG;
      |                          ^
include/kapi_bitmap.h:56:35: warning: conversion to 'int' from 'unsigned int' may change the sign of the result [-Wsign-conversion]
   56 |                     return offset + j;
      |                            ~~~~~~~^~~
include/kapi_bitmap.h: In function 'kapi_bitmap_find_first_zero':
include/kapi_bitmap.h:66:26: warning: conversion from 'long long unsigned int' to 'unsigned int' may change value [-Wconversion]
   66 |     unsigned int longs = (nbits + KAPI_BITS_PER_LONG - 1) / KAPI_BITS_PER_LONG;
      |                          ^
include/kapi_bitmap.h:73:35: warning: conversion to 'int' from 'unsigned int' may change the sign of the result [-Wsign-conversion]
   73 |                     return offset + j;
      |                            ~~~~~~~^~~
include/kapi_bitmap.h: In function 'kapi_bitmap_count':
include/kapi_bitmap.h:84:26: warning: conversion from 'long long unsigned int' to 'unsigned int' may change value [-Wconversion]
   84 |     unsigned int longs = (nbits + KAPI_BITS_PER_LONG - 1) / KAPI_BITS_PER_LONG;
      |                          ^
In file included from include/kapi.h:59:
include/kapi_netlink.h: In function 'kapi_nlmsg_next':
include/kapi_netlink.h:19:37: warning: conversion to 'int' from 'uint32_t' {aka 'unsigned int'} may change the sign of the result [-Wsign-conversion]
   19 | #define KAPI_NLMSG_ALIGNTO          4
      |                                     ^
include/kapi_netlink.h:75:18: note: in expansion of macro 'KAPI_NLMSG_ALIGNTO'
   75 |     int totlen = KAPI_NLMSG_ALIGNTO * ((nlh->nlmsg_len + KAPI_NLMSG_ALIGNTO - 1) / KAPI_NLMSG_ALIGNTO);
      |                  ^~~~~~~~~~~~~~~~~~
In file included from include/kapi.h:23,
                 from kernel/api/kapi_blkdev.c:2:
include/kapi_bitmap.h: In function 'kapi_bitmap_set_all':
include/kapi_bitmap.h:33:26: warning: conversion from 'long long unsigned int' to 'unsigned int' may change value [-Wconversion]
   33 |     unsigned int longs = (nbits + KAPI_BITS_PER_LONG - 1) / KAPI_BITS_PER_LONG;
      |                          ^
include/kapi_bitmap.h: In function 'kapi_bitmap_clear_all':
include/kapi_bitmap.h:41:26: warning: conversion from 'long long unsigned int' to 'unsigned int' may change value [-Wconversion]
   41 |     unsigned int longs = (nbits + KAPI_BITS_PER_LONG - 1) / KAPI_BITS_PER_LONG;
      |                          ^
include/kapi_bitmap.h: In function 'kapi_bitmap_find_first':
include/kapi_bitmap.h:49:26: warning: conversion from 'long long unsigned int' to 'unsigned int' may change value [-Wconversion]
   49 |     unsigned int longs = (nbits + KAPI_BITS_PER_LONG - 1) / KAPI_BITS_PER_LONG;
      |                          ^
include/kapi_bitmap.h:56:35: warning: conversion to 'int' from 'unsigned int' may change the sign of the result [-Wsign-conversion]
   56 |                     return offset + j;
      |                            ~~~~~~~^~~
include/kapi_bitmap.h: In function 'kapi_bitmap_find_first_zero':
include/kapi_bitmap.h:66:26: warning: conversion from 'long long unsigned int' to 'unsigned int' may change value [-Wconversion]
   66 |     unsigned int longs = (nbits + KAPI_BITS_PER_LONG - 1) / KAPI_BITS_PER_LONG;
      |                          ^
include/kapi_bitmap.h:73:35: warning: conversion to 'int' from 'unsigned int' may change the sign of the result [-Wsign-conversion]
   73 |                     return offset + j;
      |                            ~~~~~~~^~~
include/kapi_bitmap.h: In function 'kapi_bitmap_count':
include/kapi_bitmap.h:84:26: warning: conversion from 'long long unsigned int' to 'unsigned int' may change value [-Wconversion]
   84 |     unsigned int longs = (nbits + KAPI_BITS_PER_LONG - 1) / KAPI_BITS_PER_LONG;
      |                          ^
In file included from include/kapi.h:59:
include/kapi_netlink.h: In function 'kapi_nlmsg_next':
include/kapi_netlink.h:19:37: warning: conversion to 'int' from 'uint32_t' {aka 'unsigned int'} may change the sign of the result [-Wsign-conversion]
   19 | #define KAPI_NLMSG_ALIGNTO          4
      |                                     ^
include/kapi_netlink.h:75:18: note: in expansion of macro 'KAPI_NLMSG_ALIGNTO'
   75 |     int totlen = KAPI_NLMSG_ALIGNTO * ((nlh->nlmsg_len + KAPI_NLMSG_ALIGNTO - 1) / KAPI_NLMSG_ALIGNTO);
      |                  ^~~~~~~~~~~~~~~~~~
<3> Building kernel/api/kapi_bitmap.c
<1> Building kernel/api/kapi_atomic.c
In file included from include/kapi.h:23,
                 from kernel/api/kapi_atomic.c:4:
include/kapi_bitmap.h: In function 'kapi_bitmap_set_all':
include/kapi_bitmap.h:33:26: warning: conversion from 'long long unsigned int' to 'unsigned int' may change value [-Wconversion]
   33 |     unsigned int longs = (nbits + KAPI_BITS_PER_LONG - 1) / KAPI_BITS_PER_LONG;
      |                          ^
include/kapi_bitmap.h: In function 'kapi_bitmap_clear_all':
include/kapi_bitmap.h:41:26: warning: conversion from 'long long unsigned int' to 'unsigned int' may change value [-Wconversion]
   41 |     unsigned int longs = (nbits + KAPI_BITS_PER_LONG - 1) / KAPI_BITS_PER_LONG;
      |                          ^
include/kapi_bitmap.h: In function 'kapi_bitmap_find_first':
include/kapi_bitmap.h:49:26: warning: conversion from 'long long unsigned int' to 'unsigned int' may change value [-Wconversion]
   49 |     unsigned int longs = (nbits + KAPI_BITS_PER_LONG - 1) / KAPI_BITS_PER_LONG;
      |                          ^
include/kapi_bitmap.h:56:35: warning: conversion to 'int' from 'unsigned int' may change the sign of the result [-Wsign-conversion]
   56 |                     return offset + j;
      |                            ~~~~~~~^~~
include/kapi_bitmap.h: In function 'kapi_bitmap_find_first_zero':
include/kapi_bitmap.h:66:26: warning: conversion from 'long long unsigned int' to 'unsigned int' may change value [-Wconversion]
   66 |     unsigned int longs = (nbits + KAPI_BITS_PER_LONG - 1) / KAPI_BITS_PER_LONG;
      |                          ^
include/kapi_bitmap.h:73:35: warning: conversion to 'int' from 'unsigned int' may change the sign of the result [-Wsign-conversion]
   73 |                     return offset + j;
      |                            ~~~~~~~^~~
include/kapi_bitmap.h: In function 'kapi_bitmap_count':
include/kapi_bitmap.h:84:26: warning: conversion from 'long long unsigned int' to 'unsigned int' may change value [-Wconversion]
   84 |     unsigned int longs = (nbits + KAPI_BITS_PER_LONG - 1) / KAPI_BITS_PER_LONG;
      |                          ^
In file included from kernel/api/kapi_bitmap.c:3:
include/kapi_bitmap.h: In function 'kapi_bitmap_set_all':
include/kapi_bitmap.h:33:26: warning: conversion from 'long long unsigned int' to 'unsigned int' may change value [-Wconversion]
   33 |     unsigned int longs = (nbits + KAPI_BITS_PER_LONG - 1) / KAPI_BITS_PER_LONG;
      |                          ^
include/kapi_bitmap.h: In function 'kapi_bitmap_clear_all':
include/kapi_bitmap.h:41:26: warning: conversion from 'long long unsigned int' to 'unsigned int' may change value [-Wconversion]
   41 |     unsigned int longs = (nbits + KAPI_BITS_PER_LONG - 1) / KAPI_BITS_PER_LONG;
      |                          ^
include/kapi_bitmap.h: In function 'kapi_bitmap_find_first':
include/kapi_bitmap.h:49:26: warning: conversion from 'long long unsigned int' to 'unsigned int' may change value [-Wconversion]
   49 |     unsigned int longs = (nbits + KAPI_BITS_PER_LONG - 1) / KAPI_BITS_PER_LONG;
      |                          ^
include/kapi_bitmap.h:56:35: warning: conversion to 'int' from 'unsigned int' may change the sign of the result [-Wsign-conversion]
   56 |                     return offset + j;
      |                            ~~~~~~~^~~
include/kapi_bitmap.h: In function 'kapi_bitmap_find_first_zero':
include/kapi_bitmap.h:66:26: warning: conversion from 'long long unsigned int' to 'unsigned int' may change value [-Wconversion]
   66 |     unsigned int longs = (nbits + KAPI_BITS_PER_LONG - 1) / KAPI_BITS_PER_LONG;
      |                          ^
include/kapi_bitmap.h:73:35: warning: conversion to 'int' from 'unsigned int' may change the sign of the result [-Wsign-conversion]
   73 |                     return offset + j;
      |                            ~~~~~~~^~~
include/kapi_bitmap.h: In function 'kapi_bitmap_count':
include/kapi_bitmap.h:84:26: warning: conversion from 'long long unsigned int' to 'unsigned int' may change value [-Wconversion]
   84 |     unsigned int longs = (nbits + KAPI_BITS_PER_LONG - 1) / KAPI_BITS_PER_LONG;
      |                          ^
In file included from include/kapi.h:59:
include/kapi_netlink.h: In function 'kapi_nlmsg_next':
include/kapi_netlink.h:19:37: warning: conversion to 'int' from 'uint32_t' {aka 'unsigned int'} may change the sign of the result [-Wsign-conversion]
   19 | #define KAPI_NLMSG_ALIGNTO          4
      |                                     ^
include/kapi_netlink.h:75:18: note: in expansion of macro 'KAPI_NLMSG_ALIGNTO'
   75 |     int totlen = KAPI_NLMSG_ALIGNTO * ((nlh->nlmsg_len + KAPI_NLMSG_ALIGNTO - 1) / KAPI_NLMSG_ALIGNTO);
      |                  ^~~~~~~~~~~~~~~~~~
In file included from include/kapi.h:59,
                 from kernel/api/kapi_bitmap.c:4:
include/kapi_netlink.h: In function 'kapi_nlmsg_next':
include/kapi_netlink.h:19:37: warning: conversion to 'int' from 'uint32_t' {aka 'unsigned int'} may change the sign of the result [-Wsign-conversion]
   19 | #define KAPI_NLMSG_ALIGNTO          4
      |                                     ^
include/kapi_netlink.h:75:18: note: in expansion of macro 'KAPI_NLMSG_ALIGNTO'
   75 |     int totlen = KAPI_NLMSG_ALIGNTO * ((nlh->nlmsg_len + KAPI_NLMSG_ALIGNTO - 1) / KAPI_NLMSG_ALIGNTO);
      |                  ^~~~~~~~~~~~~~~~~~
-- Enter folder apps/container-os/src --
<3> Building apps/container-os/src/volume.c
<1> Building apps/container-os/src/manager.c
<0> Building apps/container-os/src/image.c
<2> Building apps/container-os/src/container_gui.c
apps/container-os/src/container_gui.c: In function 'draw_tab_bar':
apps/container-os/src/container_gui.c:11:40: warning: comparison of integer expressions of different signedness: 'gui_tab_t' and 'int' [-Wsign-compare]
   11 |         int active = (gui->current_tab == i);
      |                                        ^~
<3> Building apps/container-os/src/container.c
apps/container-os/src/container_gui.c: In function 'draw_container_list':
apps/container-os/src/container_gui.c:28:18: warning: conversion to 'uint32_t' {aka 'unsigned int'} from 'int' may change the sign of the result [-Wsign-conversion]
   28 |     fb_draw_line(x, y + 22, x + w - 2, y + 22, GUI_COLOR_WINDOW_FRAME);
      |                  ^
apps/container-os/src/container_gui.c:28:23: warning: conversion to 'uint32_t' {aka 'unsigned int'} from 'int' may change the sign of the result [-Wsign-conversion]
   28 |     fb_draw_line(x, y + 22, x + w - 2, y + 22, GUI_COLOR_WINDOW_FRAME);
      |                     ~~^~~~
apps/container-os/src/container_gui.c:28:35: warning: conversion to 'uint32_t' {aka 'unsigned int'} from 'int' may change the sign of the result [-Wsign-conversion]
   28 |     fb_draw_line(x, y + 22, x + w - 2, y + 22, GUI_COLOR_WINDOW_FRAME);
      |                             ~~~~~~^~~
apps/container-os/src/container_gui.c:28:42: warning: conversion to 'uint32_t' {aka 'unsigned int'} from 'int' may change the sign of the result [-Wsign-conversion]
   28 |     fb_draw_line(x, y + 22, x + w - 2, y + 22, GUI_COLOR_WINDOW_FRAME);
      |                                        ~~^~~~
apps/container-os/src/container_gui.c:38:22: warning: conversion to 'uint32_t' {aka 'unsigned int'} from 'int' may change the sign of the result [-Wsign-conversion]
   38 |         fb_fill_rect(x, (uint32_t)row_y, (uint32_t)(w - 2), 22, bg);
      |                      ^
apps/container-os/src/container_gui.c:22:80: warning: unused parameter 'h' [-Wunused-parameter]
   22 | static void draw_container_list(container_gui_t *gui, int x, int y, int w, int h)
      |                                                                            ~~~~^
apps/container-os/src/container_gui.c: In function 'draw_image_list':
apps/container-os/src/container_gui.c:75:18: warning: conversion to 'uint32_t' {aka 'unsigned int'} from 'int' may change the sign of the result [-Wsign-conversion]
   75 |     fb_draw_line(x, y + 22, x + w - 2, y + 22, GUI_COLOR_WINDOW_FRAME);
      |                  ^
apps/container-os/src/container_gui.c:75:23: warning: conversion to 'uint32_t' {aka 'unsigned int'} from 'int' may change the sign of the result [-Wsign-conversion]
   75 |     fb_draw_line(x, y + 22, x + w - 2, y + 22, GUI_COLOR_WINDOW_FRAME);
      |                     ~~^~~~
apps/container-os/src/container_gui.c:75:35: warning: conversion to 'uint32_t' {aka 'unsigned int'} from 'int' may change the sign of the result [-Wsign-conversion]
   75 |     fb_draw_line(x, y + 22, x + w - 2, y + 22, GUI_COLOR_WINDOW_FRAME);
      |                             ~~~~~~^~~
apps/container-os/src/container_gui.c:75:42: warning: conversion to 'uint32_t' {aka 'unsigned int'} from 'int' may change the sign of the result [-Wsign-conversion]
   75 |     fb_draw_line(x, y + 22, x + w - 2, y + 22, GUI_COLOR_WINDOW_FRAME);
      |                                        ~~^~~~
apps/container-os/src/container_gui.c:104:45: warning: conversion from 'int' to 'char' may change value [-Wconversion]
  104 |                 while (sz > 0) { tmp[t++] = '0' + sz % 10; sz /= 10; }
      |                                             ^~~
apps/container-os/src/container_gui.c:72:9: warning: unused variable 'count' [-Wunused-variable]
   72 |     int count = image_count();
      |         ^~~~~
apps/container-os/src/container_gui.c:69:76: warning: unused parameter 'h' [-Wunused-parameter]
   69 | static void draw_image_list(container_gui_t *gui, int x, int y, int w, int h)
      |                                                                        ~~~~^
apps/container-os/src/container_gui.c: In function 'draw_volume_list':
apps/container-os/src/container_gui.c:123:18: warning: conversion to 'uint32_t' {aka 'unsigned int'} from 'int' may change the sign of the result [-Wsign-conversion]
  123 |     fb_draw_line(x, y + 22, x + w - 2, y + 22, GUI_COLOR_WINDOW_FRAME);
      |                  ^
apps/container-os/src/container_gui.c:123:23: warning: conversion to 'uint32_t' {aka 'unsigned int'} from 'int' may change the sign of the result [-Wsign-conversion]
  123 |     fb_draw_line(x, y + 22, x + w - 2, y + 22, GUI_COLOR_WINDOW_FRAME);
      |                     ~~^~~~
apps/container-os/src/container_gui.c:123:35: warning: conversion to 'uint32_t' {aka 'unsigned int'} from 'int' may change the sign of the result [-Wsign-conversion]
  123 |     fb_draw_line(x, y + 22, x + w - 2, y + 22, GUI_COLOR_WINDOW_FRAME);
      |                             ~~~~~~^~~
apps/container-os/src/container_gui.c:123:42: warning: conversion to 'uint32_t' {aka 'unsigned int'} from 'int' may change the sign of the result [-Wsign-conversion]
  123 |     fb_draw_line(x, y + 22, x + w - 2, y + 22, GUI_COLOR_WINDOW_FRAME);
      |                                        ~~^~~~
apps/container-os/src/container_gui.c:144:45: warning: conversion from 'int' to 'char' may change value [-Wconversion]
  144 |         else while (sz_mb > 0) { tmp[t++] = '0' + sz_mb % 10; sz_mb /= 10; }
      |                                             ^~~
apps/container-os/src/container_gui.c:151:47: warning: conversion from 'int' to 'char' may change value [-Wconversion]
  151 |         else while (used_mb > 0) { tmp[t++] = '0' + used_mb % 10; used_mb /= 10; }
      |                                               ^~~
apps/container-os/src/container_gui.c:120:9: warning: unused variable 'count' [-Wunused-variable]
  120 |     int count = volume_count();
      |         ^~~~~
apps/container-os/src/container_gui.c:117:77: warning: unused parameter 'h' [-Wunused-parameter]
  117 | static void draw_volume_list(container_gui_t *gui, int x, int y, int w, int h)
      |                                                                         ~~~~^
apps/container-os/src/container_gui.c: In function 'draw_log_view':
apps/container-os/src/container_gui.c:176:18: warning: conversion to 'uint32_t' {aka 'unsigned int'} from 'int' may change the sign of the result [-Wsign-conversion]
  176 |     fb_draw_line(x, y + 22, x + w - 2, y + 22, GUI_COLOR_WINDOW_FRAME);
      |                  ^
apps/container-os/src/container_gui.c:176:23: warning: conversion to 'uint32_t' {aka 'unsigned int'} from 'int' may change the sign of the result [-Wsign-conversion]
  176 |     fb_draw_line(x, y + 22, x + w - 2, y + 22, GUI_COLOR_WINDOW_FRAME);
      |                     ~~^~~~
apps/container-os/src/container_gui.c:176:35: warning: conversion to 'uint32_t' {aka 'unsigned int'} from 'int' may change the sign of the result [-Wsign-conversion]
  176 |     fb_draw_line(x, y + 22, x + w - 2, y + 22, GUI_COLOR_WINDOW_FRAME);
      |                             ~~~~~~^~~
apps/container-os/src/container_gui.c:176:42: warning: conversion to 'uint32_t' {aka 'unsigned int'} from 'int' may change the sign of the result [-Wsign-conversion]
  176 |     fb_draw_line(x, y + 22, x + w - 2, y + 22, GUI_COLOR_WINDOW_FRAME);
      |                                        ~~^~~~
apps/container-os/src/container_gui.c:179:9: warning: variable 'log_x' set but not used [-Wunused-but-set-variable=]
  179 |     int log_x = 0;
      |         ^~~~~
apps/container-os/src/container_gui.c: In function 'draw_content':
apps/container-os/src/container_gui.c:205:18: warning: conversion to 'uint32_t' {aka 'unsigned int'} from 'int' may change the sign of the result [-Wsign-conversion]
  205 |     fb_fill_rect(x, (uint32_t)y, (uint32_t)w, (uint32_t)h, GUI_COLOR_WINDOW_BG);
      |                  ^
-- Enter folder kernel/arch/x86_64/boot --
<1> Building kernel/arch/x86_64/boot/start64.s
-- Enter folder img/boot --
<1> Building img/boot/kernel.bin
D:/mingw64/bin/../lib/gcc/x86_64-w64-mingw32/16.1.0/../../../../x86_64-w64-mingw32/bin/ld.exe: cannot perform PE operations on non PE output file 'img/boot/kernel.bin'
collect2.exe: error: ld returned 1 exit status
FAILED TASK run all: command failed with exit 1: D:\mingw64\bin\gcc.exe -m64 -T kernel/arch/x86_64/boot/linker.ld -nostdlib -nodefaultlibs -nostartfiles -Wl,-e,_start -no-pie -Wl,--oformat,binary -o img/boot/kernel.bin build/obj/kernel/arch/x86_64/boot/start64.s.o build/obj/apps/container-os/src/container.c.o build/obj/apps/container-os/src/container_gui.c.o build/obj/apps/container-os/src/image.c.o build/obj/apps/container-os/src/manager.c.o build/obj/apps/container-os/src/volume.c.o build/obj/kernel/api/kapi_atomic.c.o build/obj/kernel/api/kapi_bitmap.c.o build/obj/kernel/api/kapi_blkdev.c.o build/obj/kernel/api/kapi_cdev.c.o build/obj/kernel/api/kapi_completion.c.o build/obj/kernel/api/kapi_cpumask.c.o build/obj/kernel/api/kapi_crc.c.o build/obj/kernel/api/kapi_debugfs.c.o build/obj/kernel/api/kapi_device.c.o build/obj/kernel/api/kapi_dma.c.o build/obj/kernel/api/kapi_fs.c.o build/obj/kernel/api/kapi_ftrace.c.o build/obj/kernel/api/kapi_hash.c.o build/obj/kernel/api/kapi_idr.c.o build/obj/kernel/api/kapi_init.c.o build/obj/kernel/api/kapi_io.c.o build/obj/kernel/api/kapi_irq.c.o build/obj/kernel/api/kapi_kfifo.c.o build/obj/kernel/api/kapi_kobject.c.o build/obj/kernel/api/kapi_kthread.c.o build/obj/kernel/api/kapi_list.c.o build/obj/kernel/api/kapi_memory.c.o build/obj/kernel/api/kapi_mempool.c.o build/obj/kernel/api/kapi_module.c.o build/obj/kernel/api/kapi_mutex.c.o build/obj/kernel/api/kapi_netdevice.c.o build/obj/kernel/api/kapi_netlink.c.o build/obj/kernel/api/kapi_notifier.c.o build/obj/kernel/api/kapi_params.c.o build/obj/kernel/api/kapi_pci.c.o build/obj/kernel/api/kapi_process.c.o build/obj/kernel/api/kapi_random.c.o build/obj/kernel/api/kapi_rbtree.c.o build/obj/kernel/api/kapi_rcu.c.o build/obj/kernel/api/kapi_sched.c.o build/obj/kernel/api/kapi_security.c.o build/obj/kernel/api/kapi_seq_file.c.o build/obj/kernel/api/kapi_skbuff.c.o build/obj/kernel/api/kapi_smp.c.o build/obj/kernel/api/kapi_socket.c.o build/obj/kernel/api/kapi_sort.c.o build/obj/kernel/api/kapi_string.c.o build/obj/kernel/api/kapi_syscall.c.o build/obj/kernel/api/kapi_time.c.o build/obj/kernel/api/kapi_vfs.c.o build/obj/kernel/api/kapi_wait.c.o build/obj/kernel/arch/x86_64/ac97.c.o build/obj/kernel/arch/x86_64/acpi.c.o build/obj/kernel/arch/x86_64/acpi_madt.c.o build/obj/kernel/arch/x86_64/acpi_pm.c.o build/obj/kernel/arch/x86_64/ahci.c.o build/obj/kernel/arch/x86_64/apic.c.o build/obj/kernel/arch/x86_64/buddy.c.o build/obj/kernel/arch/x86_64/cfs.c.o build/obj/kernel/arch/x86_64/efi.c.o build/obj/kernel/arch/x86_64/efi_entry.c.o build/obj/kernel/arch/x86_64/ehci.c.o build/obj/kernel/arch/x86_64/elf.c.o build/obj/kernel/arch/x86_64/ext2.c.o build/obj/kernel/arch/x86_64/framebuffer.c.o build/obj/kernel/arch/x86_64/gdt.c.o build/obj/kernel/arch/x86_64/gui.c.o build/obj/kernel/arch/x86_64/hda.c.o build/obj/kernel/arch/x86_64/hpet.c.o build/obj/kernel/arch/x86_64/idt.c.o build/obj/kernel/arch/x86_64/ioapic.c.o build/obj/kernel/arch/x86_64/jbd2.c.o build/obj/kernel/arch/x86_64/keyboard.c.o build/obj/kernel/arch/x86_64/ldso.c.o build/obj/kernel/arch/x86_64/memory.c.o build/obj/kernel/arch/x86_64/mmap.c.o build/obj/kernel/arch/x86_64/net.c.o build/obj/kernel/arch/x86_64/nvme.c.o build/obj/kernel/arch/x86_64/pagecache.c.o build/obj/kernel/arch/x86_64/pagefault.c.o build/obj/kernel/arch/x86_64/pci.c.o build/obj/kernel/arch/x86_64/pic.c.o build/obj/kernel/arch/x86_64/pit.c.o build/obj/kernel/arch/x86_64/procfs.c.o build/obj/kernel/arch/x86_64/rtc.c.o build/obj/kernel/arch/x86_64/sata.c.o build/obj/kernel/arch/x86_64/security.c.o build/obj/kernel/arch/x86_64/slab.c.o build/obj/kernel/arch/x86_64/smbios.c.o build/obj/kernel/arch/x86_64/smp.c.o build/obj/kernel/arch/x86_64/sound.c.o build/obj/kernel/arch/x86_64/swap.c.o build/obj/kernel/arch/x86_64/tmpfs.c.o build/obj/kernel/arch/x86_64/usb_hid.c.o build/obj/kernel/arch/x86_64/usermode.c.o build/obj/kernel/arch/x86_64/vga.c.o build/obj/kernel/arch/x86_64/virtio.c.o build/obj/kernel/arch/x86_64/xhci.c.o build/obj/kernel/kernel/devtmpfs.c.o build/obj/kernel/kernel/drivers.c.o build/obj/kernel/kernel/epoll.c.o build/obj/kernel/kernel/fifo.c.o build/obj/kernel/kernel/fs.c.o build/obj/kernel/kernel/gdb_stub.c.o build/obj/kernel/kernel/interrupt.c.o build/obj/kernel/kernel/ipc.c.o build/obj/kernel/kernel/kernel.c.o build/obj/kernel/kernel/kthread.c.o build/obj/kernel/kernel/module.c.o build/obj/kernel/kernel/printk.c.o build/obj/kernel/kernel/process.c.o build/obj/kernel/kernel/rcu.c.o build/obj/kernel/kernel/shell_enhanced.c.o build/obj/kernel/kernel/signal.c.o build/obj/kernel/kernel/stacktrace.c.o build/obj/kernel/kernel/sync.c.o build/obj/kernel/kernel/syscall.c.o build/obj/kernel/kernel/sysfs.c.o build/obj/kernel/kernel/timer.c.o build/obj/kernel/kernel/unixsock.c.o build/obj/kernel/kernel/wait.c.o build/obj/kernel/kernel/workqueue.c.o build/obj/kernel/lib/libc/errno.c.o build/obj/kernel/lib/libc/math.c.o build/obj/kernel/lib/libc/setjmp.c.o build/obj/kernel/lib/libc/signal.c.o build/obj/kernel/lib/libc/stdio.c.o build/obj/kernel/lib/libc/stdlib.c.o build/obj/kernel/lib/libc/string.c.o build/obj/kernel/lib/libc/time.c.o build/obj/kernel/lib/libc/unistd.c.o build/obj/kernel/lib/libc/vsprintf.c.o build/obj/kernel/arch/x86_64/interrupt.S.o -o img/boot/kernel.bin
