-- Start building task run kernel -- (946296674)
-- Start building task kernel -- (0)
-- Enter folder kernel/arch/x86_64 --
<0> Building kernel/arch/x86_64/interrupt.S
-- Enter folder kernel/lib/libc --
<2> Building kernel/lib/libc/unistd.c
<3> Building kernel/lib/libc/time.c
<1> Building kernel/lib/libc/vsprintf.c
<0> Building kernel/lib/libc/string.c
kernel/lib/libc/unistd.c: In function 'execve':
kernel/lib/libc/unistd.c:415:38: warning: cast from pointer to integer of different size [-Wpointer-to-int-cast]
  415 |     return (int)syscall3(SYS_execve, (long)filename, (long)argv, (long)envp);
      |                                      ^
kernel/lib/libc/unistd.c:415:54: warning: cast from pointer to integer of different size [-Wpointer-to-int-cast]
  415 |     return (int)syscall3(SYS_execve, (long)filename, (long)argv, (long)envp);
      |                                                      ^
kernel/lib/libc/unistd.c:415:66: warning: cast from pointer to integer of different size [-Wpointer-to-int-cast]
  415 |     return (int)syscall3(SYS_execve, (long)filename, (long)argv, (long)envp);
      |                                                                  ^
kernel/lib/libc/unistd.c: In function 'wait':
kernel/lib/libc/unistd.c:430:41: warning: cast from pointer to integer of different size [-Wpointer-to-int-cast]
  430 |     return (int)syscall4(SYS_wait4, -1, (long)status, 0, 0);
      |                                         ^
kernel/lib/libc/unistd.c: In function 'waitpid':
kernel/lib/libc/unistd.c:435:42: warning: cast from pointer to integer of different size [-Wpointer-to-int-cast]
  435 |     return (int)syscall4(SYS_wait4, pid, (long)status, options, 0);
      |                                          ^
kernel/lib/libc/unistd.c: In function 'pipe':
kernel/lib/libc/unistd.c:440:36: warning: cast from pointer to integer of different size [-Wpointer-to-int-cast]
  440 |     return (int)syscall1(SYS_pipe, (long)pipefd);
      |                                    ^
kernel/lib/libc/unistd.c: In function 'chdir':
kernel/lib/libc/unistd.c:455:37: warning: cast from pointer to integer of different size [-Wpointer-to-int-cast]
  455 |     return (int)syscall1(SYS_chdir, (long)path);
      |                                     ^
kernel/lib/libc/unistd.c: In function 'getcwd':
kernel/lib/libc/unistd.c:460:37: warning: cast from pointer to integer of different size [-Wpointer-to-int-cast]
  460 |     long ret = syscall2(SYS_getcwd, (long)buf, size);
      |                                     ^
kernel/lib/libc/unistd.c:460:48: warning: conversion from 'size_t' {aka 'long long unsigned int'} to 'long int' may change value [-Wconversion]
  460 |     long ret = syscall2(SYS_getcwd, (long)buf, size);
      |                                                ^~~~
kernel/lib/libc/unistd.c: In function 'read':
kernel/lib/libc/unistd.c:472:40: warning: cast from pointer to integer of different size [-Wpointer-to-int-cast]
  472 |     return (int)syscall3(SYS_read, fd, (long)buf, count);
      |                                        ^
kernel/lib/libc/unistd.c:472:51: warning: conversion from 'size_t' {aka 'long long unsigned int'} to 'long int' may change value [-Wconversion]
  472 |     return (int)syscall3(SYS_read, fd, (long)buf, count);
      |                                                   ^~~~~
kernel/lib/libc/unistd.c: In function 'write':
kernel/lib/libc/unistd.c:477:41: warning: cast from pointer to integer of different size [-Wpointer-to-int-cast]
  477 |     return (int)syscall3(SYS_write, fd, (long)buf, count);
      |                                         ^
kernel/lib/libc/unistd.c:477:52: warning: conversion from 'size_t' {aka 'long long unsigned int'} to 'long int' may change value [-Wconversion]
  477 |     return (int)syscall3(SYS_write, fd, (long)buf, count);
      |                                                    ^~~~~
kernel/lib/libc/unistd.c: In function 'open':
kernel/lib/libc/unistd.c:488:36: warning: cast from pointer to integer of different size [-Wpointer-to-int-cast]
  488 |     return (int)syscall3(SYS_open, (long)pathname, flags, mode);
      |                                    ^
kernel/lib/libc/unistd.c:488:59: warning: conversion from 'mode_t' {aka 'long long unsigned int'} to 'long int' may change value [-Wconversion]
  488 |     return (int)syscall3(SYS_open, (long)pathname, flags, mode);
      |                                                           ^~~~
kernel/lib/libc/unistd.c: In function 'creat':
kernel/lib/libc/unistd.c:493:37: warning: cast from pointer to integer of different size [-Wpointer-to-int-cast]
  493 |     return (int)syscall2(SYS_creat, (long)pathname, mode);
      |                                     ^
kernel/lib/libc/unistd.c:493:53: warning: conversion from 'mode_t' {aka 'long long unsigned int'} to 'long int' may change value [-Wconversion]
  493 |     return (int)syscall2(SYS_creat, (long)pathname, mode);
      |                                                     ^~~~
kernel/lib/libc/time.c: In function 'bcd_to_bin':
kernel/lib/libc/unistd.c: In function 'lseek':
kernel/lib/libc/unistd.c:498:36: warning: conversion from 'off_t' {aka 'long long int'} to 'long int' may change value [-Wconversion]
  498 |     return syscall3(SYS_lseek, fd, offset, whence);
      |                                    ^~~~~~
kernel/lib/libc/unistd.c: In function 'sleep':
kernel/lib/libc/unistd.c:507:36: warning: cast from pointer to integer of different size [-Wpointer-to-int-cast]
  507 |     while (syscall2(SYS_nanosleep, (long)&req, (long)&rem) < 0) {
      |                                    ^
kernel/lib/libc/time.c:34:30: warning: conversion from 'int' to 'uint8_t' {aka 'unsigned char'} may change value [-Wconversion]
kernel/lib/libc/unistd.c:507:48: warning: cast from pointer to integer of different size [-Wpointer-to-int-cast]
   34 |     return ((bcd >> 4) * 10) + (bcd & 0x0F);
  507 |     while (syscall2(SYS_nanosleep, (long)&req, (long)&rem) < 0) {
      |            ~~~~~~~~~~~~~~~~~~^~~~~~~~~~~~~~
      |                                                ^
kernel/lib/libc/unistd.c: In function 'unlink':
kernel/lib/libc/unistd.c:517:38: warning: cast from pointer to integer of different size [-Wpointer-to-int-cast]
  517 |     return (int)syscall1(SYS_unlink, (long)pathname);
      |                                      ^
kernel/lib/libc/unistd.c: In function 'rename':
kernel/lib/libc/unistd.c:522:38: warning: cast from pointer to integer of different size [-Wpointer-to-int-cast]
  522 |     return (int)syscall2(SYS_rename, (long)oldpath, (long)newpath);
      |                                      ^
kernel/lib/libc/unistd.c:522:53: warning: cast from pointer to integer of different size [-Wpointer-to-int-cast]
  522 |     return (int)syscall2(SYS_rename, (long)oldpath, (long)newpath);
      |                                                     ^
kernel/lib/libc/unistd.c: In function 'mkdir':
kernel/lib/libc/unistd.c:527:37: warning: cast from pointer to integer of different size [-Wpointer-to-int-cast]
  527 |     return (int)syscall2(SYS_mkdir, (long)pathname, mode);
      |                                     ^
kernel/lib/libc/unistd.c:527:53: warning: conversion from 'mode_t' {aka 'long long unsigned int'} to 'long int' may change value [-Wconversion]
  527 |     return (int)syscall2(SYS_mkdir, (long)pathname, mode);
      |                                                     ^~~~
kernel/lib/libc/unistd.c: In function 'rmdir':
kernel/lib/libc/unistd.c:532:37: warning: cast from pointer to integer of different size [-Wpointer-to-int-cast]
  532 |     return (int)syscall1(SYS_rmdir, (long)pathname);
      |                                     ^
kernel/lib/libc/unistd.c: In function 'chmod':
kernel/lib/libc/unistd.c:537:37: warning: cast from pointer to integer of different size [-Wpointer-to-int-cast]
  537 |     return (int)syscall2(SYS_chmod, (long)pathname, mode);
      |                                     ^
kernel/lib/libc/unistd.c:537:53: warning: conversion from 'mode_t' {aka 'long long unsigned int'} to 'long int' may change value [-Wconversion]
  537 |     return (int)syscall2(SYS_chmod, (long)pathname, mode);
      |                                                     ^~~~
kernel/lib/libc/unistd.c: In function 'chown':
kernel/lib/libc/unistd.c:542:37: warning: cast from pointer to integer of different size [-Wpointer-to-int-cast]
  542 |     return (int)syscall3(SYS_chown, (long)pathname, owner, group);
      |                                     ^
kernel/lib/libc/time.c: In function 'rtc_to_tm':
kernel/lib/libc/time.c:107:16: warning: conversion from 'int' to 'uint8_t' {aka 'unsigned char'} may change value [-Wconversion]
  107 |         hour = ((hour & 0x7F) % 12) + 12;
      |                ^
kernel/lib/libc/time.c: In function 'asctime':
kernel/lib/libc/time.c:229:13: warning: conversion from 'int' to 'char' may change value [-Wconversion]
  229 |     p[8]  = '0' + (tm->tm_mday / 10);
      |             ^~~
kernel/lib/libc/time.c:230:13: warning: conversion from 'int' to 'char' may change value [-Wconversion]
  230 |     p[9]  = '0' + (tm->tm_mday % 10);
      |             ^~~
kernel/lib/libc/time.c:232:13: warning: conversion from 'int' to 'char' may change value [-Wconversion]
  232 |     p[11] = '0' + (tm->tm_hour / 10);
      |             ^~~
kernel/lib/libc/time.c:233:13: warning: conversion from 'int' to 'char' may change value [-Wconversion]
  233 |     p[12] = '0' + (tm->tm_hour % 10);
      |             ^~~
kernel/lib/libc/time.c:235:13: warning: conversion from 'int' to 'char' may change value [-Wconversion]
  235 |     p[14] = '0' + (tm->tm_min / 10);
      |             ^~~
kernel/lib/libc/time.c:236:13: warning: conversion from 'int' to 'char' may change value [-Wconversion]
  236 |     p[15] = '0' + (tm->tm_min % 10);
      |             ^~~
kernel/lib/libc/time.c:238:13: warning: conversion from 'int' to 'char' may change value [-Wconversion]
  238 |     p[17] = '0' + (tm->tm_sec / 10);
      |             ^~~
kernel/lib/libc/time.c:239:13: warning: conversion from 'int' to 'char' may change value [-Wconversion]
  239 |     p[18] = '0' + (tm->tm_sec % 10);
      |             ^~~
kernel/lib/libc/time.c:242:13: warning: conversion from 'int' to 'char' may change value [-Wconversion]
  242 |     p[20] = '0' + (yr / 1000);
      |             ^~~
kernel/lib/libc/time.c:243:13: warning: conversion from 'int' to 'char' may change value [-Wconversion]
  243 |     p[21] = '0' + ((yr / 100) % 10);
      |             ^~~
kernel/lib/libc/time.c:244:13: warning: conversion from 'int' to 'char' may change value [-Wconversion]
  244 |     p[22] = '0' + ((yr / 10) % 10);
      |             ^~~
kernel/lib/libc/time.c:245:13: warning: conversion from 'int' to 'char' may change value [-Wconversion]
  245 |     p[23] = '0' + (yr % 10);
      |             ^~~
kernel/lib/libc/time.c: In function 'strftime':
kernel/lib/libc/time.c:296:26: warning: conversion from 'int' to 'char' may change value [-Wconversion]
  296 |                 tmp[0] = '0' + (tm->tm_mday / 10);
      |                          ^~~
kernel/lib/libc/time.c:297:26: warning: conversion from 'int' to 'char' may change value [-Wconversion]
  297 |                 tmp[1] = '0' + (tm->tm_mday % 10);
      |                          ^~~
kernel/lib/libc/time.c:301:26: warning: conversion from 'int' to 'char' may change value [-Wconversion]
  301 |                 tmp[0] = '0' + (tm->tm_hour / 10);
      |                          ^~~
kernel/lib/libc/time.c:302:26: warning: conversion from 'int' to 'char' may change value [-Wconversion]
  302 |                 tmp[1] = '0' + (tm->tm_hour % 10);
      |                          ^~~
kernel/lib/libc/time.c:306:26: warning: conversion from 'int' to 'char' may change value [-Wconversion]
  306 |                 tmp[0] = '0' + (tm->tm_min / 10);
      |                          ^~~
kernel/lib/libc/time.c:307:26: warning: conversion from 'int' to 'char' may change value [-Wconversion]
  307 |                 tmp[1] = '0' + (tm->tm_min % 10);
      |                          ^~~
kernel/lib/libc/time.c:311:26: warning: conversion from 'int' to 'char' may change value [-Wconversion]
  311 |                 tmp[0] = '0' + ((tm->tm_mon + 1) / 10);
      |                          ^~~
kernel/lib/libc/time.c:312:26: warning: conversion from 'int' to 'char' may change value [-Wconversion]
  312 |                 tmp[1] = '0' + ((tm->tm_mon + 1) % 10);
      |                          ^~~
kernel/lib/libc/time.c:316:26: warning: conversion from 'int' to 'char' may change value [-Wconversion]
  316 |                 tmp[0] = '0' + (tm->tm_sec / 10);
      |                          ^~~
kernel/lib/libc/time.c:317:26: warning: conversion from 'int' to 'char' may change value [-Wconversion]
  317 |                 tmp[1] = '0' + (tm->tm_sec % 10);
      |                          ^~~
kernel/lib/libc/time.c:323:30: warning: conversion from 'int' to 'char' may change value [-Wconversion]
  323 |                     tmp[0] = '0' + (yr / 1000);
      |                              ^~~
kernel/lib/libc/time.c:324:30: warning: conversion from 'int' to 'char' may change value [-Wconversion]
  324 |                     tmp[1] = '0' + ((yr / 100) % 10);
      |                              ^~~
kernel/lib/libc/time.c:325:30: warning: conversion from 'int' to 'char' may change value [-Wconversion]
  325 |                     tmp[2] = '0' + ((yr / 10) % 10);
      |                              ^~~
kernel/lib/libc/time.c:326:30: warning: conversion from 'int' to 'char' may change value [-Wconversion]
  326 |                     tmp[3] = '0' + (yr % 10);
      |                              ^~~
kernel/lib/libc/vsprintf.c: In function 'vsprintf':
kernel/lib/libc/vsprintf.c:27:35: warning: conversion from 'int' to 'char' may change value [-Wconversion]
   27 |                     buffer[i++] = '0' + (n % 10);
      |                                   ^~~
kernel/lib/libc/vsprintf.c:40:29: warning: operation on 'i' may be undefined [-Wsequence-point]
   40 |                     buffer[i++] = (digit < 10) ? ('0' + digit) : ((format[i] == 'X') ? ('A' + digit - 10) : ('a' + digit - 10));
      |                            ~^~
<1> Building kernel/lib/libc/stdlib.c
In file included from kernel/lib/libc/stdlib.c:3:
include/kapi_syscall.h: In function 'sys_read':
include/kapi_syscall.h:494:38: warning: cast from pointer to integer of different size [-Wpointer-to-int-cast]
  494 | { return kapi_syscall3(SYS_read, fd, (long)buf, count); }
      |                                      ^
include/kapi_syscall.h:494:49: warning: conversion from 'size_t' {aka 'long long unsigned int'} to 'long int' may change value [-Wconversion]
  494 | { return kapi_syscall3(SYS_read, fd, (long)buf, count); }
      |                                                 ^~~~~
include/kapi_syscall.h: In function 'sys_write':
include/kapi_syscall.h:497:39: warning: cast from pointer to integer of different size [-Wpointer-to-int-cast]
  497 | { return kapi_syscall3(SYS_write, fd, (long)buf, count); }
      |                                       ^
include/kapi_syscall.h:497:50: warning: conversion from 'size_t' {aka 'long long unsigned int'} to 'long int' may change value [-Wconversion]
  497 | { return kapi_syscall3(SYS_write, fd, (long)buf, count); }
      |                                                  ^~~~~
include/kapi_syscall.h: In function 'sys_open':
include/kapi_syscall.h:500:34: warning: cast from pointer to integer of different size [-Wpointer-to-int-cast]
  500 | { return kapi_syscall3(SYS_open, (long)pathname, flags, mode); }
      |                                  ^
include/kapi_syscall.h: In function 'sys_mmap':
include/kapi_syscall.h:509:34: warning: cast from pointer to integer of different size [-Wpointer-to-int-cast]
  509 | { return kapi_syscall6(SYS_mmap, (long)addr, length, prot, flags, fd, offset); }
      |                                  ^
include/kapi_syscall.h:509:46: warning: conversion from 'size_t' {aka 'long long unsigned int'} to 'long int' may change value [-Wconversion]
  509 | { return kapi_syscall6(SYS_mmap, (long)addr, length, prot, flags, fd, offset); }
      |                                              ^~~~~~
include/kapi_syscall.h: In function 'sys_munmap':
include/kapi_syscall.h:512:36: warning: cast from pointer to integer of different size [-Wpointer-to-int-cast]
  512 | { return kapi_syscall2(SYS_munmap, (long)addr, length); }
      |                                    ^
include/kapi_syscall.h:512:48: warning: conversion from 'size_t' {aka 'long long unsigned int'} to 'long int' may change value [-Wconversion]
  512 | { return kapi_syscall2(SYS_munmap, (long)addr, length); }
      |                                                ^~~~~~
include/kapi_syscall.h: In function 'sys_mprotect':
include/kapi_syscall.h:515:38: warning: cast from pointer to integer of different size [-Wpointer-to-int-cast]
  515 | { return kapi_syscall3(SYS_mprotect, (long)addr, len, prot); }
      |                                      ^
include/kapi_syscall.h:515:50: warning: conversion from 'size_t' {aka 'long long unsigned int'} to 'long int' may change value [-Wconversion]
  515 | { return kapi_syscall3(SYS_mprotect, (long)addr, len, prot); }
      |                                                  ^~~
include/kapi_syscall.h: In function 'sys_brk':
include/kapi_syscall.h:518:33: warning: cast from pointer to integer of different size [-Wpointer-to-int-cast]
  518 | { return kapi_syscall1(SYS_brk, (long)addr); }
      |                                 ^
include/kapi_syscall.h: In function 'sys_clone':
include/kapi_syscall.h:527:42: warning: cast from pointer to integer of different size [-Wpointer-to-int-cast]
  527 | { return kapi_syscall5(SYS_clone, flags, (long)stack, (long)ptid, (long)ctid, tls); }
      |                                          ^
include/kapi_syscall.h:527:55: warning: cast from pointer to integer of different size [-Wpointer-to-int-cast]
  527 | { return kapi_syscall5(SYS_clone, flags, (long)stack, (long)ptid, (long)ctid, tls); }
      |                                                       ^
include/kapi_syscall.h:527:67: warning: cast from pointer to integer of different size [-Wpointer-to-int-cast]
  527 | { return kapi_syscall5(SYS_clone, flags, (long)stack, (long)ptid, (long)ctid, tls); }
      |                                                                   ^
include/kapi_syscall.h:527:35: warning: conversion to 'long int' from 'long unsigned int' may change the sign of the result [-Wsign-conversion]
  527 | { return kapi_syscall5(SYS_clone, flags, (long)stack, (long)ptid, (long)ctid, tls); }
      |                                   ^~~~~
include/kapi_syscall.h:527:79: warning: conversion to 'long int' from 'long unsigned int' may change the sign of the result [-Wsign-conversion]
  527 | { return kapi_syscall5(SYS_clone, flags, (long)stack, (long)ptid, (long)ctid, tls); }
      |                                                                               ^~~
include/kapi_syscall.h: In function 'sys_execve':
include/kapi_syscall.h:530:36: warning: cast from pointer to integer of different size [-Wpointer-to-int-cast]
  530 | { return kapi_syscall3(SYS_execve, (long)filename, (long)argv, (long)envp); }
      |                                    ^
include/kapi_syscall.h:530:52: warning: cast from pointer to integer of different size [-Wpointer-to-int-cast]
  530 | { return kapi_syscall3(SYS_execve, (long)filename, (long)argv, (long)envp); }
      |                                                    ^
include/kapi_syscall.h:530:64: warning: cast from pointer to integer of different size [-Wpointer-to-int-cast]
  530 | { return kapi_syscall3(SYS_execve, (long)filename, (long)argv, (long)envp); }
      |                                                                ^
include/kapi_syscall.h: In function 'sys_wait4':
include/kapi_syscall.h:539:40: warning: cast from pointer to integer of different size [-Wpointer-to-int-cast]
  539 | { return kapi_syscall4(SYS_wait4, pid, (long)wstatus, options, (long)rusage); }
      |                                        ^
include/kapi_syscall.h:539:64: warning: cast from pointer to integer of different size [-Wpointer-to-int-cast]
  539 | { return kapi_syscall4(SYS_wait4, pid, (long)wstatus, options, (long)rusage); }
      |                                                                ^
include/kapi_syscall.h: In function 'sys_stat':
include/kapi_syscall.h:554:34: warning: cast from pointer to integer of different size [-Wpointer-to-int-cast]
  554 | { return kapi_syscall2(SYS_stat, (long)pathname, (long)statbuf); }
      |                                  ^
include/kapi_syscall.h:554:50: warning: cast from pointer to integer of different size [-Wpointer-to-int-cast]
  554 | { return kapi_syscall2(SYS_stat, (long)pathname, (long)statbuf); }
      |                                                  ^
include/kapi_syscall.h: In function 'sys_fstat':
include/kapi_syscall.h:557:39: warning: cast from pointer to integer of different size [-Wpointer-to-int-cast]
  557 | { return kapi_syscall2(SYS_fstat, fd, (long)statbuf); }
      |                                       ^
include/kapi_syscall.h: In function 'sys_lstat':
include/kapi_syscall.h:560:35: warning: cast from pointer to integer of different size [-Wpointer-to-int-cast]
  560 | { return kapi_syscall2(SYS_lstat, (long)pathname, (long)statbuf); }
      |                                   ^
include/kapi_syscall.h:560:51: warning: cast from pointer to integer of different size [-Wpointer-to-int-cast]
  560 | { return kapi_syscall2(SYS_lstat, (long)pathname, (long)statbuf); }
      |                                                   ^
include/kapi_syscall.h: In function 'sys_access':
include/kapi_syscall.h:563:36: warning: cast from pointer to integer of different size [-Wpointer-to-int-cast]
  563 | { return kapi_syscall2(SYS_access, (long)pathname, mode); }
      |                                    ^
include/kapi_syscall.h: In function 'sys_chdir':
include/kapi_syscall.h:566:35: warning: cast from pointer to integer of different size [-Wpointer-to-int-cast]
  566 | { return kapi_syscall1(SYS_chdir, (long)path); }
      |                                   ^
include/kapi_syscall.h: In function 'sys_getcwd':
include/kapi_syscall.h:569:36: warning: cast from pointer to integer of different size [-Wpointer-to-int-cast]
  569 | { return kapi_syscall2(SYS_getcwd, (long)buf, size); }
      |                                    ^
include/kapi_syscall.h:569:47: warning: conversion from 'size_t' {aka 'long long unsigned int'} to 'long int' may change value [-Wconversion]
  569 | { return kapi_syscall2(SYS_getcwd, (long)buf, size); }
      |                                               ^~~~
include/kapi_syscall.h: In function 'sys_mkdir':
include/kapi_syscall.h:572:35: warning: cast from pointer to integer of different size [-Wpointer-to-int-cast]
  572 | { return kapi_syscall2(SYS_mkdir, (long)pathname, mode); }
      |                                   ^
include/kapi_syscall.h: In function 'sys_rmdir':
include/kapi_syscall.h:575:35: warning: cast from pointer to integer of different size [-Wpointer-to-int-cast]
  575 | { return kapi_syscall1(SYS_rmdir, (long)pathname); }
      |                                   ^
include/kapi_syscall.h: In function 'sys_unlink':
include/kapi_syscall.h:578:36: warning: cast from pointer to integer of different size [-Wpointer-to-int-cast]
  578 | { return kapi_syscall1(SYS_unlink, (long)pathname); }
      |                                    ^
include/kapi_syscall.h: In function 'sys_rename':
include/kapi_syscall.h:581:36: warning: cast from pointer to integer of different size [-Wpointer-to-int-cast]
  581 | { return kapi_syscall2(SYS_rename, (long)oldpath, (long)newpath); }
      |                                    ^
include/kapi_syscall.h:581:51: warning: cast from pointer to integer of different size [-Wpointer-to-int-cast]
  581 | { return kapi_syscall2(SYS_rename, (long)oldpath, (long)newpath); }
      |                                                   ^
include/kapi_syscall.h: In function 'sys_creat':
include/kapi_syscall.h:584:35: warning: cast from pointer to integer of different size [-Wpointer-to-int-cast]
  584 | { return kapi_syscall2(SYS_creat, (long)pathname, mode); }
      |                                   ^
include/kapi_syscall.h: In function 'sys_link':
include/kapi_syscall.h:587:34: warning: cast from pointer to integer of different size [-Wpointer-to-int-cast]
  587 | { return kapi_syscall2(SYS_link, (long)oldpath, (long)newpath); }
      |                                  ^
include/kapi_syscall.h:587:49: warning: cast from pointer to integer of different size [-Wpointer-to-int-cast]
  587 | { return kapi_syscall2(SYS_link, (long)oldpath, (long)newpath); }
      |                                                 ^
include/kapi_syscall.h: In function 'sys_symlink':
include/kapi_syscall.h:590:37: warning: cast from pointer to integer of different size [-Wpointer-to-int-cast]
  590 | { return kapi_syscall2(SYS_symlink, (long)target, (long)linkpath); }
      |                                     ^
include/kapi_syscall.h:590:51: warning: cast from pointer to integer of different size [-Wpointer-to-int-cast]
  590 | { return kapi_syscall2(SYS_symlink, (long)target, (long)linkpath); }
      |                                                   ^
include/kapi_syscall.h: In function 'sys_readlink':
include/kapi_syscall.h:593:38: warning: cast from pointer to integer of different size [-Wpointer-to-int-cast]
  593 | { return kapi_syscall3(SYS_readlink, (long)pathname, (long)buf, bufsiz); }
      |                                      ^
include/kapi_syscall.h:593:54: warning: cast from pointer to integer of different size [-Wpointer-to-int-cast]
  593 | { return kapi_syscall3(SYS_readlink, (long)pathname, (long)buf, bufsiz); }
      |                                                      ^
include/kapi_syscall.h:593:65: warning: conversion from 'size_t' {aka 'long long unsigned int'} to 'long int' may change value [-Wconversion]
  593 | { return kapi_syscall3(SYS_readlink, (long)pathname, (long)buf, bufsiz); }
      |                                                                 ^~~~~~
include/kapi_syscall.h: In function 'sys_chmod':
include/kapi_syscall.h:596:35: warning: cast from pointer to integer of different size [-Wpointer-to-int-cast]
  596 | { return kapi_syscall2(SYS_chmod, (long)pathname, mode); }
      |                                   ^
include/kapi_syscall.h: In function 'sys_chown':
include/kapi_syscall.h:599:35: warning: cast from pointer to integer of different size [-Wpointer-to-int-cast]
  599 | { return kapi_syscall3(SYS_chown, (long)pathname, owner, group); }
      |                                   ^
include/kapi_syscall.h: In function 'sys_truncate':
include/kapi_syscall.h:602:38: warning: cast from pointer to integer of different size [-Wpointer-to-int-cast]
  602 | { return kapi_syscall2(SYS_truncate, (long)path, length); }
      |                                      ^
include/kapi_syscall.h: In function 'sys_pipe':
include/kapi_syscall.h:626:34: warning: cast from pointer to integer of different size [-Wpointer-to-int-cast]
  626 | { return kapi_syscall1(SYS_pipe, (long)pipefd); }
      |                                  ^
include/kapi_syscall.h: In function 'sys_pipe2':
include/kapi_syscall.h:629:35: warning: cast from pointer to integer of different size [-Wpointer-to-int-cast]
  629 | { return kapi_syscall2(SYS_pipe2, (long)pipefd, flags); }
      |                                   ^
include/kapi_syscall.h: In function 'sys_mount':
include/kapi_syscall.h:634:35: warning: cast from pointer to integer of different size [-Wpointer-to-int-cast]
  634 | { return kapi_syscall5(SYS_mount, (long)source, (long)target, (long)filesystemtype, mountflags, (long)data); }
      |                                   ^
include/kapi_syscall.h:634:49: warning: cast from pointer to integer of different size [-Wpointer-to-int-cast]
  634 | { return kapi_syscall5(SYS_mount, (long)source, (long)target, (long)filesystemtype, mountflags, (long)data); }
      |                                                 ^
include/kapi_syscall.h:634:63: warning: cast from pointer to integer of different size [-Wpointer-to-int-cast]
  634 | { return kapi_syscall5(SYS_mount, (long)source, (long)target, (long)filesystemtype, mountflags, (long)data); }
      |                                                               ^
include/kapi_syscall.h:634:97: warning: cast from pointer to integer of different size [-Wpointer-to-int-cast]
  634 | { return kapi_syscall5(SYS_mount, (long)source, (long)target, (long)filesystemtype, mountflags, (long)data); }
      |                                                                                                 ^
include/kapi_syscall.h:634:85: warning: conversion to 'long int' from 'long unsigned int' may change the sign of the result [-Wsign-conversion]
  634 | { return kapi_syscall5(SYS_mount, (long)source, (long)target, (long)filesystemtype, mountflags, (long)data); }
      |                                                                                     ^~~~~~~~~~
include/kapi_syscall.h: In function 'sys_umount2':
include/kapi_syscall.h:637:37: warning: cast from pointer to integer of different size [-Wpointer-to-int-cast]
  637 | { return kapi_syscall2(SYS_umount2, (long)target, flags); }
      |                                     ^
include/kapi_syscall.h: In function 'sys_swapon':
include/kapi_syscall.h:640:36: warning: cast from pointer to integer of different size [-Wpointer-to-int-cast]
  640 | { return kapi_syscall2(SYS_swapon, (long)path, swapflags); }
      |                                    ^
include/kapi_syscall.h: In function 'sys_swapoff':
include/kapi_syscall.h:643:37: warning: cast from pointer to integer of different size [-Wpointer-to-int-cast]
  643 | { return kapi_syscall1(SYS_swapoff, (long)path); }
      |                                     ^
include/kapi_syscall.h: In function 'sys_nanosleep':
include/kapi_syscall.h:646:39: warning: cast from pointer to integer of different size [-Wpointer-to-int-cast]
  646 | { return kapi_syscall2(SYS_nanosleep, (long)req, (long)rem); }
      |                                       ^
include/kapi_syscall.h:646:50: warning: cast from pointer to integer of different size [-Wpointer-to-int-cast]
  646 | { return kapi_syscall2(SYS_nanosleep, (long)req, (long)rem); }
      |                                                  ^
include/kapi_syscall.h: In function 'sys_gettimeofday':
include/kapi_syscall.h:649:42: warning: cast from pointer to integer of different size [-Wpointer-to-int-cast]
  649 | { return kapi_syscall2(SYS_gettimeofday, (long)tv, (long)tz); }
      |                                          ^
include/kapi_syscall.h:649:52: warning: cast from pointer to integer of different size [-Wpointer-to-int-cast]
  649 | { return kapi_syscall2(SYS_gettimeofday, (long)tv, (long)tz); }
      |                                                    ^
include/kapi_syscall.h: In function 'sys_settimeofday':
include/kapi_syscall.h:652:42: warning: cast from pointer to integer of different size [-Wpointer-to-int-cast]
  652 | { return kapi_syscall2(SYS_settimeofday, (long)tv, (long)tz); }
      |                                          ^
include/kapi_syscall.h:652:52: warning: cast from pointer to integer of different size [-Wpointer-to-int-cast]
  652 | { return kapi_syscall2(SYS_settimeofday, (long)tv, (long)tz); }
      |                                                    ^
include/kapi_syscall.h: In function 'sys_time':
include/kapi_syscall.h:655:34: warning: cast from pointer to integer of different size [-Wpointer-to-int-cast]
  655 | { return kapi_syscall1(SYS_time, (long)tloc); }
      |                                  ^
include/kapi_syscall.h: In function 'sys_clock_gettime':
include/kapi_syscall.h:658:51: warning: cast from pointer to integer of different size [-Wpointer-to-int-cast]
  658 | { return kapi_syscall2(SYS_clock_gettime, clk_id, (long)tp); }
      |                                                   ^
include/kapi_syscall.h: In function 'sys_clock_settime':
include/kapi_syscall.h:661:51: warning: cast from pointer to integer of different size [-Wpointer-to-int-cast]
  661 | { return kapi_syscall2(SYS_clock_settime, clk_id, (long)tp); }
      |                                                   ^
include/kapi_syscall.h: In function 'sys_clock_nanosleep':
include/kapi_syscall.h:664:60: warning: cast from pointer to integer of different size [-Wpointer-to-int-cast]
  664 | { return kapi_syscall4(SYS_clock_nanosleep, clk_id, flags, (long)req, (long)rem); }
      |                                                            ^
include/kapi_syscall.h:664:71: warning: cast from pointer to integer of different size [-Wpointer-to-int-cast]
  664 | { return kapi_syscall4(SYS_clock_nanosleep, clk_id, flags, (long)req, (long)rem); }
      |                                                                       ^
include/kapi_syscall.h: In function 'sys_rt_sigaction':
include/kapi_syscall.h:667:47: warning: cast from pointer to integer of different size [-Wpointer-to-int-cast]
  667 | { return kapi_syscall4(SYS_rt_sigaction, sig, (long)act, (long)oact, sigsetsize); }
      |                                               ^
include/kapi_syscall.h:667:58: warning: cast from pointer to integer of different size [-Wpointer-to-int-cast]
  667 | { return kapi_syscall4(SYS_rt_sigaction, sig, (long)act, (long)oact, sigsetsize); }
      |                                                          ^
include/kapi_syscall.h:667:70: warning: conversion from 'size_t' {aka 'long long unsigned int'} to 'long int' may change value [-Wconversion]
  667 | { return kapi_syscall4(SYS_rt_sigaction, sig, (long)act, (long)oact, sigsetsize); }
      |                                                                      ^~~~~~~~~~
include/kapi_syscall.h: In function 'sys_rt_sigprocmask':
include/kapi_syscall.h:670:49: warning: cast from pointer to integer of different size [-Wpointer-to-int-cast]
  670 | { return kapi_syscall4(SYS_rt_sigprocmask, how, (long)set, (long)oldset, sigsetsize); }
      |                                                 ^
include/kapi_syscall.h:670:60: warning: cast from pointer to integer of different size [-Wpointer-to-int-cast]
  670 | { return kapi_syscall4(SYS_rt_sigprocmask, how, (long)set, (long)oldset, sigsetsize); }
      |                                                            ^
include/kapi_syscall.h:670:74: warning: conversion from 'size_t' {aka 'long long unsigned int'} to 'long int' may change value [-Wconversion]
  670 | { return kapi_syscall4(SYS_rt_sigprocmask, how, (long)set, (long)oldset, sigsetsize); }
      |                                                                          ^~~~~~~~~~
include/kapi_syscall.h: In function 'sys_ioctl':
include/kapi_syscall.h:679:39: warning: conversion to 'long int' from 'long unsigned int' may change the sign of the result [-Wsign-conversion]
  679 | { return kapi_syscall3(SYS_ioctl, fd, request, arg); }
      |                                       ^~~~~~~
include/kapi_syscall.h: In function 'sys_pread64':
include/kapi_syscall.h:682:41: warning: cast from pointer to integer of different size [-Wpointer-to-int-cast]
  682 | { return kapi_syscall4(SYS_pread64, fd, (long)buf, count, offset); }
      |                                         ^
include/kapi_syscall.h:682:52: warning: conversion from 'size_t' {aka 'long long unsigned int'} to 'long int' may change value [-Wconversion]
  682 | { return kapi_syscall4(SYS_pread64, fd, (long)buf, count, offset); }
      |                                                    ^~~~~
include/kapi_syscall.h: In function 'sys_pwrite64':
include/kapi_syscall.h:685:42: warning: cast from pointer to integer of different size [-Wpointer-to-int-cast]
  685 | { return kapi_syscall4(SYS_pwrite64, fd, (long)buf, count, offset); }
      |                                          ^
include/kapi_syscall.h:685:53: warning: conversion from 'size_t' {aka 'long long unsigned int'} to 'long int' may change value [-Wconversion]
  685 | { return kapi_syscall4(SYS_pwrite64, fd, (long)buf, count, offset); }
      |                                                     ^~~~~
include/kapi_syscall.h: In function 'sys_readv':
include/kapi_syscall.h:688:39: warning: cast from pointer to integer of different size [-Wpointer-to-int-cast]
  688 | { return kapi_syscall3(SYS_readv, fd, (long)iov, iovcnt); }
      |                                       ^
include/kapi_syscall.h: In function 'sys_writev':
include/kapi_syscall.h:691:40: warning: cast from pointer to integer of different size [-Wpointer-to-int-cast]
  691 | { return kapi_syscall3(SYS_writev, fd, (long)iov, iovcnt); }
      |                                        ^
include/kapi_syscall.h: In function 'sys_getdents':
include/kapi_syscall.h:694:42: warning: cast from pointer to integer of different size [-Wpointer-to-int-cast]
  694 | { return kapi_syscall3(SYS_getdents, fd, (long)dirp, count); }
      |                                          ^
include/kapi_syscall.h:694:54: warning: conversion to 'long int' from 'unsigned int' may change the sign of the result [-Wsign-conversion]
  694 | { return kapi_syscall3(SYS_getdents, fd, (long)dirp, count); }
      |                                                      ^~~~~
include/kapi_syscall.h: In function 'sys_getdents64':
include/kapi_syscall.h:697:44: warning: cast from pointer to integer of different size [-Wpointer-to-int-cast]
  697 | { return kapi_syscall3(SYS_getdents64, fd, (long)dirp, count); }
      |                                            ^
include/kapi_syscall.h:697:56: warning: conversion to 'long int' from 'unsigned int' may change the sign of the result [-Wsign-conversion]
  697 | { return kapi_syscall3(SYS_getdents64, fd, (long)dirp, count); }
      |                                                        ^~~~~
include/kapi_syscall.h: In function 'sys_getgroups':
include/kapi_syscall.h:718:45: warning: cast from pointer to integer of different size [-Wpointer-to-int-cast]
  718 | { return kapi_syscall2(SYS_getgroups, size, (long)list); }
      |                                             ^
include/kapi_syscall.h: In function 'sys_setgroups':
include/kapi_syscall.h:721:45: warning: cast from pointer to integer of different size [-Wpointer-to-int-cast]
  721 | { return kapi_syscall2(SYS_setgroups, size, (long)list); }
      |                                             ^
include/kapi_syscall.h: In function 'sys_uname':
include/kapi_syscall.h:724:35: warning: cast from pointer to integer of different size [-Wpointer-to-int-cast]
  724 | { return kapi_syscall1(SYS_uname, (long)buf); }
      |                                   ^
include/kapi_syscall.h: In function 'sys_sysinfo':
include/kapi_syscall.h:727:37: warning: cast from pointer to integer of different size [-Wpointer-to-int-cast]
  727 | { return kapi_syscall1(SYS_sysinfo, (long)info); }
      |                                     ^
include/kapi_syscall.h: In function 'sys_getrlimit':
include/kapi_syscall.h:730:49: warning: cast from pointer to integer of different size [-Wpointer-to-int-cast]
  730 | { return kapi_syscall2(SYS_getrlimit, resource, (long)rlim); }
      |                                                 ^
include/kapi_syscall.h: In function 'sys_setrlimit':
include/kapi_syscall.h:733:49: warning: cast from pointer to integer of different size [-Wpointer-to-int-cast]
  733 | { return kapi_syscall2(SYS_setrlimit, resource, (long)rlim); }
      |                                                 ^
include/kapi_syscall.h: In function 'sys_getrusage':
include/kapi_syscall.h:736:44: warning: cast from pointer to integer of different size [-Wpointer-to-int-cast]
  736 | { return kapi_syscall2(SYS_getrusage, who, (long)usage); }
      |                                            ^
include/kapi_syscall.h: In function 'sys_times':
include/kapi_syscall.h:739:35: warning: cast from pointer to integer of different size [-Wpointer-to-int-cast]
  739 | { return kapi_syscall1(SYS_times, (long)tbuf); }
      |                                   ^
include/kapi_syscall.h: In function 'sys_reboot':
include/kapi_syscall.h:754:57: warning: cast from pointer to integer of different size [-Wpointer-to-int-cast]
  754 | { return kapi_syscall4(SYS_reboot, magic1, magic2, cmd, (long)arg); }
      |                                                         ^
include/kapi_syscall.h: In function 'sys_chroot':
include/kapi_syscall.h:757:36: warning: cast from pointer to integer of different size [-Wpointer-to-int-cast]
  757 | { return kapi_syscall1(SYS_chroot, (long)path); }
      |                                    ^
include/kapi_syscall.h: In function 'sys_sethostname':
include/kapi_syscall.h:760:41: warning: cast from pointer to integer of different size [-Wpointer-to-int-cast]
  760 | { return kapi_syscall2(SYS_sethostname, (long)name, len); }
      |                                         ^
include/kapi_syscall.h: In function 'sys_setdomainname':
include/kapi_syscall.h:763:43: warning: cast from pointer to integer of different size [-Wpointer-to-int-cast]
  763 | { return kapi_syscall2(SYS_setdomainname, (long)name, len); }
      |                                           ^
include/kapi_syscall.h: In function 'sys_init_module':
include/kapi_syscall.h:766:41: warning: cast from pointer to integer of different size [-Wpointer-to-int-cast]
  766 | { return kapi_syscall3(SYS_init_module, (long)module_image, len, (long)param_values); }
      |                                         ^
include/kapi_syscall.h:766:66: warning: cast from pointer to integer of different size [-Wpointer-to-int-cast]
  766 | { return kapi_syscall3(SYS_init_module, (long)module_image, len, (long)param_values); }
      |                                                                  ^
include/kapi_syscall.h:766:61: warning: conversion to 'long int' from 'long unsigned int' may change the sign of the result [-Wsign-conversion]
  766 | { return kapi_syscall3(SYS_init_module, (long)module_image, len, (long)param_values); }
      |                                                             ^~~
include/kapi_syscall.h: In function 'sys_delete_module':
include/kapi_syscall.h:769:43: warning: cast from pointer to integer of different size [-Wpointer-to-int-cast]
  769 | { return kapi_syscall2(SYS_delete_module, (long)name, flags); }
      |                                           ^
include/kapi_syscall.h:769:55: warning: conversion to 'long int' from 'unsigned int' may change the sign of the result [-Wsign-conversion]
  769 | { return kapi_syscall2(SYS_delete_module, (long)name, flags); }
      |                                                       ^~~~~
include/kapi_syscall.h: In function 'sys_finit_module':
include/kapi_syscall.h:772:46: warning: cast from pointer to integer of different size [-Wpointer-to-int-cast]
  772 | { return kapi_syscall3(SYS_finit_module, fd, (long)param_values, flags); }
      |                                              ^
<2> Building kernel/lib/libc/stdio.c
<3> Building kernel/lib/libc/signal.c
<0> Building kernel/lib/libc/setjmp.c
kernel/lib/libc/setjmp.c: In function 'setjmp':
kernel/lib/libc/setjmp.c:3:20: warning: unused parameter 'env' [-Wunused-parameter]
    3 | int setjmp(jmp_buf env)
      |            ~~~~~~~~^~~
kernel/lib/libc/setjmp.c: In function 'longjmp':
kernel/lib/libc/setjmp.c:8:22: warning: unused parameter 'env' [-Wunused-parameter]
    8 | void longjmp(jmp_buf env, int val)
      |              ~~~~~~~~^~~
kernel/lib/libc/setjmp.c:8:31: warning: unused parameter 'val' [-Wunused-parameter]
    8 | void longjmp(jmp_buf env, int val)
      |                           ~~~~^~~
kernel/lib/libc/signal.c: In function 'signal':
kernel/lib/libc/signal.c:66:51: warning: cast from pointer to integer of different size [-Wpointer-to-int-cast]
   66 |     long ret = syscall4(SYS_rt_sigaction, signum, (long)&act, (long)&oldact, SIGSET_SIZE);
      |                                                   ^
kernel/lib/libc/signal.c:66:63: warning: cast from pointer to integer of different size [-Wpointer-to-int-cast]
   66 |     long ret = syscall4(SYS_rt_sigaction, signum, (long)&act, (long)&oldact, SIGSET_SIZE);
      |                                                               ^
<2> Building kernel/lib/libc/math.c
kernel/lib/libc/math.c: In function 'exp':
kernel/lib/libc/math.c:174:22: warning: conversion from 'long long int' to 'double' may change value [-Wconversion]
  174 |     double r = x - k * 0.69314718055994530942;
      |                      ^
kernel/lib/libc/math.c: In function 'log':
kernel/lib/libc/math.c:210:18: warning: conversion from 'long long int' to 'double' may change value [-Wconversion]
<3> Building kernel/lib/libc/errno.c
  210 |     return y + k * 0.69314718055994530942;
      |                  ^
kernel/lib/libc/math.c: At top level:
kernel/lib/libc/math.c:8:21: warning: 'E' defined but not used [-Wunused-const-variable=]
    8 | static const double E       = 2.71828182845904523536;
      |                     ^
-- Enter folder kernel/kernel --
<0> Building kernel/kernel/workqueue.c
<1> Building kernel/kernel/wait.c
kernel/kernel/workqueue.c: In function '__tasklet_add':
kernel/kernel/workqueue.c:216:22: warning: conversion to 'int' from 'uint32_t' {aka 'unsigned int'} may change the sign of the result [-Wsign-conversion]
  216 |         for (int i = tasklet_count; i > 0; i--) {
      |                      ^~~~~~~~~~~~~
<3> Building kernel/kernel/unixsock.c
kernel/kernel/unixsock.c: In function 'ring_write':
kernel/kernel/unixsock.c:62:21: warning: unused variable 'to_copy' [-Wunused-variable]
   62 |     uint32_t space, to_copy, contiguous, first_chunk;
      |                     ^~~~~~~
kernel/kernel/unixsock.c:59:38: warning: unused parameter 'rpos' [-Wunused-parameter]
   59 |                            uint32_t* rpos, uint32_t* wpos, uint32_t* bytes,
      |                            ~~~~~~~~~~^~~~
kernel/kernel/unixsock.c: In function 'ring_read':
kernel/kernel/unixsock.c:89:14: warning: unused variable 'to_copy' [-Wunused-variable]
   89 |     uint32_t to_copy, contiguous, first_chunk;
      |              ^~~~~~~
kernel/kernel/unixsock.c:86:53: warning: unused parameter 'wpos' [-Wunused-parameter]
   86 |                           uint32_t* rpos, uint32_t* wpos, uint32_t* bytes,
      |                                           ~~~~~~~~~~^~~~
<1> Building kernel/kernel/timer.c
<2> Building kernel/kernel/sysfs.c
<0> Building kernel/kernel/syscall.c
In file included from kernel/kernel/syscall.c:2:
include/kapi_syscall.h: In function 'sys_read':
include/kapi_syscall.h:494:38: warning: cast from pointer to integer of different size [-Wpointer-to-int-cast]
  494 | { return kapi_syscall3(SYS_read, fd, (long)buf, count); }
      |                                      ^
include/kapi_syscall.h:494:49: warning: conversion from 'size_t' {aka 'long long unsigned int'} to 'long int' may change value [-Wconversion]
  494 | { return kapi_syscall3(SYS_read, fd, (long)buf, count); }
      |                                                 ^~~~~
include/kapi_syscall.h: In function 'sys_write':
include/kapi_syscall.h:497:39: warning: cast from pointer to integer of different size [-Wpointer-to-int-cast]
  497 | { return kapi_syscall3(SYS_write, fd, (long)buf, count); }
      |                                       ^
include/kapi_syscall.h:497:50: warning: conversion from 'size_t' {aka 'long long unsigned int'} to 'long int' may change value [-Wconversion]
  497 | { return kapi_syscall3(SYS_write, fd, (long)buf, count); }
      |                                                  ^~~~~
include/kapi_syscall.h: In function 'sys_open':
include/kapi_syscall.h:500:34: warning: cast from pointer to integer of different size [-Wpointer-to-int-cast]
  500 | { return kapi_syscall3(SYS_open, (long)pathname, flags, mode); }
      |                                  ^
include/kapi_syscall.h: In function 'sys_mmap':
include/kapi_syscall.h:509:34: warning: cast from pointer to integer of different size [-Wpointer-to-int-cast]
  509 | { return kapi_syscall6(SYS_mmap, (long)addr, length, prot, flags, fd, offset); }
      |                                  ^
include/kapi_syscall.h:509:46: warning: conversion from 'size_t' {aka 'long long unsigned int'} to 'long int' may change value [-Wconversion]
  509 | { return kapi_syscall6(SYS_mmap, (long)addr, length, prot, flags, fd, offset); }
      |                                              ^~~~~~
include/kapi_syscall.h: In function 'sys_munmap':
include/kapi_syscall.h:512:36: warning: cast from pointer to integer of different size [-Wpointer-to-int-cast]
  512 | { return kapi_syscall2(SYS_munmap, (long)addr, length); }
      |                                    ^
include/kapi_syscall.h:512:48: warning: conversion from 'size_t' {aka 'long long unsigned int'} to 'long int' may change value [-Wconversion]
  512 | { return kapi_syscall2(SYS_munmap, (long)addr, length); }
      |                                                ^~~~~~
include/kapi_syscall.h: In function 'sys_mprotect':
include/kapi_syscall.h:515:38: warning: cast from pointer to integer of different size [-Wpointer-to-int-cast]
  515 | { return kapi_syscall3(SYS_mprotect, (long)addr, len, prot); }
      |                                      ^
include/kapi_syscall.h:515:50: warning: conversion from 'size_t' {aka 'long long unsigned int'} to 'long int' may change value [-Wconversion]
  515 | { return kapi_syscall3(SYS_mprotect, (long)addr, len, prot); }
      |                                                  ^~~
include/kapi_syscall.h: In function 'sys_brk':
include/kapi_syscall.h:518:33: warning: cast from pointer to integer of different size [-Wpointer-to-int-cast]
  518 | { return kapi_syscall1(SYS_brk, (long)addr); }
      |                                 ^
include/kapi_syscall.h: In function 'sys_clone':
include/kapi_syscall.h:527:42: warning: cast from pointer to integer of different size [-Wpointer-to-int-cast]
  527 | { return kapi_syscall5(SYS_clone, flags, (long)stack, (long)ptid, (long)ctid, tls); }
      |                                          ^
include/kapi_syscall.h:527:55: warning: cast from pointer to integer of different size [-Wpointer-to-int-cast]
  527 | { return kapi_syscall5(SYS_clone, flags, (long)stack, (long)ptid, (long)ctid, tls); }
      |                                                       ^
include/kapi_syscall.h:527:67: warning: cast from pointer to integer of different size [-Wpointer-to-int-cast]
  527 | { return kapi_syscall5(SYS_clone, flags, (long)stack, (long)ptid, (long)ctid, tls); }
      |                                                                   ^
include/kapi_syscall.h:527:35: warning: conversion to 'long int' from 'long unsigned int' may change the sign of the result [-Wsign-conversion]
  527 | { return kapi_syscall5(SYS_clone, flags, (long)stack, (long)ptid, (long)ctid, tls); }
      |                                   ^~~~~
include/kapi_syscall.h:527:79: warning: conversion to 'long int' from 'long unsigned int' may change the sign of the result [-Wsign-conversion]
  527 | { return kapi_syscall5(SYS_clone, flags, (long)stack, (long)ptid, (long)ctid, tls); }
      |                                                                               ^~~
include/kapi_syscall.h: In function 'sys_execve':
include/kapi_syscall.h:530:36: warning: cast from pointer to integer of different size [-Wpointer-to-int-cast]
  530 | { return kapi_syscall3(SYS_execve, (long)filename, (long)argv, (long)envp); }
      |                                    ^
include/kapi_syscall.h:530:52: warning: cast from pointer to integer of different size [-Wpointer-to-int-cast]
  530 | { return kapi_syscall3(SYS_execve, (long)filename, (long)argv, (long)envp); }
      |                                                    ^
include/kapi_syscall.h:530:64: warning: cast from pointer to integer of different size [-Wpointer-to-int-cast]
  530 | { return kapi_syscall3(SYS_execve, (long)filename, (long)argv, (long)envp); }
      |                                                                ^
include/kapi_syscall.h: In function 'sys_wait4':
include/kapi_syscall.h:539:40: warning: cast from pointer to integer of different size [-Wpointer-to-int-cast]
  539 | { return kapi_syscall4(SYS_wait4, pid, (long)wstatus, options, (long)rusage); }
      |                                        ^
include/kapi_syscall.h:539:64: warning: cast from pointer to integer of different size [-Wpointer-to-int-cast]
  539 | { return kapi_syscall4(SYS_wait4, pid, (long)wstatus, options, (long)rusage); }
      |                                                                ^
include/kapi_syscall.h: In function 'sys_stat':
include/kapi_syscall.h:554:34: warning: cast from pointer to integer of different size [-Wpointer-to-int-cast]
  554 | { return kapi_syscall2(SYS_stat, (long)pathname, (long)statbuf); }
      |                                  ^
include/kapi_syscall.h:554:50: warning: cast from pointer to integer of different size [-Wpointer-to-int-cast]
  554 | { return kapi_syscall2(SYS_stat, (long)pathname, (long)statbuf); }
      |                                                  ^
include/kapi_syscall.h: In function 'sys_fstat':
include/kapi_syscall.h:557:39: warning: cast from pointer to integer of different size [-Wpointer-to-int-cast]
  557 | { return kapi_syscall2(SYS_fstat, fd, (long)statbuf); }
      |                                       ^
include/kapi_syscall.h: In function 'sys_lstat':
include/kapi_syscall.h:560:35: warning: cast from pointer to integer of different size [-Wpointer-to-int-cast]
  560 | { return kapi_syscall2(SYS_lstat, (long)pathname, (long)statbuf); }
      |                                   ^
include/kapi_syscall.h:560:51: warning: cast from pointer to integer of different size [-Wpointer-to-int-cast]
  560 | { return kapi_syscall2(SYS_lstat, (long)pathname, (long)statbuf); }
      |                                                   ^
include/kapi_syscall.h: In function 'sys_access':
include/kapi_syscall.h:563:36: warning: cast from pointer to integer of different size [-Wpointer-to-int-cast]
  563 | { return kapi_syscall2(SYS_access, (long)pathname, mode); }
      |                                    ^
include/kapi_syscall.h: In function 'sys_chdir':
include/kapi_syscall.h:566:35: warning: cast from pointer to integer of different size [-Wpointer-to-int-cast]
  566 | { return kapi_syscall1(SYS_chdir, (long)path); }
      |                                   ^
include/kapi_syscall.h: In function 'sys_getcwd':
include/kapi_syscall.h:569:36: warning: cast from pointer to integer of different size [-Wpointer-to-int-cast]
  569 | { return kapi_syscall2(SYS_getcwd, (long)buf, size); }
      |                                    ^
include/kapi_syscall.h:569:47: warning: conversion from 'size_t' {aka 'long long unsigned int'} to 'long int' may change value [-Wconversion]
  569 | { return kapi_syscall2(SYS_getcwd, (long)buf, size); }
      |                                               ^~~~
include/kapi_syscall.h: In function 'sys_mkdir':
include/kapi_syscall.h:572:35: warning: cast from pointer to integer of different size [-Wpointer-to-int-cast]
  572 | { return kapi_syscall2(SYS_mkdir, (long)pathname, mode); }
      |                                   ^
include/kapi_syscall.h: In function 'sys_rmdir':
include/kapi_syscall.h:575:35: warning: cast from pointer to integer of different size [-Wpointer-to-int-cast]
  575 | { return kapi_syscall1(SYS_rmdir, (long)pathname); }
      |                                   ^
include/kapi_syscall.h: In function 'sys_unlink':
include/kapi_syscall.h:578:36: warning: cast from pointer to integer of different size [-Wpointer-to-int-cast]
  578 | { return kapi_syscall1(SYS_unlink, (long)pathname); }
      |                                    ^
include/kapi_syscall.h: In function 'sys_rename':
include/kapi_syscall.h:581:36: warning: cast from pointer to integer of different size [-Wpointer-to-int-cast]
  581 | { return kapi_syscall2(SYS_rename, (long)oldpath, (long)newpath); }
      |                                    ^
include/kapi_syscall.h:581:51: warning: cast from pointer to integer of different size [-Wpointer-to-int-cast]
  581 | { return kapi_syscall2(SYS_rename, (long)oldpath, (long)newpath); }
      |                                                   ^
include/kapi_syscall.h: In function 'sys_creat':
include/kapi_syscall.h:584:35: warning: cast from pointer to integer of different size [-Wpointer-to-int-cast]
  584 | { return kapi_syscall2(SYS_creat, (long)pathname, mode); }
      |                                   ^
include/kapi_syscall.h: In function 'sys_link':
include/kapi_syscall.h:587:34: warning: cast from pointer to integer of different size [-Wpointer-to-int-cast]
  587 | { return kapi_syscall2(SYS_link, (long)oldpath, (long)newpath); }
      |                                  ^
include/kapi_syscall.h:587:49: warning: cast from pointer to integer of different size [-Wpointer-to-int-cast]
  587 | { return kapi_syscall2(SYS_link, (long)oldpath, (long)newpath); }
      |                                                 ^
include/kapi_syscall.h: In function 'sys_symlink':
include/kapi_syscall.h:590:37: warning: cast from pointer to integer of different size [-Wpointer-to-int-cast]
  590 | { return kapi_syscall2(SYS_symlink, (long)target, (long)linkpath); }
      |                                     ^
include/kapi_syscall.h:590:51: warning: cast from pointer to integer of different size [-Wpointer-to-int-cast]
  590 | { return kapi_syscall2(SYS_symlink, (long)target, (long)linkpath); }
      |                                                   ^
include/kapi_syscall.h: In function 'sys_readlink':
include/kapi_syscall.h:593:38: warning: cast from pointer to integer of different size [-Wpointer-to-int-cast]
  593 | { return kapi_syscall3(SYS_readlink, (long)pathname, (long)buf, bufsiz); }
      |                                      ^
include/kapi_syscall.h:593:54: warning: cast from pointer to integer of different size [-Wpointer-to-int-cast]
  593 | { return kapi_syscall3(SYS_readlink, (long)pathname, (long)buf, bufsiz); }
      |                                                      ^
include/kapi_syscall.h:593:65: warning: conversion from 'size_t' {aka 'long long unsigned int'} to 'long int' may change value [-Wconversion]
  593 | { return kapi_syscall3(SYS_readlink, (long)pathname, (long)buf, bufsiz); }
      |                                                                 ^~~~~~
include/kapi_syscall.h: In function 'sys_chmod':
include/kapi_syscall.h:596:35: warning: cast from pointer to integer of different size [-Wpointer-to-int-cast]
  596 | { return kapi_syscall2(SYS_chmod, (long)pathname, mode); }
      |                                   ^
include/kapi_syscall.h: In function 'sys_chown':
include/kapi_syscall.h:599:35: warning: cast from pointer to integer of different size [-Wpointer-to-int-cast]
  599 | { return kapi_syscall3(SYS_chown, (long)pathname, owner, group); }
      |                                   ^
include/kapi_syscall.h: In function 'sys_truncate':
include/kapi_syscall.h:602:38: warning: cast from pointer to integer of different size [-Wpointer-to-int-cast]
  602 | { return kapi_syscall2(SYS_truncate, (long)path, length); }
      |                                      ^
include/kapi_syscall.h: In function 'sys_pipe':
include/kapi_syscall.h:626:34: warning: cast from pointer to integer of different size [-Wpointer-to-int-cast]
  626 | { return kapi_syscall1(SYS_pipe, (long)pipefd); }
      |                                  ^
include/kapi_syscall.h: In function 'sys_pipe2':
include/kapi_syscall.h:629:35: warning: cast from pointer to integer of different size [-Wpointer-to-int-cast]
  629 | { return kapi_syscall2(SYS_pipe2, (long)pipefd, flags); }
      |                                   ^
include/kapi_syscall.h: In function 'sys_mount':
include/kapi_syscall.h:634:35: warning: cast from pointer to integer of different size [-Wpointer-to-int-cast]
  634 | { return kapi_syscall5(SYS_mount, (long)source, (long)target, (long)filesystemtype, mountflags, (long)data); }
      |                                   ^
include/kapi_syscall.h:634:49: warning: cast from pointer to integer of different size [-Wpointer-to-int-cast]
  634 | { return kapi_syscall5(SYS_mount, (long)source, (long)target, (long)filesystemtype, mountflags, (long)data); }
      |                                                 ^
include/kapi_syscall.h:634:63: warning: cast from pointer to integer of different size [-Wpointer-to-int-cast]
  634 | { return kapi_syscall5(SYS_mount, (long)source, (long)target, (long)filesystemtype, mountflags, (long)data); }
      |                                                               ^
include/kapi_syscall.h:634:97: warning: cast from pointer to integer of different size [-Wpointer-to-int-cast]
  634 | { return kapi_syscall5(SYS_mount, (long)source, (long)target, (long)filesystemtype, mountflags, (long)data); }
      |                                                                                                 ^
include/kapi_syscall.h:634:85: warning: conversion to 'long int' from 'long unsigned int' may change the sign of the result [-Wsign-conversion]
  634 | { return kapi_syscall5(SYS_mount, (long)source, (long)target, (long)filesystemtype, mountflags, (long)data); }
      |                                                                                     ^~~~~~~~~~
include/kapi_syscall.h: In function 'sys_umount2':
include/kapi_syscall.h:637:37: warning: cast from pointer to integer of different size [-Wpointer-to-int-cast]
  637 | { return kapi_syscall2(SYS_umount2, (long)target, flags); }
      |                                     ^
include/kapi_syscall.h: In function 'sys_swapon':
include/kapi_syscall.h:640:36: warning: cast from pointer to integer of different size [-Wpointer-to-int-cast]
  640 | { return kapi_syscall2(SYS_swapon, (long)path, swapflags); }
      |                                    ^
include/kapi_syscall.h: In function 'sys_swapoff':
include/kapi_syscall.h:643:37: warning: cast from pointer to integer of different size [-Wpointer-to-int-cast]
  643 | { return kapi_syscall1(SYS_swapoff, (long)path); }
      |                                     ^
include/kapi_syscall.h: In function 'sys_nanosleep':
include/kapi_syscall.h:646:39: warning: cast from pointer to integer of different size [-Wpointer-to-int-cast]
  646 | { return kapi_syscall2(SYS_nanosleep, (long)req, (long)rem); }
      |                                       ^
include/kapi_syscall.h:646:50: warning: cast from pointer to integer of different size [-Wpointer-to-int-cast]
  646 | { return kapi_syscall2(SYS_nanosleep, (long)req, (long)rem); }
      |                                                  ^
include/kapi_syscall.h: In function 'sys_gettimeofday':
include/kapi_syscall.h:649:42: warning: cast from pointer to integer of different size [-Wpointer-to-int-cast]
  649 | { return kapi_syscall2(SYS_gettimeofday, (long)tv, (long)tz); }
      |                                          ^
include/kapi_syscall.h:649:52: warning: cast from pointer to integer of different size [-Wpointer-to-int-cast]
  649 | { return kapi_syscall2(SYS_gettimeofday, (long)tv, (long)tz); }
      |                                                    ^
include/kapi_syscall.h: In function 'sys_settimeofday':
include/kapi_syscall.h:652:42: warning: cast from pointer to integer of different size [-Wpointer-to-int-cast]
  652 | { return kapi_syscall2(SYS_settimeofday, (long)tv, (long)tz); }
      |                                          ^
include/kapi_syscall.h:652:52: warning: cast from pointer to integer of different size [-Wpointer-to-int-cast]
  652 | { return kapi_syscall2(SYS_settimeofday, (long)tv, (long)tz); }
      |                                                    ^
include/kapi_syscall.h: In function 'sys_time':
include/kapi_syscall.h:655:34: warning: cast from pointer to integer of different size [-Wpointer-to-int-cast]
  655 | { return kapi_syscall1(SYS_time, (long)tloc); }
      |                                  ^
include/kapi_syscall.h: In function 'sys_clock_gettime':
include/kapi_syscall.h:658:51: warning: cast from pointer to integer of different size [-Wpointer-to-int-cast]
  658 | { return kapi_syscall2(SYS_clock_gettime, clk_id, (long)tp); }
      |                                                   ^
include/kapi_syscall.h: In function 'sys_clock_settime':
include/kapi_syscall.h:661:51: warning: cast from pointer to integer of different size [-Wpointer-to-int-cast]
  661 | { return kapi_syscall2(SYS_clock_settime, clk_id, (long)tp); }
      |                                                   ^
include/kapi_syscall.h: In function 'sys_clock_nanosleep':
include/kapi_syscall.h:664:60: warning: cast from pointer to integer of different size [-Wpointer-to-int-cast]
  664 | { return kapi_syscall4(SYS_clock_nanosleep, clk_id, flags, (long)req, (long)rem); }
      |                                                            ^
include/kapi_syscall.h:664:71: warning: cast from pointer to integer of different size [-Wpointer-to-int-cast]
  664 | { return kapi_syscall4(SYS_clock_nanosleep, clk_id, flags, (long)req, (long)rem); }
      |                                                                       ^
include/kapi_syscall.h: In function 'sys_rt_sigaction':
include/kapi_syscall.h:667:47: warning: cast from pointer to integer of different size [-Wpointer-to-int-cast]
  667 | { return kapi_syscall4(SYS_rt_sigaction, sig, (long)act, (long)oact, sigsetsize); }
      |                                               ^
include/kapi_syscall.h:667:58: warning: cast from pointer to integer of different size [-Wpointer-to-int-cast]
  667 | { return kapi_syscall4(SYS_rt_sigaction, sig, (long)act, (long)oact, sigsetsize); }
      |                                                          ^
include/kapi_syscall.h:667:70: warning: conversion from 'size_t' {aka 'long long unsigned int'} to 'long int' may change value [-Wconversion]
  667 | { return kapi_syscall4(SYS_rt_sigaction, sig, (long)act, (long)oact, sigsetsize); }
      |                                                                      ^~~~~~~~~~
include/kapi_syscall.h: In function 'sys_rt_sigprocmask':
include/kapi_syscall.h:670:49: warning: cast from pointer to integer of different size [-Wpointer-to-int-cast]
  670 | { return kapi_syscall4(SYS_rt_sigprocmask, how, (long)set, (long)oldset, sigsetsize); }
      |                                                 ^
include/kapi_syscall.h:670:60: warning: cast from pointer to integer of different size [-Wpointer-to-int-cast]
  670 | { return kapi_syscall4(SYS_rt_sigprocmask, how, (long)set, (long)oldset, sigsetsize); }
      |                                                            ^
include/kapi_syscall.h:670:74: warning: conversion from 'size_t' {aka 'long long unsigned int'} to 'long int' may change value [-Wconversion]
  670 | { return kapi_syscall4(SYS_rt_sigprocmask, how, (long)set, (long)oldset, sigsetsize); }
      |                                                                          ^~~~~~~~~~
include/kapi_syscall.h: In function 'sys_ioctl':
include/kapi_syscall.h:679:39: warning: conversion to 'long int' from 'long unsigned int' may change the sign of the result [-Wsign-conversion]
  679 | { return kapi_syscall3(SYS_ioctl, fd, request, arg); }
      |                                       ^~~~~~~
include/kapi_syscall.h: In function 'sys_pread64':
include/kapi_syscall.h:682:41: warning: cast from pointer to integer of different size [-Wpointer-to-int-cast]
  682 | { return kapi_syscall4(SYS_pread64, fd, (long)buf, count, offset); }
      |                                         ^
include/kapi_syscall.h:682:52: warning: conversion from 'size_t' {aka 'long long unsigned int'} to 'long int' may change value [-Wconversion]
  682 | { return kapi_syscall4(SYS_pread64, fd, (long)buf, count, offset); }
      |                                                    ^~~~~
include/kapi_syscall.h: In function 'sys_pwrite64':
include/kapi_syscall.h:685:42: warning: cast from pointer to integer of different size [-Wpointer-to-int-cast]
  685 | { return kapi_syscall4(SYS_pwrite64, fd, (long)buf, count, offset); }
      |                                          ^
include/kapi_syscall.h:685:53: warning: conversion from 'size_t' {aka 'long long unsigned int'} to 'long int' may change value [-Wconversion]
  685 | { return kapi_syscall4(SYS_pwrite64, fd, (long)buf, count, offset); }
      |                                                     ^~~~~
include/kapi_syscall.h: In function 'sys_readv':
include/kapi_syscall.h:688:39: warning: cast from pointer to integer of different size [-Wpointer-to-int-cast]
  688 | { return kapi_syscall3(SYS_readv, fd, (long)iov, iovcnt); }
      |                                       ^
include/kapi_syscall.h: In function 'sys_writev':
include/kapi_syscall.h:691:40: warning: cast from pointer to integer of different size [-Wpointer-to-int-cast]
  691 | { return kapi_syscall3(SYS_writev, fd, (long)iov, iovcnt); }
      |                                        ^
include/kapi_syscall.h: In function 'sys_getdents':
include/kapi_syscall.h:694:42: warning: cast from pointer to integer of different size [-Wpointer-to-int-cast]
  694 | { return kapi_syscall3(SYS_getdents, fd, (long)dirp, count); }
      |                                          ^
include/kapi_syscall.h:694:54: warning: conversion to 'long int' from 'unsigned int' may change the sign of the result [-Wsign-conversion]
  694 | { return kapi_syscall3(SYS_getdents, fd, (long)dirp, count); }
      |                                                      ^~~~~
include/kapi_syscall.h: In function 'sys_getdents64':
include/kapi_syscall.h:697:44: warning: cast from pointer to integer of different size [-Wpointer-to-int-cast]
  697 | { return kapi_syscall3(SYS_getdents64, fd, (long)dirp, count); }
      |                                            ^
include/kapi_syscall.h:697:56: warning: conversion to 'long int' from 'unsigned int' may change the sign of the result [-Wsign-conversion]
  697 | { return kapi_syscall3(SYS_getdents64, fd, (long)dirp, count); }
      |                                                        ^~~~~
include/kapi_syscall.h: In function 'sys_getgroups':
include/kapi_syscall.h:718:45: warning: cast from pointer to integer of different size [-Wpointer-to-int-cast]
  718 | { return kapi_syscall2(SYS_getgroups, size, (long)list); }
      |                                             ^
include/kapi_syscall.h: In function 'sys_setgroups':
include/kapi_syscall.h:721:45: warning: cast from pointer to integer of different size [-Wpointer-to-int-cast]
  721 | { return kapi_syscall2(SYS_setgroups, size, (long)list); }
      |                                             ^
include/kapi_syscall.h: In function 'sys_uname':
include/kapi_syscall.h:724:35: warning: cast from pointer to integer of different size [-Wpointer-to-int-cast]
  724 | { return kapi_syscall1(SYS_uname, (long)buf); }
      |                                   ^
include/kapi_syscall.h: In function 'sys_sysinfo':
include/kapi_syscall.h:727:37: warning: cast from pointer to integer of different size [-Wpointer-to-int-cast]
  727 | { return kapi_syscall1(SYS_sysinfo, (long)info); }
      |                                     ^
include/kapi_syscall.h: In function 'sys_getrlimit':
include/kapi_syscall.h:730:49: warning: cast from pointer to integer of different size [-Wpointer-to-int-cast]
  730 | { return kapi_syscall2(SYS_getrlimit, resource, (long)rlim); }
      |                                                 ^
include/kapi_syscall.h: In function 'sys_setrlimit':
include/kapi_syscall.h:733:49: warning: cast from pointer to integer of different size [-Wpointer-to-int-cast]
  733 | { return kapi_syscall2(SYS_setrlimit, resource, (long)rlim); }
      |                                                 ^
include/kapi_syscall.h: In function 'sys_getrusage':
include/kapi_syscall.h:736:44: warning: cast from pointer to integer of different size [-Wpointer-to-int-cast]
  736 | { return kapi_syscall2(SYS_getrusage, who, (long)usage); }
      |                                            ^
include/kapi_syscall.h: In function 'sys_times':
include/kapi_syscall.h:739:35: warning: cast from pointer to integer of different size [-Wpointer-to-int-cast]
  739 | { return kapi_syscall1(SYS_times, (long)tbuf); }
      |                                   ^
include/kapi_syscall.h: In function 'sys_reboot':
include/kapi_syscall.h:754:57: warning: cast from pointer to integer of different size [-Wpointer-to-int-cast]
  754 | { return kapi_syscall4(SYS_reboot, magic1, magic2, cmd, (long)arg); }
      |                                                         ^
include/kapi_syscall.h: In function 'sys_chroot':
include/kapi_syscall.h:757:36: warning: cast from pointer to integer of different size [-Wpointer-to-int-cast]
  757 | { return kapi_syscall1(SYS_chroot, (long)path); }
      |                                    ^
include/kapi_syscall.h: In function 'sys_sethostname':
include/kapi_syscall.h:760:41: warning: cast from pointer to integer of different size [-Wpointer-to-int-cast]
  760 | { return kapi_syscall2(SYS_sethostname, (long)name, len); }
      |                                         ^
include/kapi_syscall.h: In function 'sys_setdomainname':
include/kapi_syscall.h:763:43: warning: cast from pointer to integer of different size [-Wpointer-to-int-cast]
  763 | { return kapi_syscall2(SYS_setdomainname, (long)name, len); }
      |                                           ^
include/kapi_syscall.h: In function 'sys_init_module':
include/kapi_syscall.h:766:41: warning: cast from pointer to integer of different size [-Wpointer-to-int-cast]
  766 | { return kapi_syscall3(SYS_init_module, (long)module_image, len, (long)param_values); }
      |                                         ^
include/kapi_syscall.h:766:66: warning: cast from pointer to integer of different size [-Wpointer-to-int-cast]
  766 | { return kapi_syscall3(SYS_init_module, (long)module_image, len, (long)param_values); }
      |                                                                  ^
include/kapi_syscall.h:766:61: warning: conversion to 'long int' from 'long unsigned int' may change the sign of the result [-Wsign-conversion]
  766 | { return kapi_syscall3(SYS_init_module, (long)module_image, len, (long)param_values); }
      |                                                             ^~~
include/kapi_syscall.h: In function 'sys_delete_module':
include/kapi_syscall.h:769:43: warning: cast from pointer to integer of different size [-Wpointer-to-int-cast]
  769 | { return kapi_syscall2(SYS_delete_module, (long)name, flags); }
      |                                           ^
include/kapi_syscall.h:769:55: warning: conversion to 'long int' from 'unsigned int' may change the sign of the result [-Wsign-conversion]
  769 | { return kapi_syscall2(SYS_delete_module, (long)name, flags); }
      |                                                       ^~~~~
include/kapi_syscall.h: In function 'sys_finit_module':
include/kapi_syscall.h:772:46: warning: cast from pointer to integer of different size [-Wpointer-to-int-cast]
  772 | { return kapi_syscall3(SYS_finit_module, fd, (long)param_values, flags); }
      |                                              ^
kernel/kernel/syscall.c: In function 'kenux_syscall_entry':
kernel/kernel/syscall.c:41:32: warning: ISO C forbids conversion of object pointer to function pointer type [-Wpedantic]
   41 |         kapi_syscall_fn_t fn = (kapi_syscall_fn_t)syscall_table[nr].handler;
      |                                ^
In file included from kernel/kernel/timer.c:3:
kernel/kernel/timer.c: In function '__calc_index':
kernel/kernel/timer.h:29:31: warning: conversion to 'uint64_t' {aka 'long long unsigned int'} from 'int' may change the sign of the result [-Wsign-conversion]
   29 | #define TIMER_WHEEL_BITS      8
      |                               ^
kernel/kernel/timer.c:63:22: note: in expansion of macro 'TIMER_WHEEL_BITS'
   63 |     uint64_t shift = TIMER_WHEEL_BITS * (*level);
      |                      ^~~~~~~~~~~~~~~~
kernel/kernel/sysfs.c: In function 'sysfs_vfs_read':
kernel/kernel/sysfs.c:87:57: warning: conversion to 'long long unsigned int' from 'int' may change the sign of the result [-Wsign-conversion]
   87 |             len = attr->show(temp + total, sizeof(temp) - total);
      |                                                         ^
kernel/kernel/sysfs.c:89:55: warning: conversion to 'long long unsigned int' from 'int' may change the sign of the result [-Wsign-conversion]
   89 |             len = snprintf(temp + total, sizeof(temp) - total, "%s\n", attr->value);
      |                                                       ^
<0> Building kernel/kernel/sync.c
<2> Building kernel/kernel/stacktrace.c
kernel/kernel/sync.c: In function 'mutex_is_locked':
kernel/kernel/sync.c:249:15: warning: conversion to 'int' from 'uint32_t' {aka 'unsigned int'} may change the sign of the result [-Wsign-conversion]
  249 |     return mtx->locked;
      |            ~~~^~~~~~~~
<3> Building kernel/kernel/signal.c
<1> Building kernel/kernel/shell_enhanced.c
kernel/kernel/stacktrace.c: In function '__addr_to_symbol':
kernel/kernel/stacktrace.c:17:9: warning: the address of 'kernel_symbols_start' will always evaluate as 'true' [-Waddress]
   17 |     if (!kernel_symbols_start || kernel_symbols_start == kernel_symbols_end) {
      |         ^
kernel/kernel/stacktrace.c:17:55: warning: comparison between two arrays [-Warray-compare]
   17 |     if (!kernel_symbols_start || kernel_symbols_start == kernel_symbols_end) {
      |                                                       ^~
kernel/kernel/stacktrace.c:17:55: note: use '&kernel_symbols_start[0] == &kernel_symbols_end[0]' to compare the addresses
kernel/kernel/stacktrace.c: In function '__print_frame':
kernel/kernel/stacktrace.c:47:20: warning: conversion from 'int' to 'char' may change value [-Wconversion]
   47 |         buf[i++] = (nibble < 10) ? ('0' + nibble) : ('a' + nibble - 10);
      |                    ^
kernel/kernel/stacktrace.c:56:20: warning: conversion from 'int' to 'char' may change value [-Wconversion]
   56 |         num[n++] = '0' + (f % 10);
      |                    ^~~
kernel/kernel/stacktrace.c: In function '__assert_fail':
kernel/kernel/stacktrace.c:128:20: warning: conversion from 'int' to 'char' may change value [-Wconversion]
  128 |         num[n++] = '0' + (l % 10);
      |                    ^~~
kernel/kernel/signal.c: In function 'signal_send_info':
kernel/kernel/signal.c:184:19: warning: conversion from 'uint64_t' {aka 'long long unsigned int'} to 'int' may change value [-Wconversion]
  184 |     info.si_pid = current_process;
      |                   ^~~~~~~~~~~~~~~
kernel/kernel/signal.c: In function '__signal_setup_frame':
kernel/kernel/signal.c:222:27: warning: conversion from 'uint64_t' {aka 'long long unsigned int'} to 'int' may change value [-Wconversion]
  222 |     siginfo_ptr->si_pid = current_process;
      |                           ^~~~~~~~~~~~~~~
kernel/kernel/signal.c: In function 'signal_do_pending':
kernel/kernel/signal.c:251:29: warning: ISO C forbids comparison of 'void *' with function pointer [-Wpedantic]
  251 |         if (act->sa_handler == (void*)1) {
      |                             ^~
kernel/kernel/signal.c:280:23: warning: conversion from 'uint64_t' {aka 'long long unsigned int'} to 'int' may change value [-Wconversion]
  280 |         info.si_pid = current_process;
      |                       ^~~~~~~~~~~~~~~
kernel/kernel/signal.c:289:20: warning: unused variable 'old_blocked' [-Wunused-variable]
  289 |         k_sigset_t old_blocked = sig_data->blocked;
      |                    ^~~~~~~~~~~
In file included from include/kapi.h:23,
                 from kernel/kernel/shell_enhanced.c:9:
include/kapi_bitmap.h: In function 'kapi_bitmap_set_all':
include/kapi_bitmap.h:33:26: warning: conversion from 'long long unsigned int' to 'unsigned int' may change value [-Wconversion]
   33 |     unsigned int longs = (nbits + KAPI_BITS_PER_LONG - 1) / KAPI_BITS_PER_LONG;
      |                          ^
include/kapi_bitmap.h: In function 'kapi_bitmap_clear_all':
include/kapi_bitmap.h:41:26: warning: conversion from 'long long unsigned int' to 'unsigned int' may change value [-Wconversion]
   41 |     unsigned int longs = (nbits + KAPI_BITS_PER_LONG - 1) / KAPI_BITS_PER_LONG;
      |                          ^
include/kapi_bitmap.h: In function 'kapi_bitmap_find_first':
include/kapi_bitmap.h:49:26: warning: conversion from 'long long unsigned int' to 'unsigned int' may change value [-Wconversion]
   49 |     unsigned int longs = (nbits + KAPI_BITS_PER_LONG - 1) / KAPI_BITS_PER_LONG;
      |                          ^
include/kapi_bitmap.h:56:35: warning: conversion to 'int' from 'unsigned int' may change the sign of the result [-Wsign-conversion]
   56 |                     return offset + j;
      |                            ~~~~~~~^~~
include/kapi_bitmap.h: In function 'kapi_bitmap_find_first_zero':
include/kapi_bitmap.h:66:26: warning: conversion from 'long long unsigned int' to 'unsigned int' may change value [-Wconversion]
   66 |     unsigned int longs = (nbits + KAPI_BITS_PER_LONG - 1) / KAPI_BITS_PER_LONG;
      |                          ^
include/kapi_bitmap.h:73:35: warning: conversion to 'int' from 'unsigned int' may change the sign of the result [-Wsign-conversion]
   73 |                     return offset + j;
      |                            ~~~~~~~^~~
include/kapi_bitmap.h: In function 'kapi_bitmap_count':
include/kapi_bitmap.h:84:26: warning: conversion from 'long long unsigned int' to 'unsigned int' may change value [-Wconversion]
   84 |     unsigned int longs = (nbits + KAPI_BITS_PER_LONG - 1) / KAPI_BITS_PER_LONG;
      |                          ^
In file included from include/kapi.h:59:
include/kapi_netlink.h: In function 'kapi_nlmsg_next':
include/kapi_netlink.h:19:37: warning: conversion to 'int' from 'uint32_t' {aka 'unsigned int'} may change the sign of the result [-Wsign-conversion]
   19 | #define KAPI_NLMSG_ALIGNTO          4
      |                                     ^
include/kapi_netlink.h:75:18: note: in expansion of macro 'KAPI_NLMSG_ALIGNTO'
   75 |     int totlen = KAPI_NLMSG_ALIGNTO * ((nlh->nlmsg_len + KAPI_NLMSG_ALIGNTO - 1) / KAPI_NLMSG_ALIGNTO);
      |                  ^~~~~~~~~~~~~~~~~~
kernel/kernel/shell_enhanced.c: In function 'shell_parse_line':
kernel/kernel/shell_enhanced.c:159:41: warning: conversion to 'long long unsigned int' from 'int' may change the sign of the result [-Wsign-conversion]
  159 |     memset(cmds, 0, sizeof(shell_cmd_t) * max_cmds);
      |                                         ^
kernel/kernel/shell_enhanced.c: At top level:
kernel/kernel/shell_enhanced.c:191:12: warning: 'shell_create_pipe' defined but not used [-Wunused-function]
  191 | static int shell_create_pipe(int pipefd[2])
      |            ^~~~~~~~~~~~~~~~~
kernel/kernel/shell_enhanced.c:92:13: warning: 'shell_unquote' defined but not used [-Wunused-function]
   92 | static void shell_unquote(char* dst, const char* src, uint64_t max)
      |             ^~~~~~~~~~~~~
kernel/kernel/shell_enhanced.c:37:17: warning: 'history_index' defined but not used [-Wunused-variable]
   37 | static uint32_t history_index = 0;
      |                 ^~~~~~~~~~~~~
<1> Building kernel/kernel/rcu.c
<2> Building kernel/kernel/process.c
kernel/kernel/process.c: In function '__process_trampoline':
kernel/kernel/process.c:14:29: warning: ISO C forbids conversion of object pointer to function pointer type [-Wpedantic]
   14 |         void (*fn)(void*) = (void (*)(void*))p->entry;
      |                             ^
kernel/kernel/process.c: In function 'process_create':
kernel/kernel/process.c:36:16: warning: conversion to 'uint64_t' {aka 'long long unsigned int'} from 'int' may change the sign of the result [-Wsign-conversion]
   36 |     proc->id = process_count;
      |                ^~~~~~~~~~~~~
kernel/kernel/process.c: In function 'process_exit':
kernel/kernel/process.c:51:28: warning: unused parameter 'code' [-Wunused-parameter]
   51 | void process_exit(uint64_t code)
      |                   ~~~~~~~~~^~~~
kernel/kernel/process.c: In function 'process_switch':
kernel/kernel/process.c:84:63: warning: unused parameter 'old' [-Wunused-parameter]
   84 | __attribute__((naked)) void process_switch(process_context_t* old, process_context_t* new)
      |                                            ~~~~~~~~~~~~~~~~~~~^~~
kernel/kernel/process.c:84:87: warning: unused parameter 'new' [-Wunused-parameter]
   84 | __attribute__((naked)) void process_switch(process_context_t* old, process_context_t* new)
      |                                                                    ~~~~~~~~~~~~~~~~~~~^~~
<0> Building kernel/kernel/printk.c
<3> Building kernel/kernel/namespace.c
kernel/kernel/printk.c: In function '__vsnprintf':
kernel/kernel/printk.c:86:32: warning: conversion from 'int' to 'char' may change value [-Wconversion]
   86 |                     num[n++] = '0' + (val % 10);
      |                                ^~~
kernel/kernel/printk.c:97:32: warning: conversion from 'unsigned int' to 'char' may change value [-Wconversion]
   97 |                     num[n++] = '0' + (val % 10);
      |                                ^~~
kernel/kernel/printk.c:109:32: warning: conversion from 'int' to 'char' may change value [-Wconversion]
  109 |                     buf[i++] = (nibble < 10) ? ('0' + nibble) : ('a' + nibble - 10);
      |                                ^
kernel/kernel/printk.c:120:36: warning: conversion from 'uint64_t' {aka 'long long unsigned int'} to 'char' may change value [-Wconversion]
  120 |                         num[n++] = '0' + (val % 10);
      |                                    ^~~
kernel/kernel/printk.c:130:36: warning: conversion from 'int' to 'char' may change value [-Wconversion]
  130 |                         buf[i++] = (nibble < 10) ? ('0' + nibble) : ('a' + nibble - 10);
      |                                    ^
kernel/kernel/printk.c:141:36: warning: conversion from 'int64_t' {aka 'long long int'} to 'char' may change value [-Wconversion]
  141 |                         num[n++] = '0' + (val % 10);
      |                                    ^~~
kernel/kernel/printk.c:159:32: warning: conversion from 'int' to 'char' may change value [-Wconversion]
  159 |                     buf[i++] = (nibble < 10) ? ('0' + nibble) : ('a' + nibble - 10);
      |                                ^
kernel/kernel/printk.c: In function 'printk':
kernel/kernel/printk.c:199:22: warning: conversion to 'uint64_t' {aka 'long long unsigned int'} from 'int' may change the sign of the result [-Wsign-conversion]
  199 |     __log_store(buf, len);
      |                      ^~~
kernel/kernel/printk.c:202:28: warning: conversion to 'uint64_t' {aka 'long long unsigned int'} from 'int' may change the sign of the result [-Wsign-conversion]
  202 |         console_write(buf, len);
      |                            ^~~
kernel/kernel/printk.c: In function 'printk_emerg':
kernel/kernel/printk.c:213:22: warning: conversion to 'uint64_t' {aka 'long long unsigned int'} from 'int' may change the sign of the result [-Wsign-conversion]
  213 |     __log_store(buf, len);
      |                      ^~~
kernel/kernel/printk.c:214:24: warning: conversion to 'uint64_t' {aka 'long long unsigned int'} from 'int' may change the sign of the result [-Wsign-conversion]
  214 |     console_write(buf, len);
      |                        ^~~
kernel/kernel/printk.c: In function 'printk_alert':
kernel/kernel/printk.c:224:22: warning: conversion to 'uint64_t' {aka 'long long unsigned int'} from 'int' may change the sign of the result [-Wsign-conversion]
  224 |     __log_store(buf, len);
      |                      ^~~
kernel/kernel/printk.c:225:51: warning: conversion to 'uint64_t' {aka 'long long unsigned int'} from 'int' may change the sign of the result [-Wsign-conversion]
  225 |     if (1 <= console_loglevel) console_write(buf, len);
      |                                                   ^~~
kernel/kernel/printk.c: In function 'printk_crit':
kernel/kernel/printk.c:235:22: warning: conversion to 'uint64_t' {aka 'long long unsigned int'} from 'int' may change the sign of the result [-Wsign-conversion]
  235 |     __log_store(buf, len);
      |                      ^~~
kernel/kernel/printk.c:236:51: warning: conversion to 'uint64_t' {aka 'long long unsigned int'} from 'int' may change the sign of the result [-Wsign-conversion]
  236 |     if (2 <= console_loglevel) console_write(buf, len);
      |                                                   ^~~
kernel/kernel/printk.c: In function 'printk_err':
kernel/kernel/printk.c:246:22: warning: conversion to 'uint64_t' {aka 'long long unsigned int'} from 'int' may change the sign of the result [-Wsign-conversion]
  246 |     __log_store(buf, len);
      |                      ^~~
kernel/kernel/printk.c:247:51: warning: conversion to 'uint64_t' {aka 'long long unsigned int'} from 'int' may change the sign of the result [-Wsign-conversion]
  247 |     if (3 <= console_loglevel) console_write(buf, len);
      |                                                   ^~~
kernel/kernel/printk.c: In function 'printk_warn':
kernel/kernel/printk.c:257:22: warning: conversion to 'uint64_t' {aka 'long long unsigned int'} from 'int' may change the sign of the result [-Wsign-conversion]
  257 |     __log_store(buf, len);
      |                      ^~~
kernel/kernel/printk.c:258:51: warning: conversion to 'uint64_t' {aka 'long long unsigned int'} from 'int' may change the sign of the result [-Wsign-conversion]
  258 |     if (4 <= console_loglevel) console_write(buf, len);
      |                                                   ^~~
kernel/kernel/printk.c: In function 'printk_notice':
kernel/kernel/printk.c:268:22: warning: conversion to 'uint64_t' {aka 'long long unsigned int'} from 'int' may change the sign of the result [-Wsign-conversion]
  268 |     __log_store(buf, len);
      |                      ^~~
kernel/kernel/printk.c:269:51: warning: conversion to 'uint64_t' {aka 'long long unsigned int'} from 'int' may change the sign of the result [-Wsign-conversion]
  269 |     if (5 <= console_loglevel) console_write(buf, len);
      |                                                   ^~~
kernel/kernel/printk.c: In function 'printk_info':
kernel/kernel/printk.c:279:22: warning: conversion to 'uint64_t' {aka 'long long unsigned int'} from 'int' may change the sign of the result [-Wsign-conversion]
  279 |     __log_store(buf, len);
      |                      ^~~
kernel/kernel/printk.c:280:51: warning: conversion to 'uint64_t' {aka 'long long unsigned int'} from 'int' may change the sign of the result [-Wsign-conversion]
  280 |     if (6 <= console_loglevel) console_write(buf, len);
      |                                                   ^~~
kernel/kernel/printk.c: In function 'printk_debug':
kernel/kernel/printk.c:290:22: warning: conversion to 'uint64_t' {aka 'long long unsigned int'} from 'int' may change the sign of the result [-Wsign-conversion]
  290 |     __log_store(buf, len);
      |                      ^~~
kernel/kernel/printk.c:291:51: warning: conversion to 'uint64_t' {aka 'long long unsigned int'} from 'int' may change the sign of the result [-Wsign-conversion]
  291 |     if (7 <= console_loglevel) console_write(buf, len);
      |                                                   ^~~
kernel/kernel/namespace.c: In function 'pid_ns_free_pid':
kernel/kernel/namespace.c:332:33: warning: conversion to 'u32' {aka 'unsigned int'} from 'int' may change the sign of the result [-Wsign-conversion]
  332 |     ns->pid_allocated[byte_idx] &= ~(1 << bit_idx);
      |                                 ^~
kernel/kernel/namespace.c: In function 'ns_unshare':
kernel/kernel/namespace.c:392:19: warning: conversion to 'u32' {aka 'unsigned int'} from 'int' may change the sign of the result [-Wsign-conversion]
  392 |     u32 ns_type = unshare_flags_to_ns_type(type);
      |                   ^~~~~~~~~~~~~~~~~~~~~~~~
kernel/kernel/namespace.c:396:12: error: lvalue required as unary '&' operand
  396 |     ns_put(&((namespace_t *)ns));
      |            ^
<1> Building kernel/kernel/module.c
<2> Building kernel/kernel/kthread.c
<3> Building kernel/kernel/kernel.c
kernel/kernel/module.c: In function '__apply_relocations':
kernel/kernel/module.c:83:17: warning: unused variable 'shstr' [-Wunused-variable]
   83 |     const char* shstr = (const char*)(data + shstrtab->sh_offset);
      |                 ^~~~~
kernel/kernel/module.c:76:77: warning: unused parameter 'size' [-Wunused-parameter]
   76 | static int __apply_relocations(module_t* mod, const uint8_t* data, uint64_t size)
      |                                                                    ~~~~~~~~~^~~~
kernel/kernel/module.c: In function 'module_load':
kernel/kernel/module.c:144:56: warning: pointer of type 'void *' used in arithmetic [-Wpointer-arith]
  144 |     const Elf64_Shdr* shdrs = (const Elf64_Shdr*)(data + ehdr->e_shoff);
      |                                                        ^
kernel/kernel/module.c:146:44: warning: pointer of type 'void *' used in arithmetic [-Wpointer-arith]
  146 |     const char* shstr = (const char*)(data + shstrtab->sh_offset);
      |                                            ^
kernel/kernel/module.c:155:44: warning: pointer of type 'void *' used in arithmetic [-Wpointer-arith]
  155 |             memcpy(mod->text_section, data + shdrs[i].sh_offset, shdrs[i].sh_size);
      |                                            ^
kernel/kernel/module.c:160:44: warning: pointer of type 'void *' used in arithmetic [-Wpointer-arith]
  160 |             memcpy(mod->data_section, data + shdrs[i].sh_offset, shdrs[i].sh_size);
      |                                            ^
kernel/kernel/module.c:167:55: warning: pointer of type 'void *' used in arithmetic [-Wpointer-arith]
  167 |             if (mod->symtab) memcpy(mod->symtab, data + shdrs[i].sh_offset, shdrs[i].sh_size);
      |                                                       ^
kernel/kernel/module.c:171:55: warning: pointer of type 'void *' used in arithmetic [-Wpointer-arith]
  171 |             if (mod->strtab) memcpy(mod->strtab, data + shdrs[i].sh_offset, shdrs[i].sh_size);
      |                                                       ^
kernel/kernel/module.c:185:63: warning: pointer of type 'void *' used in arithmetic [-Wpointer-arith]
  185 |                 mod->init = (int (*)(void))(mod->text_section + syms[i].st_value);
      |                                                               ^
kernel/kernel/module.c:185:29: warning: ISO C forbids conversion of object pointer to function pointer type [-Wpedantic]
  185 |                 mod->init = (int (*)(void))(mod->text_section + syms[i].st_value);
      |                             ^
kernel/kernel/module.c:187:64: warning: pointer of type 'void *' used in arithmetic [-Wpointer-arith]
  187 |                 mod->exit = (void (*)(void))(mod->text_section + syms[i].st_value);
      |                                                                ^
kernel/kernel/module.c:187:29: warning: ISO C forbids conversion of object pointer to function pointer type [-Wpedantic]
  187 |                 mod->exit = (void (*)(void))(mod->text_section + syms[i].st_value);
      |                             ^
kernel/kernel/module.c: In function 'module_get_next':
kernel/kernel/module.c:290:20: warning: conversion from 'long long int' to 'uint32_t' {aka 'unsigned int'} may change value [-Wconversion]
  290 |     uint32_t idx = mod - module_table;
      |                    ^~~
kernel/kernel/module.c: At top level:
kernel/kernel/module.c:76:12: warning: '__apply_relocations' defined but not used [-Wunused-function]
   76 | static int __apply_relocations(module_t* mod, const uint8_t* data, uint64_t size)
      |            ^~~~~~~~~~~~~~~~~~~
kernel/kernel/kthread.c: In function 'kthread_entry':
kernel/kernel/kthread.c:28:18: warning: conversion to 'uint64_t' {aka 'long long unsigned int'} from 'int' may change the sign of the result [-Wsign-conversion]
   28 |     kt->result = ret;
      |                  ^~~
kernel/kernel/kthread.c: In function 'kthread_create':
kernel/kernel/kthread.c:49:44: warning: ISO C forbids passing argument 2 of 'process_create_ex' between function pointer and 'void *' [-Wpedantic]
   49 |     uint64_t pid = process_create_ex(name, kthread_entry, NULL,
      |                                            ^~~~~~~~~~~~~
In file included from kernel/kernel/kthread.h:7,
                 from kernel/kernel/kthread.c:3:
kernel/arch/x86_64/include/arch/process.h:107:52: note: expected 'void *' but argument is of type 'void (*)(void)'
  107 | uint64_t process_create_ex(const char* name, void* entry, void* arg,
      |                                              ~~~~~~^~~~~
kernel/kernel/kthread.c: At top level:
kernel/kernel/kthread.c:13:13: warning: '__kthread_wrapper' declared 'static' but never defined [-Wunused-function]
   13 | static void __kthread_wrapper(void);
      |             ^~~~~~~~~~~~~~~~~
In file included from include/kapi.h:23,
                 from kernel/kernel/kernel.c:35:
include/kapi_bitmap.h: In function 'kapi_bitmap_set_all':
include/kapi_bitmap.h:33:26: warning: conversion from 'long long unsigned int' to 'unsigned int' may change value [-Wconversion]
   33 |     unsigned int longs = (nbits + KAPI_BITS_PER_LONG - 1) / KAPI_BITS_PER_LONG;
      |                          ^
include/kapi_bitmap.h: In function 'kapi_bitmap_clear_all':
include/kapi_bitmap.h:41:26: warning: conversion from 'long long unsigned int' to 'unsigned int' may change value [-Wconversion]
   41 |     unsigned int longs = (nbits + KAPI_BITS_PER_LONG - 1) / KAPI_BITS_PER_LONG;
      |                          ^
include/kapi_bitmap.h: In function 'kapi_bitmap_find_first':
include/kapi_bitmap.h:49:26: warning: conversion from 'long long unsigned int' to 'unsigned int' may change value [-Wconversion]
   49 |     unsigned int longs = (nbits + KAPI_BITS_PER_LONG - 1) / KAPI_BITS_PER_LONG;
      |                          ^
include/kapi_bitmap.h:56:35: warning: conversion to 'int' from 'unsigned int' may change the sign of the result [-Wsign-conversion]
   56 |                     return offset + j;
      |                            ~~~~~~~^~~
include/kapi_bitmap.h: In function 'kapi_bitmap_find_first_zero':
include/kapi_bitmap.h:66:26: warning: conversion from 'long long unsigned int' to 'unsigned int' may change value [-Wconversion]
   66 |     unsigned int longs = (nbits + KAPI_BITS_PER_LONG - 1) / KAPI_BITS_PER_LONG;
      |                          ^
include/kapi_bitmap.h:73:35: warning: conversion to 'int' from 'unsigned int' may change the sign of the result [-Wsign-conversion]
   73 |                     return offset + j;
      |                            ~~~~~~~^~~
include/kapi_bitmap.h: In function 'kapi_bitmap_count':
include/kapi_bitmap.h:84:26: warning: conversion from 'long long unsigned int' to 'unsigned int' may change value [-Wconversion]
   84 |     unsigned int longs = (nbits + KAPI_BITS_PER_LONG - 1) / KAPI_BITS_PER_LONG;
      |                          ^
In file included from include/kapi.h:59:
include/kapi_netlink.h: In function 'kapi_nlmsg_next':
include/kapi_netlink.h:19:37: warning: conversion to 'int' from 'uint32_t' {aka 'unsigned int'} may change the sign of the result [-Wsign-conversion]
   19 | #define KAPI_NLMSG_ALIGNTO          4
      |                                     ^
include/kapi_netlink.h:75:18: note: in expansion of macro 'KAPI_NLMSG_ALIGNTO'
   75 |     int totlen = KAPI_NLMSG_ALIGNTO * ((nlh->nlmsg_len + KAPI_NLMSG_ALIGNTO - 1) / KAPI_NLMSG_ALIGNTO);
      |                  ^~~~~~~~~~~~~~~~~~
kernel/kernel/kernel.c: In function 'kernel_main':
kernel/kernel/kernel.c:115:29: warning: ISO C forbids passing argument 2 of 'drivers_register' between function pointer and 'void *' [-Wpedantic]
  115 |     drivers_register("PCI", pci_init);
      |                             ^~~~~~~~
In file included from kernel/kernel/kernel.c:2:
kernel/arch/x86_64/include/arch/drivers.h:7:47: note: expected 'void *' but argument is of type 'void (*)(void)'
    7 | void drivers_register(const char* name, void* init_func);
      |                                         ~~~~~~^~~~~~~~~
kernel/kernel/kernel.c:116:30: warning: ISO C forbids passing argument 2 of 'drivers_register' between function pointer and 'void *' [-Wpedantic]
  116 |     drivers_register("ACPI", acpi_init);
      |                              ^~~~~~~~~
kernel/arch/x86_64/include/arch/drivers.h:7:47: note: expected 'void *' but argument is of type 'void (*)(void)'
    7 | void drivers_register(const char* name, void* init_func);
      |                                         ~~~~~~^~~~~~~~~
kernel/kernel/kernel.c:117:32: warning: ISO C forbids passing argument 2 of 'drivers_register' between function pointer and 'void *' [-Wpedantic]
  117 |     drivers_register("SMBIOS", smbios_init);
      |                                ^~~~~~~~~~~
kernel/arch/x86_64/include/arch/drivers.h:7:47: note: expected 'void *' but argument is of type 'void (*)(void)'
    7 | void drivers_register(const char* name, void* init_func);
      |                                         ~~~~~~^~~~~~~~~
kernel/kernel/kernel.c:118:29: warning: ISO C forbids passing argument 2 of 'drivers_register' between function pointer and 'void *' [-Wpedantic]
  118 |     drivers_register("RTC", rtc_init);
      |                             ^~~~~~~~
kernel/arch/x86_64/include/arch/drivers.h:7:47: note: expected 'void *' but argument is of type 'void (*)(void)'
    7 | void drivers_register(const char* name, void* init_func);
      |                                         ~~~~~~^~~~~~~~~
kernel/kernel/kernel.c:119:29: warning: ISO C forbids passing argument 2 of 'drivers_register' between function pointer and 'void *' [-Wpedantic]
  119 |     drivers_register("PIT", pit_init);
      |                             ^~~~~~~~
kernel/arch/x86_64/include/arch/drivers.h:7:47: note: expected 'void *' but argument is of type 'void (*)(void)'
    7 | void drivers_register(const char* name, void* init_func);
      |                                         ~~~~~~^~~~~~~~~
kernel/kernel/kernel.c:120:29: warning: ISO C forbids passing argument 2 of 'drivers_register' between function pointer and 'void *' [-Wpedantic]
  120 |     drivers_register("PIC", pic_init);
      |                             ^~~~~~~~
kernel/arch/x86_64/include/arch/drivers.h:7:47: note: expected 'void *' but argument is of type 'void (*)(void)'
    7 | void drivers_register(const char* name, void* init_func);
      |                                         ~~~~~~^~~~~~~~~
kernel/kernel/kernel.c:121:29: warning: ISO C forbids passing argument 2 of 'drivers_register' between function pointer and 'void *' [-Wpedantic]
  121 |     drivers_register("IDT", idt_init);
      |                             ^~~~~~~~
kernel/arch/x86_64/include/arch/drivers.h:7:47: note: expected 'void *' but argument is of type 'void (*)(void)'
    7 | void drivers_register(const char* name, void* init_func);
      |                                         ~~~~~~^~~~~~~~~
kernel/kernel/kernel.c:122:29: warning: ISO C forbids passing argument 2 of 'drivers_register' between function pointer and 'void *' [-Wpedantic]
  122 |     drivers_register("GDT", gdt_init);
      |                             ^~~~~~~~
kernel/arch/x86_64/include/arch/drivers.h:7:47: note: expected 'void *' but argument is of type 'void (*)(void)'
    7 | void drivers_register(const char* name, void* init_func);
      |                                         ~~~~~~^~~~~~~~~
kernel/kernel/kernel.c:123:30: warning: ISO C forbids passing argument 2 of 'drivers_register' between function pointer and 'void *' [-Wpedantic]
  123 |     drivers_register("HPET", hpet_init);
      |                              ^~~~~~~~~
kernel/arch/x86_64/include/arch/drivers.h:7:47: note: expected 'void *' but argument is of type 'void (*)(void)'
    7 | void drivers_register(const char* name, void* init_func);
      |                                         ~~~~~~^~~~~~~~~
kernel/kernel/kernel.c:124:30: warning: ISO C forbids passing argument 2 of 'drivers_register' between function pointer and 'void *' [-Wpedantic]
  124 |     drivers_register("AHCI", ahci_init);
      |                              ^~~~~~~~~
kernel/arch/x86_64/include/arch/drivers.h:7:47: note: expected 'void *' but argument is of type 'void (*)(void)'
    7 | void drivers_register(const char* name, void* init_func);
      |                                         ~~~~~~^~~~~~~~~
kernel/kernel/kernel.c:125:30: warning: ISO C forbids passing argument 2 of 'drivers_register' between function pointer and 'void *' [-Wpedantic]
  125 |     drivers_register("SATA", sata_init);
      |                              ^~~~~~~~~
kernel/arch/x86_64/include/arch/drivers.h:7:47: note: expected 'void *' but argument is of type 'void (*)(void)'
    7 | void drivers_register(const char* name, void* init_func);
      |                                         ~~~~~~^~~~~~~~~
kernel/kernel/kernel.c:126:30: warning: ISO C forbids passing argument 2 of 'drivers_register' between function pointer and 'void *' [-Wpedantic]
  126 |     drivers_register("EHCI", ehci_init);
      |                              ^~~~~~~~~
kernel/arch/x86_64/include/arch/drivers.h:7:47: note: expected 'void *' but argument is of type 'void (*)(void)'
    7 | void drivers_register(const char* name, void* init_func);
      |                                         ~~~~~~^~~~~~~~~
kernel/kernel/kernel.c:127:30: warning: ISO C forbids passing argument 2 of 'drivers_register' between function pointer and 'void *' [-Wpedantic]
  127 |     drivers_register("XHCI", xhci_init);
      |                              ^~~~~~~~~
kernel/arch/x86_64/include/arch/drivers.h:7:47: note: expected 'void *' but argument is of type 'void (*)(void)'
    7 | void drivers_register(const char* name, void* init_func);
      |                                         ~~~~~~^~~~~~~~~
kernel/kernel/kernel.c:128:33: warning: ISO C forbids passing argument 2 of 'drivers_register' between function pointer and 'void *' [-Wpedantic]
  128 |     drivers_register("NETWORK", network_init);
      |                                 ^~~~~~~~~~~~
kernel/arch/x86_64/include/arch/drivers.h:7:47: note: expected 'void *' but argument is of type 'void (*)(void)'
    7 | void drivers_register(const char* name, void* init_func);
      |                                         ~~~~~~^~~~~~~~~
kernel/kernel/kernel.c:129:31: warning: ISO C forbids passing argument 2 of 'drivers_register' between function pointer and 'void *' [-Wpedantic]
  129 |     drivers_register("SOUND", sound_init);
      |                               ^~~~~~~~~~
kernel/arch/x86_64/include/arch/drivers.h:7:47: note: expected 'void *' but argument is of type 'void (*)(void)'
    7 | void drivers_register(const char* name, void* init_func);
      |                                         ~~~~~~^~~~~~~~~
kernel/kernel/kernel.c:130:30: warning: ISO C forbids passing argument 2 of 'drivers_register' between function pointer and 'void *' [-Wpedantic]
  130 |     drivers_register("AC97", ac97_init);
      |                              ^~~~~~~~~
kernel/arch/x86_64/include/arch/drivers.h:7:47: note: expected 'void *' but argument is of type 'void (*)(void)'
    7 | void drivers_register(const char* name, void* init_func);
      |                                         ~~~~~~^~~~~~~~~
kernel/kernel/kernel.c:131:29: warning: ISO C forbids passing argument 2 of 'drivers_register' between function pointer and 'void *' [-Wpedantic]
  131 |     drivers_register("HDA", hda_init);
      |                             ^~~~~~~~
kernel/arch/x86_64/include/arch/drivers.h:7:47: note: expected 'void *' but argument is of type 'void (*)(void)'
    7 | void drivers_register(const char* name, void* init_func);
      |                                         ~~~~~~^~~~~~~~~
kernel/kernel/kernel.c:132:34: warning: ISO C forbids passing argument 2 of 'drivers_register' between function pointer and 'void *' [-Wpedantic]
  132 |     drivers_register("USERMODE", usermode_init);
      |                                  ^~~~~~~~~~~~~
kernel/arch/x86_64/include/arch/drivers.h:7:47: note: expected 'void *' but argument is of type 'void (*)(void)'
    7 | void drivers_register(const char* name, void* init_func);
      |                                         ~~~~~~^~~~~~~~~
kernel/kernel/kernel.c:133:31: warning: ISO C forbids passing argument 2 of 'drivers_register' between function pointer and 'void *' [-Wpedantic]
  133 |     drivers_register("SHELL", shell_init);
      |                               ^~~~~~~~~~
kernel/arch/x86_64/include/arch/drivers.h:7:47: note: expected 'void *' but argument is of type 'void (*)(void)'
    7 | void drivers_register(const char* name, void* init_func);
      |                                         ~~~~~~^~~~~~~~~
kernel/kernel/kernel.c:169:37: warning: ISO C forbids conversion of function pointer to object pointer type [-Wpedantic]
  169 |     usermode_create_process("init", (void*)init_main, &pid);
      |                                     ^
kernel/kernel/kernel.c:56:71: warning: unused parameter 'mmi' [-Wunused-parameter]
   56 | void kernel_main(struct FrameBufferConfig *fbc, struct MemoryMapInfo *mmi)
      |                                                 ~~~~~~~~~~~~~~~~~~~~~~^~~
FAILED TASK run kernel: 
